available,assessed,norm,se,source
2013-02,FY2012/13,-3.4,0.7,IMF Country Report 13/37 (2013 Article IV): EBA CA regression norm
2014-07,2013,-3.9,0.7,IMF EBA individual country estimates (Spring 2014; 2014 Pilot External Sector Report)
2015-07,2014,-4.2,0.7,IMF EBA individual country estimates (Spring 2015; 2015 External Sector Report)
2016-03,FY2015/16,-3.9,0.7,IMF Country Report 16/75 (2016 Article IV): EBA CA regression norm
2016-07,2015,-4.2,0.7,IMF EBA estimates: analysis of 2015 current accounts (computed June 2016)
2018-07,2017,-3.0,0.7,IMF EBA estimates: analysis of 2017 current accounts (computed June 2018)
2019-07,2018,-3.4,0.7,IMF EBA estimates: analysis of 2018 current accounts (computed June 2019)
2020-08,2019,-3.0,0.7,IMF EBA estimates: analysis of 2019 current accounts (computed June 2020)
2021-08,2020,-2.4,0.7,IMF EBA estimates: analysis of 2020 current accounts (computed June 2021)
2022-07,2021,-1.9,0.7,IMF EBA estimates: analysis of 2021 current accounts (2022 External Sector Report)
2023-07,2022,-2.3,0.7,IMF EBA estimates: analysis of 2022 current accounts (2023 External Sector Report)
2024-07,2023,-2.2,0.7,IMF EBA estimates: analysis of 2023 current accounts (2024 External Sector Report)
2025-02,FY2024/25,-2.2,0.7,IMF Country Report 25/54 (2024 Article IV): norm -2.2 percent of GDP with standard error 0.7
2025-07,2024,-2.0,0.7,IMF EBA estimates: analysis of 2024 current accounts (2025 External Sector Report)
2025-11,FY2024/25,-2.0,0.7,IMF Country Report 25/314 (2025 Article IV): norm -2.0 percent of GDP with standard error 0.7
