analysis_year,published,ca_actual,ca_cyc_adj,ca_norm,ca_gap,reer_gap_index,reer_gap_level,elasticity,source
2017,2018-07,-1.9,-2.1,-3.0,0.9,10.9,8.8,0.18,"IMF EBA estimates: analysis of 2017 (ESR 2018), Table 1, REER-index, REER-level and external-sustainability tables"
2018,2019-07,-2.5,-2.5,-3.4,0.9,5.4,2.5,0.18,"IMF EBA estimates: analysis of 2018 (ESR 2019), Table 1, REER-index, REER-level and external-sustainability tables"
2019,2020-08,-0.9,-1.4,-3.0,1.6,13.4,10.2,0.15,"IMF EBA estimates: analysis of 2019 (ESR 2020), Table 1, REER-index, REER-level and external-sustainability tables"
2020,2021-08,1.0,-0.8,-2.4,1.7,10.9,6.6,0.17,"IMF EBA estimates: analysis of 2020 (ESR 2021), Table 1, REER-index, REER-level and external-sustainability tables"
2021,2022-07,-1.2,-1.6,-1.9,0.3,10.1,8.5,0.16,"IMF EBA estimates: analysis of 2021 (ESR 2022), Table 1, REER-index, REER-level and external-sustainability tables"
2022,2023-07,-2.0,-0.9,-2.3,1.5,12.5,10.6,0.19,"IMF EBA estimates: analysis of 2022 (ESR 2023), Table 1, REER-index, REER-level and external-sustainability tables"
2023,2024-07,-0.8,-0.5,-2.2,1.7,5.9,5.2,0.18,"IMF EBA estimates: analysis of 2023 (ESR 2024), Table 1, REER-index, REER-level and external-sustainability tables"
2024,2025-07,-0.8,-0.6,-2.0,1.4,5.4,4.1,0.18,"IMF EBA estimates: analysis of 2024 (ESR 2025), Table 1, REER-index, REER-level and external-sustainability tables"
2025,2026-07,-0.9,-0.7,-2.3,1.6,0.8,-5.6,0.18,"IMF EBA estimates: analysis of 2025 (ESR 2026), Table 1, REER-index, REER-level and external-sustainability tables"
