effective_date,repo_rate
2008-06-12,8.0
2008-06-25,8.5
2008-07-30,9.0
2008-10-20,8.0
2008-11-03,7.5
2008-12-08,6.5
2009-01-05,5.5
2009-03-05,5.0
2009-04-21,4.75
2010-03-19,5.0
2010-04-20,5.25
2010-07-02,5.5
2010-07-27,5.75
2010-09-16,6.0
2010-11-02,6.25
2011-01-25,6.5
2011-03-17,6.75
2011-05-03,7.25
2011-06-16,7.5
2011-07-26,8.0
2011-09-16,8.25
2011-10-25,8.5
2012-04-17,8.0
2013-01-29,7.75
2013-03-19,7.5
2013-05-03,7.25
2013-09-20,7.5
2013-10-29,7.75
2014-01-28,8.0
2015-01-15,7.75
2015-03-04,7.5
2015-06-02,7.25
2015-09-29,6.75
2016-04-05,6.5
2016-10-04,6.25
2017-08-02,6.0
2018-06-06,6.25
2018-08-01,6.5
2019-02-07,6.25
2019-04-04,6.0
2019-06-06,5.75
2019-08-07,5.4
2019-10-04,5.15
2020-03-27,4.4
2020-04-17,4.4
2020-05-22,4.0
2022-05-04,4.4
2022-06-08,4.9
2022-08-05,5.4
2022-09-30,5.9
2022-12-07,6.25
2023-02-08,6.5
2025-02-07,6.25
2025-04-09,6.0
2025-06-06,5.5
2025-12-05,5.25
