,inr_usd,beer_inr_usd,beer_misalignment
2004-06-01,45.51591,44.33495012054739,2.663722133985852
2004-07-01,46.04364,44.90349849147084,2.539092825352405
2004-08-01,46.34238,43.17536432147859,7.3352378799636515
2004-09-01,46.0981,42.45825848058256,8.572752745103886
2004-10-01,45.78368,40.79105001222278,12.239523097054878
2004-11-01,45.12684,38.93220973652737,15.911324595738638
2004-12-01,43.98043,38.45063249526531,14.381551474909054
2005-01-01,43.75684,39.66862347492306,10.305919810051757
2005-02-01,43.677,39.53229648849929,10.484347937404756
2005-03-01,43.69,40.597070029149634,7.6186039254300075
2005-04-01,43.74118,40.35346842290467,8.395093927471331
2005-05-01,43.49143,41.98325383879052,3.592327948187763
2005-06-01,43.58591,42.93849605914221,1.5077704164721084
2005-07-01,43.53737,43.7586473822033,-0.505676924313001
2005-08-01,43.62591,43.44346473365471,0.41996021142382284
2005-09-01,43.9165,43.942013947049006,-0.05806276216595638
2005-10-01,44.8225,43.21544231227246,3.7187116496807495
2005-11-01,45.7285,42.445482992704775,7.734667568418252
2005-12-01,45.64545,42.623365613811046,7.0902059062405876
2006-01-01,44.3985,56.77976265373724,-21.805766834994518
2006-02-01,44.33105,56.55697432111035,-21.61700562638997
2006-03-01,44.4819,57.3639774047971,-22.456736766861326
2006-04-01,44.94941,55.0166353516019,-18.2985115088627
2006-05-01,45.40909,52.23526404693055,-13.068133513784112
2006-06-01,46.05545,52.01636462529618,-11.459690941948896
2006-07-01,46.45619,52.23869509425463,-11.069390389291344
2006-08-01,46.53909,52.619258314587654,-11.555024736831088
2006-09-01,46.12095,51.03993247845166,-9.63751760551091
2006-10-01,45.46842,49.793492232353444,-8.686019072876386
2006-11-01,44.85045,50.8656940777981,-11.825738716152975
2006-12-01,44.6345,50.454495823979386,-11.53513820509396
2007-01-01,44.333,50.43079113089634,-12.091404862297587
2007-02-01,44.16056,49.31405272155688,-10.450353270811405
2007-03-01,44.0255,50.11158659588581,-12.145068654412713
2007-04-01,42.15105,48.743874006270886,-13.525441177331787
2007-05-01,40.77952,48.4664802702203,-15.860364167899919
2007-06-01,40.7719,49.273697844962896,-17.254231398896334
2007-07-01,40.41636,48.66457418503601,-16.949114059179983
2007-08-01,40.81762,47.48859746641624,-14.047535244926806
2007-09-01,40.34,47.598504796051934,-15.249438668615465
2007-10-01,39.51318,47.36072979271292,-16.569740008356813
2007-11-01,39.44,48.40872051093784,-18.52707614718175
2007-12-01,39.44,47.842896167312574,-17.56351901842773
2008-01-01,39.37478,45.45433292190611,-13.375078966291786
2008-02-01,39.72952,45.56278014738882,-12.802687036478218
2008-03-01,40.35667,43.73026430259321,-7.714552739149936
2008-04-01,40.02778,45.32792750286614,-11.692896178699112
2008-05-01,42.1255,45.403092859685856,-7.218875748872344
2008-06-01,42.82,45.60412379517157,-6.1049825399043005
2008-07-01,42.83652,45.11654088078083,-5.053625203239144
2008-08-01,42.93895,47.23374706389671,-9.092645260785277
2008-09-01,45.564,47.39734161615786,-3.8680262513559818
2008-10-01,48.64222,50.00664891312118,-2.728494995718799
2008-11-01,49.00333,49.522916944270314,-1.0491848548723877
2008-12-01,48.6419,46.957241625112175,3.5876433891442403
2009-01-01,48.8345,50.38609769977788,-3.079416288641697
2009-02-01,49.22222,53.39182182819072,-7.8094391339708595
2009-03-01,51.23158,52.17980762541471,-1.8172309722216482
2009-04-01,50.06188,50.882362059695616,-1.6125078052253499
2009-05-01,48.534,48.70445957472989,-0.3499876114390392
2009-06-01,47.77364,49.550358196314924,-3.5856818416442024
2009-07-01,48.47652,45.9457154709324,5.508249252683241
2009-08-01,48.337,45.91017855295564,5.286020493789008
2009-09-01,48.43895,45.296850397872916,6.936684503509391
2009-10-01,46.72105,45.78811576835436,2.0375029983007513
2009-11-01,46.569,45.25459760768377,2.904461561476927
2009-12-01,46.63,45.982268726158516,1.408654448302599
2010-01-01,45.963,44.833745712356844,2.5187596300523194
2010-02-01,46.32579,45.62200355214367,1.542646953354291
2010-03-01,45.498,45.62798799526904,-0.2848865378033286
2010-04-01,44.49895,46.92017663629342,-5.1603101477255855
2010-05-01,45.8045,47.98102669620482,-4.536223682718699
2010-06-01,46.56455,46.92087534990547,-0.7594175241792311
2010-07-01,46.83636,47.10972928319978,-0.580282008322372
2010-08-01,46.56714,49.580125851768024,-6.077003234675289
2010-09-01,46.059,47.635959452510704,-3.3104391527640185
2010-10-01,44.4107,47.103280753686704,-5.716333789501406
2010-11-01,45.01825,50.15553040578117,-10.242699786480618
2010-12-01,45.1568,47.75872081401281,-5.448053820673917
2011-01-01,45.39338,46.34689589498955,-2.0573457543952425
2011-02-01,45.43579,46.08023793077029,-1.398534295197199
2011-03-01,44.99136,45.98394621432818,-2.158549441802576
2011-04-01,44.37,44.45157813410406,-0.1835213450869028
2011-05-01,44.90452,45.777508841580016,-1.9070256631944025
2011-06-01,44.85364,45.36772494382926,-1.1331512533761832
2011-07-01,44.4174,44.7428774435419,-0.7274396778629136
2011-08-01,45.2788,45.010271708029116,0.5965933592064497
2011-09-01,47.632,48.15155343293003,-1.0789962023836137
2011-10-01,49.25792,46.42308048805401,6.1065303770082044
2011-11-01,50.85644,48.80999173386956,4.192683082776261
2011-12-01,52.6769,51.32231490264469,2.639368664341967
2012-01-01,51.3392,50.78627946559804,1.0887203004829227
2012-02-01,49.1671,52.15245281097237,-5.724280738612323
2012-03-01,50.3213,52.316236485529565,-3.813226293679123
2012-04-01,51.8121,49.99379703960403,3.6370571312187927
2012-05-01,54.47353,52.06378716458046,4.628443235990541
2012-06-01,56.03021,50.16298202522459,11.696330118143797
2012-07-01,55.49475,50.73182314139442,9.388440161771538
2012-08-01,55.55979,50.6569495352617,9.678515010710402
2012-09-01,54.60552,50.80682388601669,7.476743916339962
2012-10-01,53.02393,50.84068629356951,4.294284490621898
2012-11-01,54.77581,50.767734302664365,7.894927265102088
2012-12-01,54.6478,49.62313416757795,10.125651909558322
2013-01-01,54.3168,49.65178807281965,9.395456051529532
2013-02-01,53.77372,50.9530621297769,5.535796578896297
2013-03-01,54.40462,50.518194934243496,7.693119421260462
2013-04-01,54.37571,49.4428635700053,9.9768623292022
2013-05-01,55.01081,51.04657997225356,7.765907196723466
2013-06-01,58.3973,51.18153462234384,14.098376359559259
2013-07-01,59.7754,52.14785149206331,14.626774238431606
2013-08-01,63.2088,52.52908049839395,20.33106119558398
2013-09-01,63.75214,50.30253980028444,26.737417738973697
2013-10-01,61.61556,49.94528465044059,23.36612040803828
2013-11-01,62.63296,51.207559615513745,22.31194079599301
2013-12-01,61.91031,52.97126641431564,16.875268783962007
2014-01-01,62.07597,55.33656103726446,12.178944329766212
2014-02-01,62.25401,54.735957413463375,13.735125759739455
2014-03-01,61.01399,55.00521894167041,10.924001711004038
2014-04-01,60.35662,54.97824403205159,9.782735084832622
2014-05-01,59.30502,55.47604171649615,6.90203944807634
2014-06-01,59.7307,55.01880641871429,8.56415085675684
2014-07-01,60.05857,55.247794588818365,8.70763339421207
2014-08-01,60.89517,55.50171910494403,9.717628538420403
2014-09-01,60.86492,58.0012148385962,4.937319277488965
2014-10-01,61.34199,58.84929188450919,4.235731706649404
2014-11-01,61.70418,60.706865504660186,1.6428364189932612
2014-12-01,62.75295,59.324407546095784,5.779311746586251
2015-01-01,62.22593,60.26187715097758,3.2591962645002908
2015-02-01,62.03761,62.67821036999363,-1.022046363819454
2015-03-01,62.44984,63.88319537499681,-2.243712711274
2015-04-01,62.75316,62.70344364548955,0.07928807673073879
2015-05-01,63.80033,64.05238075022908,-0.3935072315452891
2015-06-01,63.86074,62.53550550044653,2.1191713234715985
2015-07-01,63.63498,66.00552637199378,-3.5914362058623137
2015-08-01,65.07233,65.96453525541683,-1.3525529316051306
2015-09-01,66.21781,66.02175843176057,0.2969499342282179
2015-10-01,65.05801,64.12927230358667,1.4482274054455135
2015-11-01,66.11709,65.93792713832295,0.27171442817911645
2015-12-01,66.59551,66.45861262085072,0.20598892115051307
2016-01-01,67.25233,68.50240616173038,-1.8248646022433375
2016-02-01,68.23767,67.46594963160817,1.1438664579773
2016-03-01,67.02185,64.25912035365339,4.2993580228639745
2016-04-01,66.46953,63.87876077601183,4.055759993642641
2016-05-01,66.90673,67.55025200952767,-0.9526567116831866
2016-06-01,67.29686,66.96682307558264,0.49283646626756933
2016-07-01,67.20763,65.61212310743836,2.4317257497505818
2016-08-01,66.93964,68.31654789361295,-2.0154822456151673
2016-09-01,66.73773,69.87398456289156,-4.4884438500408015
2016-10-01,66.74769,71.49039457015026,-6.634044473620094
2016-11-01,67.62566,76.02643438075849,-11.049807148241904
2016-12-01,67.90043,77.57386238777406,-12.469963580540535
2017-01-01,68.08037,76.294314678988,-10.766129446930046
2017-02-01,67.07545,75.96288157416984,-11.699703052328507
2017-03-01,65.87666,75.02084879269542,-12.188863415773247
2017-04-01,64.50709,74.55072712046982,-13.472218861446988
2017-05-01,64.42484,73.693811724747,-12.5776798727245
2017-06-01,64.44299,70.92222344526351,-9.135688547982527
2017-07-01,64.45588,68.66358591276024,-6.128001992360697
2017-08-01,63.96839,67.03131791157094,-4.569398315592742
2017-09-01,64.44095,67.84735218573189,-5.020685518289465
2017-10-01,65.08128,69.44638944162833,-6.285581549631631
2017-11-01,64.86261,68.22694971181481,-4.931100871467228
2017-12-01,64.24232,68.13858785488193,-5.7181517515156
2018-01-01,63.6369,63.906245926464614,-0.4214704252453609
2018-02-01,64.37384,64.92883700302275,-0.8547773664834174
2018-03-01,65.02133,64.89228169292088,0.19886541775461872
2018-04-01,65.63635,67.4598246867764,-2.703052809939852
2018-05-01,67.53936,70.70269245208617,-4.4741329394632245
2018-06-01,67.79307,71.806027560307,-5.588608222250811
2018-07-01,68.69336,69.73425164268735,-1.4926547832201602
2018-08-01,69.54651,71.88321176856442,-3.2506919363699023
2018-09-01,72.21528,71.39596110633072,1.1475703680899692
2018-10-01,73.6323,72.84073976477113,1.0866998849614973
2018-11-01,71.85424,71.49133070349215,0.5076269988776754
2018-12-01,70.73107,69.14441691938165,2.294694425535893
2019-01-01,70.73287,67.41379626133136,4.923433959722685
2019-02-01,71.221768,68.07724057512209,4.619058290719017
2019-03-01,69.47865,69.6299283010718,-0.2172604579135687
2019-04-01,69.42741,69.95217780603613,-0.750180798503826
2019-05-01,69.77312,69.99405614188727,-0.3156498623817395
2019-06-01,69.43886,67.20682435485058,3.3211443429677967
2019-07-01,68.8083,69.63139302050088,-1.1820717420640174
2019-08-01,71.1457,70.97037968308011,0.24703308296051252
2019-09-01,71.33366,70.41892855543875,1.298985178169957
2019-10-01,71.03945,68.27232510233776,4.053069664046774
2019-11-01,71.4517,70.49441815560697,1.3579541039404939
2019-12-01,71.1926,67.46929012961162,5.518525336839511
2020-01-01,71.31378,69.623398373026,2.4278930165363595
2020-02-01,71.48852,69.52858207323816,2.8188952921509776
2020-03-01,74.3507,65.9728831614066,12.698879353349732
2020-04-01,76.236488,67.12362354745342,13.576240332294015
2020-05-01,75.65988,69.77595554572899,8.432596025739654
2020-06-01,75.72684,72.38829155526713,4.612000605351964
2020-07-01,74.99339,69.89561551602375,7.293410961961662
2020-08-01,74.67192,69.17178242355067,7.951418025880913
2020-09-01,73.481741,69.27680334257481,6.069762827582722
2020-10-01,73.45811,67.06582084825654,9.531366455957789
2020-11-01,74.21979,67.27498860057189,10.323006430608416
2020-12-01,73.59365,68.55981066452334,7.3422596805411615
2021-01-01,73.109395,69.1502552908388,5.725415896889282
2021-02-01,72.75646,69.87170580450241,4.128644294972549
2021-03-01,72.7928,70.22291809464319,3.659605688691605
2021-04-01,74.472212,70.15170318475583,6.158808153047133
2021-05-01,73.26774,69.12195599850072,5.997781662297292
2021-06-01,73.55826,71.85546720987968,2.3697470161132066
2021-07-01,74.52697,72.1010233942562,3.3646493371924344
2021-08-01,74.18459,72.79902874895329,1.903268868908682
2021-09-01,73.56341,74.96317118227289,-1.867265165276112
2021-10-01,74.91528,75.96430020768115,-1.38093842082821
2021-11-01,74.49651,76.83580758337477,-3.0445408943432963
2021-12-01,75.37252,75.94475419714493,-0.7534874570262936
2022-01-01,74.4416,76.67918492347302,-2.918112556499089
2022-02-01,75.00313,77.32073285602155,-2.9973886309861353
2022-03-01,76.24447,78.04855833816846,-2.3114947624678845
2022-04-01,76.16783,80.96856180014595,-5.929130632202115
2022-05-01,77.31928,80.3128251505066,-3.7273563031765775
2022-06-01,78.07458,84.5272962553388,-7.633884604384518
2022-07-01,79.60155,85.2504555941781,-6.626246809833914
2022-08-01,79.55505,87.1633072290945,-8.728738583883061
2022-09-01,80.23155,90.8341007325044,-11.67243430275998
2022-10-01,82.340117,91.48985535324861,-10.000822843058216
2022-11-01,81.81052,85.25997738144758,-4.045810809935991
2022-12-01,82.46421,81.88727615165669,0.7045463904243315
2023-01-01,81.89959,77.8742426055339,5.169035691115743
2023-02-01,82.60855,79.36071632350178,4.092495414556142
2023-03-01,82.28857,76.23742744183188,7.9372334051867925
2023-04-01,82.02078,77.5864171254387,5.715385551818943
2023-05-01,82.34332,78.93151072125735,4.32249332055899
2023-06-01,82.233657,75.92590377448364,8.307774964723162
2023-07-01,82.151943,73.77629652683565,11.352760801862377
2023-08-01,82.78539,76.94742154304167,7.586957873166397
2023-09-01,83.0475,80.96021938888437,2.5781558237751137
2023-10-01,83.23534,80.75527378103557,3.071088862492147
2023-11-01,83.29801,76.04655267483749,9.53555035711948
2023-12-01,83.2787,75.15441901208018,10.81011748173309
2024-01-01,83.120981,77.67210969567468,7.015222485489864
2024-02-01,82.96364,78.34083155530094,5.900892743825182
2024-03-01,82.997627777778,78.96368130007184,5.108609947371458
2024-04-01,83.406011111111,81.59946605383445,2.213917743143933
2024-05-01,83.39294,79.62118595205862,4.737123672350741
2024-06-01,83.470915789474,82.44758410617713,1.2411906235833585
2024-07-01,83.594654545455,83.2596507184404,0.40236035597541375
2024-08-01,83.89629,81.52219881875007,2.912202094215206
2024-09-01,83.808215,78.13126213869782,7.265917260141676
2024-10-01,84.029514,80.24505865638895,4.716122596179007
2024-11-01,84.364361,83.51780314780945,1.0136256226619402
2024-12-01,84.986229,86.48973211522299,-1.7383602405196572
2025-01-01,86.265748,86.9480113802881,-0.7846796832466335
2025-02-01,87.05475,86.17105108338833,1.0255171609274
2025-03-01,86.637663,83.25871202351117,4.058375267124799
2025-04-01,85.561217,78.32358072104343,9.240686153936288
2025-05-01,85.189685,78.6520172138021,8.312142546104527
2025-06-01,85.903433,77.05922282485392,11.47715984009842
