,inr_usd,cab_pct_gdp,brent,oil_effect,cad_underlying_smooth,cad_gap,reer_adjustment_pct,feer_reer,feer_inr_usd,feer_misalignment
2004-09-01,46.0981,-2.498755557686424,47.76,1.0170792294072895,-1.758526455498755,0.741473544501245,2.7772959634615333,91.56326520088824,44.85241567007989,2.777295963461517
2004-10-01,45.78368,-3.245561959125886,48.16,0.9966140114622097,-2.1133335290829467,0.3866664709170533,1.4483149626143474,90.3613329652951,45.13005466564148,1.4483149626143383
2004-11-01,45.12684,-3.245561959125886,44.23,1.2054920410578487,-2.405548587970545,0.09445141202945484,0.35378136862468534,88.66798494337382,44.96775246987232,0.3537813686246923
2004-12-01,43.98043,-3.245561959125886,40.38,1.4289532153056026,-2.6576559864662053,-0.15765598646620527,-0.5905232062226365,88.273826022292,44.241687431105156,-0.5905232062226321
2005-01-01,43.75684,2.0019893123220345,44.51,1.1900073307976609,-2.3106921896671477,0.18930781033285227,0.7090796716730186,90.4900286483087,43.44875371977778,0.7090796716730214
2005-02-01,43.677,2.0019893123220345,50.13,0.8982405189662556,-2.0002884639377907,0.4997115360622093,1.871741537230808,91.77615007914969,42.8745001714116,1.8717415372308022
2005-03-01,43.69,2.0019893123220345,53.22,0.7514694385078318,-1.7293877691251245,0.7706122308748755,2.886439110437183,91.7504224868799,42.464294009732065,2.886439110437166
2005-04-01,43.74118,-2.337441978390608,50.61,0.8748572291311534,-2.0196933009290334,0.48030669907096657,1.7990579251895196,91.59706173710082,42.9681579491086,1.7990579251895427
2005-05-01,43.49143,-2.337441978390608,49.3,0.9392074825758672,-2.325384969245033,0.1746150307549672,0.6540457494025501,90.93911856176173,43.20882451986104,0.6540457494025588
2005-06-01,43.58591,-2.337441978390608,55.36,0.6547345325545475,-2.5853345573147632,-0.08533455731476325,-0.3196328760906598,91.3053223585256,43.7256716217947,-0.31963287609067076
2005-07-01,43.53737,-2.283808557943597,59.77,0.4666618757957271,-2.4926778344179366,0.007322165582063445,0.02742622587909153,93.67858545589633,43.52543261653574,0.027426225879095108
2005-08-01,43.62591,-2.283808557943597,66.8,0.1938050820200301,-2.3688782113949185,0.1311217886050815,0.49113554612350413,93.03861244288744,43.412694824188286,0.4911355461235144
2005-09-01,43.9165,-2.283808557943597,61.7,0.38868104409726023,-2.298599445973847,0.20140055402615298,0.7543747850262132,92.44415395275726,43.58768549127726,0.7543747850262397
2005-10-01,44.8225,-2.395463587783282,58.47,0.5206203259293047,-2.1880917745675545,0.31190822543244545,1.1682971859052296,92.2329108418517,44.30488724905085,1.168297185905234
2005-11-01,45.7285,-2.395463587783282,53.25,0.7500866459055904,-2.079299794026316,0.42070020597368396,1.5757932195194944,92.5748574549582,45.019092197660044,1.5757932195194866
2005-12-01,45.64545,-2.395463587783282,58.34,0.5260820095985955,-1.9332189959388486,0.5667810040611514,2.1229598903687754,92.35622637533358,44.69655995968133,2.1229598903687785
2006-01-01,44.3985,1.9096845553357584,63.19,0.33012897525740925,-1.8692545293926839,0.6307454706073161,2.362548013318097,93.39251793091103,43.373773769507416,2.3625480133180954
2006-02-01,44.33105,1.9096845553357584,59.78,0.466251375517439,-1.8409474971874724,0.6590525028125276,2.4685760798137015,93.69839312171852,43.26306824588852,2.4685760798136958
2006-03-01,44.4819,1.9096845553357584,66.06,0.22113919580508246,-1.8044453733777663,0.6955546266222337,2.6053000423424812,93.18131104935344,43.35243889121079,2.605300042342486
2006-04-01,44.94941,-1.887563014485355,72.15,0.004756677716157252,-1.694447080434412,0.8055529195655879,3.0173144928172198,91.71889052581749,43.632869116515415,3.0173144928172113
2006-05-01,45.40909,-1.887563014485355,67.57,0.165682434915208,-1.5924967461372528,0.9075032538627472,3.399184154947261,90.49351838383168,43.916294283282646,3.3991841549472603
2006-06-01,46.05545,-1.887563014485355,73.2,-0.030695657987097134,-1.4978876499333442,1.0021123500666558,3.7535561523603365,91.58648037592918,44.38927368655042,3.7535561523603405
2006-07-01,46.45619,-2.444855678216664,74.75,-0.08211134624868122,-1.4655771414523995,1.0344228585476005,3.874579815911109,91.09416313910084,44.72334817847708,3.8745798159111007
2006-08-01,46.53909,-2.444855678216664,67.66,0.16241631172801319,-1.4763820039508202,1.0236179960491798,3.8341086470809302,90.8890064879407,44.82061877969263,3.8341086470809236
2006-09-01,46.12095,-2.444855678216664,59.09,0.49473824600656713,-1.498640697466018,1.001359302533982,3.7507355043570465,92.54741983239006,44.453612570354395,3.750735504357039
2006-10-01,45.46842,-1.5331929466317828,56.13,0.6208403823049683,-1.4351364820680317,1.0648635179319683,3.988599690335867,95.56999462520535,43.724427615526004,3.988599690335861
2006-11-01,44.85045,-1.5331929466317828,64.36,0.2851115538228771,-1.3245326709651806,1.1754673290348194,4.402882196296394,96.33306141693366,42.95901516940213,4.402882196296394
2006-12-01,44.6345,-1.5331929466317828,58.96,0.5001425599744251,-1.2505151634005416,1.2494848365994584,4.680125432429697,95.22164801885708,42.63894394052027,4.6801254324297
2007-01-01,44.333,1.3882998832947056,56.52,0.6038501944241296,-1.3167739876678561,1.1832260123321439,4.431943462154409,95.60619105628082,42.451570401029684,4.431943462154416
2007-02-01,44.16056,1.3882998832947056,59.39,0.4823119935498958,-1.3615610951739816,1.1384389048260184,4.26418689981401,95.52851626459999,42.35448557464248,4.264186899814
2007-03-01,44.0255,1.3882998832947056,68.47,0.13321520341907622,-1.397682818478569,1.102317181521431,4.128887782170391,94.91285644012163,42.279813928386474,4.128887782170397
2007-04-01,42.15105,-1.4898828015845622,67.23,0.1780605062476206,-1.3789847864477915,1.1210152135522085,4.198923954423419,98.1104766288425,40.45248108170181,4.198923954423436
2007-05-01,40.77952,-1.4898828015845622,68.18,0.1436300301520543,-1.3440070683091294,1.1559929316908706,4.329938035934507,101.50478764385944,39.08707391923711,4.329938035934508
2007-06-01,40.7719,-1.4898828015845622,72.22,0.0023771862428318717,-1.3136231209198908,1.1863768790801092,4.443745487412661,102.36374829603083,39.03718677430402,4.443745487412653
2007-07-01,40.41636,-1.3994772917796736,77.01,-0.15519937758888352,-1.2204175861051245,1.2795824138948755,4.792860243472429,103.71737111879366,38.5678565372659,4.792860243472433
2007-08-01,40.81762,-1.3994772917796736,72.29,-0.0,-1.1197680279247078,1.3802319720752922,5.169857661292221,103.7516421307297,38.811139339425885,5.169857661292232
2007-09-01,40.34,-1.3994772917796736,80.97,-0.2782395968161678,-0.9682383421530639,1.531761657846936,5.737433925825385,104.47228552890287,38.151105528339606,5.737433925825377
2007-10-01,39.51318,-1.1542317997271396,89.87,-0.5341316657488411,-0.840410575906526,1.659589424093474,6.216231236730951,105.89864470533311,37.20069855607514,6.216231236730943
2007-11-01,39.44,-1.1542317997271396,88.71,-0.5022534273439454,-0.7432167319005707,1.7567832680994293,6.580284779346045,104.87873053284378,37.00496774019034,6.580284779346048
2007-12-01,39.44,-1.1542317997271396,93.68,-0.6360133246695105,-0.6169569792715225,1.8830430207284774,7.053208869389177,105.41326076271902,36.8414925778815,7.05320886938918
2008-01-01,39.37478,-1.147051463841855,91.58,-0.5803820165046658,-0.7295502406221696,1.7704497593778306,6.631474590963285,103.70113503772903,36.926039099657075,6.6314745909632835
2008-02-01,39.72952,-1.147051463841855,100.9,-0.8181936479223123,-0.8324540494275322,1.667545950572468,6.246033552723422,101.88367766108215,37.39388537293928,6.246033552723414
2008-03-01,40.35667,-1.147051463841855,102.33,-0.8527253848070893,-0.9615716126700652,1.538428387329935,5.762405121385811,98.85982175113857,38.15785954723871,5.762405121385825
2008-04-01,40.02778,-1.13463220485445,111.12,-1.054934826526414,-0.8292177852113863,1.6707822147886136,6.258155446499474,99.48441055309604,37.67031324024236,6.25815544649948
2008-05-01,42.1255,-1.13463220485445,127.85,-1.3990680717411932,-0.6710553936594397,1.8289446063405603,6.85057546591381,94.92402108298397,39.424682381274,6.850575465913804
2008-06-01,42.82,-1.13463220485445,138.4,-1.5936279687501202,-0.5084507476825176,1.9915492523174825,7.45963458914331,94.42875691996002,39.84752057246072,7.4596345891433105
2008-07-01,42.83652,-4.091807045791976,124.1,-1.3260194521766762,-0.6352432209678934,1.8647567790321067,6.984715117148328,94.40053101677863,40.03985050863947,6.984715117148327
2008-08-01,42.93895,-4.091807045791976,113.49,-1.106719162524083,-0.7673774369252451,1.732622563074755,6.489787378545928,96.77163587216721,40.322129527183876,6.489787378545935
2008-09-01,45.564,-4.091807045791976,93.52,-0.6318188528656792,-0.9622733117554775,1.5377266882445224,5.7597768063880155,93.33977165735304,43.08254175253505,5.759776806388023
2008-10-01,48.64222,-3.960613894403203,60.0,0.4572377005009882,-1.2787526001659686,1.2212473998340314,4.574358045678396,91.58590905333101,46.51448109177293,4.5743580456784
2008-11-01,49.00333,-3.960613894403203,47.72,1.019135170380302,-1.6394001578659945,0.8605998421340055,3.2235006703066436,92.49981763266982,47.47303635488536,3.22350067030663
2008-12-01,48.6419,-3.960613894403203,35.82,1.7229835472161386,-2.0698484050794703,0.4301515949205297,1.6111947582066721,89.32132075220159,47.870611221281216,1.6111947582066843
2009-01-01,48.8345,-0.1131538340698566,44.17,1.2088229448377636,-2.13279068271034,0.3672093172896602,1.3754353910766215,89.32453188439779,48.171926277417064,1.3754353910766233
2009-02-01,49.22222,-0.1131538340698566,44.41,1.1955263736276163,-2.2144425486918338,0.28555745130816623,1.0695965658329725,90.41483969586285,48.70131243468305,1.0695965658329667
2009-03-01,51.23158,-0.1131538340698566,46.13,1.1022861632945804,-2.291202041885973,0.2087979581140269,0.7820828275662416,87.12852937441887,50.834015891152994,0.7820828275662516
2009-04-01,50.06188,-1.2376928406948409,50.3,0.889933429098137,-2.461862782841385,0.038137217158614956,0.14284844018746967,86.37290635111637,49.99046939422796,0.14284844018746012
2009-05-01,48.534,-1.2376928406948409,64.98,0.2615867941891482,-2.6088390746556125,-0.10883907465561249,-0.4076724314031321,87.4453501520378,48.73266965928767,-0.4076724314031311
2009-06-01,47.77364,-1.2376928406948409,68.11,0.1461505906281752,-2.7624090075905037,-0.2624090075905037,-0.9828907355653185,88.06621304822525,48.24786378323358,-0.9828907355653304
2009-07-01,48.47652,-2.741189283175223,70.08,0.07618539267744406,-2.766707931110284,-0.2667079311102838,-0.9989929728295573,89.49997938377992,48.96568373965712,-0.998992972829563
2009-08-01,48.337,-2.741189283175223,69.02,0.11358354769015902,-2.7558483434100745,-0.25584834341007445,-0.958316822873411,89.89033069324327,48.8047036857743,-0.9583168228734139
2009-09-01,48.43895,-2.741189283175223,65.82,0.23007010796719715,-2.7151209432614185,-0.2151209432614185,-0.8057664792043999,89.56277102862691,48.832425314164055,-0.8057664792043981
2009-10-01,46.72105,-3.631888612926544,74.91,-0.08735794005883453,-2.6423441997583783,-0.1423441997583783,-0.5331707035846137,92.9537413140861,46.971488214195794,-0.5331707035846234
2009-11-01,46.569,-3.631888612926544,77.77,-0.17929650509089184,-2.515081120012724,-0.015081120012724103,-0.05648850730607188,95.19799367999784,46.595321001308115,-0.056488507306073
2009-12-01,46.63,-3.631888612926544,77.91,-0.18370975341678566,-2.3287962381702587,0.17120376182974129,0.6412683502807992,96.3230534491753,46.33288189264946,0.6412683502807942
2010-01-01,45.963,-3.019412589250546,71.2,0.037280029852807005,-2.473355891519903,0.026644108480097017,0.0997993461541235,98.07478040538142,45.91717495961787,0.0997993461541024
2010-02-01,46.32579,-3.019412589250546,76.36,-0.13440056342155138,-2.6047168763641966,-0.10471687636419658,-0.392232143937396,96.73637473207589,46.50821014977738,-0.392232143937405
2010-03-01,45.498,-3.019412589250546,80.37,-0.25998911916951184,-2.7333821657572464,-0.23338216575724635,-0.8741665184258268,97.34047809473753,45.899235751149895,-0.8741665184258446
2010-04-01,44.49895,-3.190701122688916,86.19,-0.4315396849490368,-2.786010096419488,-0.28601009641948805,-1.0712920132968469,98.85075216480963,44.98082599641454,-1.0712920132968389
2010-05-01,45.8045,-3.190701122688916,73.0,-0.023982205351268864,-2.924963369957293,-0.4249633699572928,-1.591761514290167,98.09057669187796,46.54539163065236,-1.5917615142901735
2010-06-01,46.56455,-3.190701122688916,74.94,-0.08834042872370708,-3.068173141844142,-0.568173141844142,-2.1281743429597753,97.57830805189477,47.5770730620375,-2.1281743429597615
2010-07-01,46.83636,-4.109617815733877,77.5,-0.17076275964280288,-3.161629840197343,-0.6616298401973428,-2.478229868230577,96.50520319991585,48.02656877199385,-2.47822986823058
2010-08-01,46.56714,-4.109617815733877,75.51,-0.10693335626651576,-3.2572891425808415,-0.7572891425808415,-2.8365355641619723,95.89130319597962,47.92659490929396,-2.8365355641619603
2010-09-01,46.059,-4.109617815733877,80.77,-0.2721711742654229,-3.3294714134413437,-0.8294714134413437,-3.1069046568707455,96.99551134490694,47.53589493337006,-3.1069046568707512
2010-10-01,44.4107,-2.6828695907186595,82.47,-0.3232806082812452,-3.2307262725721526,-0.7307262725721526,-2.7370405084041725,99.27027244958337,45.660444872477264,-2.737040508404187
2010-11-01,45.01825,-2.6828695907186595,86.02,-0.42669513173126167,-3.131024801834798,-0.6310248018347981,-2.3635942886657584,98.8240549504069,46.1080574115952,-2.363594288665764
2010-12-01,45.1568,-2.6828695907186595,93.23,-0.6241980492219827,-3.0152325253337082,-0.5152325253337082,-1.929877638204794,100.54296049714787,46.04542026919256,-1.9298776382047935
2011-01-01,45.39338,-1.3675688199445983,98.97,-0.7708037000699829,-2.8102385670646464,-0.31023856706464636,-1.1620432399895095,101.10391575669048,45.92707244062132,-1.1620432399895044
2011-02-01,45.43579,-1.3675688199445983,112.27,-1.0801987608721415,-2.593768403168268,-0.09376840316826796,-0.3512230605538846,100.29709188221415,45.595933432891115,-0.351223060553898
2011-03-01,44.99136,-1.3675688199445983,116.94,-1.1802002482005192,-2.3794304949735223,0.12056950502647767,0.4516104480192,101.07270275541931,44.78908779992305,0.4516104480192052
2011-04-01,44.37,-3.848787391239955,126.59,-1.3747655274330537,-2.3556688638124403,0.14433113618755966,0.5406130601802653,101.30653145047272,44.13141978102082,0.5406130601802761
2011-05-01,44.90452,-3.848787391239955,117.18,-1.1852310350119228,-2.313738650386639,0.18626134961336094,0.6976687142331565,100.7348261539887,44.593405759405584,0.6976687142331438
2011-06-01,44.85364,-3.848787391239955,111.71,-1.067928812737644,-2.2869468074313977,0.21305319256860233,0.7980214211437431,102.12462418106742,44.49853218110028,0.7980214211437335
2011-07-01,44.4174,-4.14509134735745,115.93,-1.1589152514047691,-2.2075568940865318,0.2924431059134682,1.095387776973161,104.51018778530374,43.93612901311518,1.0953877769731626
2011-08-01,45.2788,-4.14509134735745,116.48,-1.1705289813959472,-2.1218800529610435,0.37811994703895646,1.4163027263797665,103.66094975462272,44.646470816592256,1.416302726379762
2011-09-01,47.632,-4.14509134735745,105.42,-0.9257236452577143,-2.070373474680317,0.42962652531968315,1.6092280343851926,101.35784680422812,46.877632003936725,1.6092280343851886
2011-10-01,49.25792,-4.378144237843175,108.43,-0.9948031091829767,-2.155686153532216,0.34431384646778396,1.289677107228584,98.6010439180943,48.63074047304342,1.2896771072285733
2011-11-01,50.85644,-4.378144237843175,111.22,-1.0571420457161156,-2.2444217979605208,0.25557820203947923,0.9573049694584349,95.71287584820998,50.374205230007945,0.9573049694584295
2011-12-01,52.6769,-4.378144237843175,108.09,-0.9870968379437276,-2.355453119494085,0.1445468805059149,0.5414211616006752,92.22594184158817,52.39323195494938,0.541421161600679
2012-01-01,51.3392,-4.764166374997264,110.26,-1.0358703322992455,-2.6164140297293685,-0.11641402972936854,-0.43604551673538944,94.13861503951703,51.56404269642528,-0.4360455167353891
2012-02-01,49.1671,-4.764166374997264,122.23,-1.288763499094271,-2.8820834311319135,-0.38208343113191345,-1.4311485269538353,96.98031586270655,49.880970778527164,-1.4311485269538389
2012-03-01,50.3213,-4.764166374997264,123.41,-1.312338368443413,-3.154121717366061,-0.6541217173660612,-2.450107112689085,93.95059448944781,51.585192469796844,-2.4501071126890785
2012-04-01,51.8121,-3.741092317961962,118.66,-1.2160283592692949,-3.1583752252732076,-0.6583752252732076,-2.466039239234498,91.72308244656061,53.122112129831805,-2.4660392392345036
2012-05-01,54.47353,-3.741092317961962,103.86,-0.8891416026754622,-3.1740747551947472,-0.6740747551947472,-2.524844089930371,88.87433805318874,55.884527181733525,-2.524844089930366
2012-06-01,56.03021,-3.741092317961962,94.17,-0.6488144721462865,-3.2000263608041943,-0.7000263608041943,-2.6220495668337245,88.0105811132974,57.538908706499626,-2.6220495668337307
2012-07-01,55.49475,-4.62431839968484,105.93,-0.9375658291886455,-3.2584077336828208,-0.7584077336828208,-2.8407254082573283,89.97182009454392,57.11729552653162,-2.8407254082573408
2012-08-01,55.55979,-4.62431839968484,113.93,-1.1162140013821211,-3.302869569711255,-0.8028695697112549,-3.0072636194256317,90.1551364366894,57.28242348169019,-3.007263619425621
2012-09-01,54.60552,-4.62431839968484,111.36,-1.060228820829659,-3.3315963927742085,-0.8315963927742085,-3.114864073045971,91.26986721889962,56.36109138678353,-3.1148640730459745
2012-10-01,53.02393,-6.953204445076711,109.89,-1.0276223735829655,-3.5434498046770044,-1.0434498046770044,-3.908391542888424,93.42276012382376,55.18060406249323,-3.908391542888422
2012-11-01,54.77581,-6.953204445076711,110.84,-1.048744029278116,-3.758737989982965,-1.258737989982965,-4.714784451260354,90.32523893856555,57.48615846073356,-4.714784451260369
2012-12-01,54.6478,-6.953204445076711,110.8,-1.0478583532505477,-3.9682628809768588,-1.4682628809768588,-5.499590110636219,89.2226564974527,57.828108961621254,-5.499590110636215
2013-01-01,54.3168,-3.914530647593606,115.55,-1.150858990021148,-3.8878775155497287,-1.3878775155497287,-5.198495145646846,90.40679149381991,57.295293026675886,-5.198495145646851
2013-02-01,53.77372,-3.914530647593606,112.2,-1.078668368533659,-3.834582465812808,-1.334582465812808,-4.99887086018917,91.82039633508082,56.603243021314555,-4.998870860189177
2013-03-01,54.40462,-3.914530647593606,108.46,-0.9954819137631934,-3.7901841930858544,-1.2901841930858544,-4.832570734522278,91.76509850180761,57.16726869676562,-4.832570734522288
2013-04-01,54.37571,-4.6895323234521085,101.53,-0.8334668504897174,-3.901100985941665,-1.4011009859416652,-5.248025558720696,91.32337424612162,57.387416273523975,-5.248025558720694
2013-05-01,55.01081,-4.6895323234521085,100.43,-0.8067371154962937,-3.9870046936641077,-1.4870046936641077,-5.569790269644267,90.9827516335199,58.25552030127083,-5.569790269644276
2013-06-01,58.3973,-4.6895323234521085,102.49,-0.856559019658158,-4.048729315162297,-1.548729315162297,-5.800988730337053,86.7780131618389,61.993538162334204,-5.800988730337045
2013-07-01,59.7754,-1.1050014899392475,107.89,-0.9825524058498187,-3.7517040246284004,-1.2517040246284004,-4.688437720845986,88.45675472003727,62.71579079243959,-4.6884377208459895
2013-08-01,63.2088,-1.1050014899392475,115.97,-1.1597617422825865,-3.4547986370745627,-0.9547986370745627,-3.5763358252376647,85.56925229860933,65.5532026717401,-3.5763358252376705
2013-09-01,63.75214,-1.1050014899392475,107.85,-0.9816425085898385,-3.168071087282415,-0.6680710872824149,-2.5023564869908763,86.39431937681711,65.38839063478856,-2.5023564869908776
2013-10-01,61.61556,-0.8738062848463959,107.53,-0.9743511583415145,-2.665893841866676,-0.165893841866676,-0.6213792802133772,91.04930100277844,62.00082025059957,-0.6213792802133762
2013-11-01,62.63296,-0.8738062848463959,111.07,-1.0538304719428773,-2.158853458292086,0.3411465417079138,1.277813511028996,92.96391779990863,61.84272530052139,1.2778135110289968
2013-12-01,61.91031,-0.8738062848463959,109.95,-1.0289617652143321,-1.6538116606092446,0.8461883393907554,3.1695203109356744,94.796901059622,60.008333675888665,3.1695203109356656
2014-01-01,62.07597,-0.2634368094236267,108.16,-0.9886854028874585,-1.3630683063562206,1.1369316936437794,4.258541423230847,95.57474324954853,59.54041669162298,4.258541423230847
2014-02-01,62.25401,-0.2634368094236267,108.98,-1.0072181209419764,-1.064764673808029,1.435235326191971,5.3758806468700175,95.86201926266737,59.07804482187179,5.375880646870032
2014-03-01,61.01399,-0.2634368094236267,105.95,-0.9380290660047734,-0.7652945912737326,1.7347054087262674,6.497588976948673,98.64786468863574,57.29142845966817,6.497588976948669
2014-04-01,60.35662,-1.467615490135499,108.63,-0.9993249300659477,-0.48298001519932926,2.0170199848006707,7.555038886486852,100.41908472148512,56.11696172012929,7.555038886486855
2014-05-01,59.30502,-1.467615490135499,109.21,-1.0123912842658527,-0.19734909835881517,2.3026509016411847,8.624910628053277,103.772092745745,54.596150788163676,8.624910628053279
2014-06-01,59.7307,-1.467615490135499,111.03,-1.0529466302736237,0.08750960530219108,2.587509605302191,9.691889933925555,104.84526346908498,54.45315969665545,9.691889933925546
2014-07-01,60.05857,-2.150353788919785,104.94,-0.9145256091305597,-0.0052719860061253105,2.494728013993875,9.34436311933441,105.68876237152884,54.92607783947151,9.344363119334421
2014-08-01,60.89517,-2.150353788919785,101.12,-0.8235379564373216,-0.1204033264082755,2.3795966735917244,8.913122100233869,105.12359892987834,55.91169257268885,8.913122100233872
2014-09-01,60.86492,-2.150353788919785,94.67,-0.6618083883814261,-0.23416886134068796,2.265831138659312,8.486996902252107,105.60145975864599,56.103424131870774,8.48699690225209
2014-10-01,61.34199,-1.5120570378543792,84.17,-0.3733471698833852,-0.3374400897961974,2.1625599102038024,8.100179640789154,105.24795640096694,56.745502369964605,8.10017964078915
2014-11-01,61.70418,-1.5120570378543792,71.89,0.01361504620970827,-0.47958144572624484,2.020418554273755,7.567768717981366,105.44061609158328,57.363075143609755,7.5677687179813695
2014-12-01,62.75295,-1.5120570378543792,55.27,0.6587269204315258,-0.6734097322807315,1.8265902677192685,6.8417569514866585,103.6756083259863,58.734479655266306,6.841756951486647
2015-01-01,62.22593,-0.1343709878826197,47.52,1.0294407941293122,-0.8308314302370453,1.6691685697629546,6.252111306624953,104.34137958899792,58.56441743583512,6.252111306624948
2015-02-01,62.03761,-0.1343709878826197,61.89,0.38113648879734613,-0.9357721625869048,1.5642278374130951,5.859040677848834,105.80801662024211,58.603979029805686,5.859040677848833
2015-03-01,62.44984,-0.1343709878826197,53.69,0.7298947088963949,-1.0640103253669182,1.4359896746330818,5.378706167613242,106.40646468886598,59.26229526928196,5.378706167613252
2015-04-01,62.75316,-1.1660971002904557,63.9,0.3027123167594617,-1.147386896781949,1.352613103218051,5.066407209740122,104.8567956507801,59.727139878998834,5.0664072097401265
2015-05-01,63.80033,-1.1660971002904557,63.16,0.33129419826675793,-1.2342341545059126,1.2657658454940874,4.7411082963760425,102.56011991503854,60.91240682642981,4.741108296376048
2015-06-01,63.86074,-1.1660971002904557,60.31,0.44459255113968105,-1.3339025538032676,1.1660974461967324,4.367785950479787,103.75932950247822,61.18817163593037,4.367785950479801
2015-07-01,63.63498,-1.627472996353852,53.29,0.748244133780167,-1.4288932996653338,1.0711067003346662,4.011984429298914,104.95276513157506,61.18043064860015,4.011984429298897
2015-08-01,65.07233,-1.627472996353852,47.97,1.0063137105065065,-1.5378075391968251,0.9621924608031749,3.6040304570263597,104.22823355129464,62.80868583292344,3.6040304570263526
2015-09-01,66.21781,-1.627472996353852,47.29,1.0413460182804417,-1.6361636737048197,0.8638363262951803,3.235623387918482,103.25381969889683,64.14240339420412,3.235623387918466
2015-10-01,65.05801,-1.35411954097519,48.0,1.004779627675831,-1.7378461154281555,0.7621538845718445,2.8547571560111904,104.75055546895938,63.25231014966017,2.8547571560112086
2015-11-01,66.11709,-1.35411954097519,43.73,1.2333887195172535,-1.8263324634638518,0.6736675365361482,2.523318793788438,104.06598471111893,64.4898065902309,2.5233187937884307
2015-12-01,66.59551,-1.35411954097519,36.61,1.6694545800075,-1.8973983103552505,0.6026016896447495,2.2571314278666783,102.6935429817747,65.12554094770125,2.2571314278666836
2016-01-01,67.25233,-0.0589153386787519,33.14,1.9138015579509322,-1.9648070699067297,0.5351929300932703,2.0046422093468155,102.66586761557296,65.93065623618999,2.0046422093468133
2016-02-01,68.23767,-0.0589153386787519,35.92,1.7161428251727062,-2.069769627171021,0.43023037282897914,1.611489832210012,99.53847233001065,67.15546648580799,1.6114898322100186
2016-03-01,67.02185,-0.0589153386787519,36.75,1.6600890518143723,-2.140997851647197,0.3590021483528032,1.3446942576554526,99.97896389493422,66.13256914032996,1.3446942576554508
2016-04-01,66.46953,-0.0699098090461565,45.64,1.1284898567914057,-2.1184637057128337,0.3815362942871663,1.42909914709174,100.57578131899423,65.53299847769166,1.4290991470917527
2016-05-01,66.90673,-0.0699098090461565,49.26,0.9411991753863043,-2.077940179535771,0.42205982046422896,1.5808858514339539,101.45855563735687,65.86547207104861,1.580885851433941
2016-06-01,67.29686,-0.0699098090461565,48.05,1.002224952371945,-2.0330606053681013,0.4669393946318987,1.7489887609741503,102.35596696073134,66.14007747840313,1.7489887609741517
2016-07-01,67.20763,-0.6042721017919296,40.76,1.4059697873534425,-2.002604335285714,0.49739566471428587,1.8630671075169192,104.0750200445493,65.97840798280896,1.8630671075169243
2016-08-01,66.93964,-0.6042721017919296,47.94,1.007848753038733,-1.9174655142832397,0.5825344857167603,2.1819668250558624,104.16904149454558,65.5102285461057,2.181966825055865
2016-09-01,66.73773,-0.6042721017919296,48.24,0.9925413708463812,-1.8281317191169075,0.6718682808830925,2.5165794225734768,104.44315863475788,65.09945062145215,2.5165794225734825
2016-10-01,66.74769,-1.3902222591117308,46.2,1.0985655175358637,-1.8389557697832888,0.6610442302167112,2.4760363816963205,105.33213922827217,65.13492554628323,2.4760363816963125
2016-11-01,67.62566,-1.3902222591117308,47.95,1.007336965487031,-1.8231266834588153,0.6768733165411847,2.535326504560806,105.24478456937302,65.9535228543813,2.5353265045607967
2016-12-01,67.90043,-1.3902222591117308,54.96,0.6725284133425513,-1.7430580627481147,0.7569419372518853,2.8352350565905917,105.48323361830282,66.02837049250108,2.8352350565906055
2017-01-01,68.08037,-0.3881957629251849,55.25,0.6596150005743128,-1.6659825516539326,0.8340174483460674,3.123932485421442,104.68368010803266,66.01801188063156,3.1239324854214474
2017-02-01,67.07545,-0.3881957629251849,53.36,0.7450230629277171,-1.6124959401540526,0.8875040598459474,3.324274293055015,105.77851552878019,64.91741699511603,3.3242742930550238
2017-03-01,65.87666,-0.3881957629251849,52.2,0.7989541439341699,-1.5681747331845717,0.9318252668154283,3.49028575782667,107.67366561026328,63.65492134610127,3.490285757826656
2017-04-01,64.50709,-2.259726327393816,49.46,0.9312568384137526,-1.7342233581820723,0.7657766418179277,2.8683267151016847,109.08835040832116,62.70840798125861,2.8683267151016807
2017-05-01,64.42484,-2.259726327393816,49.4,0.9342353118618866,-1.9161277460840094,0.5838722539159906,2.186977628539443,108.06226021270105,63.04603726924107,2.186977628539432
2017-06-01,64.44299,-2.259726327393816,47.08,1.052266683453303,-2.1027826002030943,0.39721739979690573,1.4878349864993463,107.02020835157201,63.49824095525604,1.487834986499349
2017-07-01,64.45588,-1.0493289103124228,51.99,0.8088455237864669,-2.090110312282554,0.4098896877174458,1.5353008662337502,108.41023029792001,63.481251791351355,1.5353008662337397
2017-08-01,63.96839,-1.0493289103124228,52.69,0.7760281491518772,-2.1078799960020236,0.3921200039979764,1.4687419563008717,109.07954791619062,63.04245895504352,1.468741956300868
2017-09-01,64.44095,-1.0493289103124228,57.02,0.5822385926117278,-2.1107761651925103,0.3892238348074897,1.4578939374310267,107.18355421541717,63.514969115898126,1.4578939374310385
2017-10-01,65.08128,-2.0692194899433143,61.35,0.4026399259955971,-2.1093654684667866,0.39063453153321337,1.46317790521528,107.50949033093738,64.14275734670713,1.4631779052152938
2017-11-01,64.86261,-2.0692194899433143,63.53,0.3169616419144047,-2.1084172940716996,0.39158270592830036,1.4667294289879913,109.22958189243953,63.925003166081574,1.4667294289880013
2017-12-01,64.24232,-2.0692194899433143,66.73,0.19637774126179017,-2.1253211739676017,0.3746788260323983,1.4034135119874644,109.14538414256873,63.353212456112786,1.4034135119874778
2018-01-01,63.6369,-1.9336611943982864,67.78,0.15806823249031576,-2.2123143959166938,0.28768560408330623,1.0775678685933447,107.4143431710799,62.958479652707545,1.077567868593339
2018-02-01,64.37384,-1.9336611943982864,66.08,0.22039641831863455,-2.2973842948220287,0.20261570517797134,0.7589263086968397,104.52593771530687,63.888969799833674,0.7589263086968562
2018-03-01,65.02133,-1.9336611943982864,69.02,0.11358354769015902,-2.3690588644244532,0.13094113557554676,0.49045888417995304,103.50352601404607,64.70398356419109,0.4904588841799577
2018-04-01,65.63635,-2.3387164551165736,75.92,-0.12022063455364582,-2.288018252320733,0.21198174767926714,0.7940081699788296,103.57227213728835,65.11929745795105,0.7940081699788241
2018-05-01,67.53936,-2.3387164551165736,76.45,-0.13729093593947012,-2.2053069089808495,0.29469309101915053,1.1038154202764205,102.8771935303967,66.80198934060698,1.103815420276408
2018-06-01,67.79307,-2.3387164551165736,77.44,-0.168862334551495,-2.110128668124013,0.389871331875987,1.4603192309671573,103.79348997720865,66.8173237713494,1.46031923096716
2018-07-01,68.69336,-2.8196826145484493,74.16,-0.062666995079642,-2.185032100238173,0.31496789976182704,1.1797576368242362,103.90902291481812,67.89239429349962,1.1797576368242275
2018-08-01,69.54651,-2.8196826145484493,76.94,-0.15296795712277322,-2.255145233401621,0.24485476659837913,0.917138797400279,103.28746148013438,68.91446867079785,0.9171387974002867
2018-09-01,72.21528,-2.8196826145484493,82.72,-0.33070771428377055,-2.326595849846665,0.1734041501533352,0.6495102216927806,98.95278400828244,71.74926121442329,0.6495102216927653
2018-10-01,73.6323,-2.627065689316912,74.84,-0.08506393550388072,-2.332441044669508,0.16755895533049214,0.6276162025365771,97.59163490406954,73.17305405684839,0.6276162025365581
2018-11-01,71.85424,-2.627065689316912,57.71,0.5527237570029091,-2.3985750708746827,0.10142492912531731,0.37990168137906216,100.09248758279918,71.58229764766675,0.37990168137906816
2018-12-01,70.73107,-2.627065689316912,50.57,0.8767973481551274,-2.501763888063594,-0.0017638880635941767,-0.006606896814252907,100.68042720855215,70.73574343757973,-0.006606896814267256
2019-01-01,70.73287,-0.6555834746656557,62.46,0.3586410150788977,-2.4119718099682568,0.08802819003174323,0.3297222654254453,100.01248216176631,70.50041443638602,0.3297222654254486
2019-02-01,71.221768,-0.6555834746656557,65.03,0.2596994274260408,-2.3087405840828215,0.19125941591717854,0.7163896915001781,99.41828638989827,70.71517179890598,0.7163896915001909
2019-03-01,69.47865,-0.6555834746656557,67.93,0.15264394598162445,-2.2054891406293913,0.2945108593706087,1.1031328453879927,102.5361655161414,68.72057081183652,1.103132845387986
2019-04-01,69.42741,-2.116580899091145,72.19,0.0033966857690591,-2.197279287654164,0.302720712345836,1.1338840322614887,102.98653927015927,68.64900983912851,1.1338840322614714
2019-05-01,69.77312,-2.116580899091145,66.78,0.19453985232279272,-2.2064205570072333,0.2935794429927667,1.0996440911827128,103.50798653321043,69.01420932508029,1.0996440911827192
2019-06-01,69.43886,-2.116580899091145,67.52,0.167498828075165,-2.2159393575573363,0.2840606424426637,1.0639900526255055,104.1830972541667,68.70781567583288,1.0639900526255053
2019-07-01,68.8083,-1.0691857393438662,64.07,0.29619297058930166,-2.099969615096033,0.40003038490396703,1.4983714274028095,106.23519344263622,67.79251630575715,1.49837142740281
2019-08-01,71.1457,-1.0691857393438662,61.04,0.41507017198131835,-2.001431386254325,0.49856861374567485,1.8674605570666452,104.38547362193061,69.84143868016014,1.8674605570666296
2019-09-01,71.33366,-1.0691857393438662,60.99,0.4170809607587115,-1.9178723695741506,0.5821276304258494,2.180442889959945,105.01086578349859,69.81146096305392,2.1804428899599526
2019-10-01,71.03945,-0.3709928296370432,59.3,0.4860332662607027,-1.7774577314145432,0.7225422685854568,2.706386142640533,106.51997737732847,69.16751009166956,2.7063861426405467
2019-11-01,71.4517,-0.3709928296370432,64.5,0.2797797628521015,-1.5667063269286536,0.9332936730713464,3.4957858849688,107.45824406910639,69.03826990541968,3.495785884968795
2019-12-01,71.1926,-0.3709928296370432,67.77,0.1584302782907131,-1.3188363327999633,1.1811636672000367,4.42421865140001,109.6240255430246,68.17633008838943,4.424218651400013
2020-01-01,71.31378,0.0833969936090861,57.77,0.5501739485908486,-1.273215704903064,1.226784295096936,4.595097284425098,108.85840516438914,68.18080565103035,4.5950972844250835
2020-02-01,71.48852,0.0833969936090861,51.31,0.8411511303507562,-1.2600883077905618,1.2399116922094382,4.644267841192343,108.5940554757199,68.3157534328499,4.6442678411923275
2020-03-01,74.3507,0.0833969936090861,14.85,3.883540015214116,-1.5094146078703743,0.9905853921296257,3.7103802710535545,104.79204800932504,71.6907023247623,3.7103802710535434
2020-04-01,76.236488,2.849946515647188,18.11,3.396554919517206,-1.3783005094545253,1.1216994905454747,4.201487012465586,106.71716005470196,73.16257203784419,4.201487012465596
2020-05-01,75.65988,2.849946515647188,34.15,1.8401356581387505,-1.101556208710994,1.398443791289006,5.238072653404396,108.02374222177428,71.89401904877288,5.238072653404405
2020-06-01,75.72684,2.849946515647188,41.64,1.3535572713998725,-0.7865171277598587,1.7134828722401414,6.418096909626191,108.02004310828828,71.15973899092536,6.4180969096261755
2020-07-01,74.99339,2.280530623641789,43.13,1.2672888498885235,-0.5882987541193226,1.9117012458806775,7.160552379653883,110.6186954168365,69.98227270638695,7.160552379653875
2020-08-01,74.67192,2.280530623641789,45.22,1.1511750606578135,-0.3704977979268926,2.1295022020731076,7.976357233322918,111.27726584631772,69.15580587576562,7.976357233322904
2020-09-01,73.481741,2.280530623641789,40.3,1.433819385284645,-0.17608296972191573,2.3239170302780843,8.704565976055534,114.75602317535058,67.59765824021218,8.704565976055543
2020-10-01,73.45811,-0.3341606559881339,36.33,1.6882935624326683,-0.2732019799321704,2.2267980200678297,8.340792734201365,115.23906108038508,67.80281752249955,8.340792734201365
2020-11-01,74.21979,-0.3341606559881339,46.84,1.0648072494603122,-0.3355515893454455,2.1644484106545545,8.10725329124879,113.3524614383882,68.65384859982197,8.107253291248798
2020-12-01,73.59365,-0.3341606559881339,51.22,0.845458922088134,-0.3897346285244882,2.1102653714755117,7.904302913428829,111.4655718868986,68.20270185058688,7.904302913428834
2021-01-01,73.109395,-1.030697198392929,55.25,0.6596150005743128,-0.4916958988566114,2.0083041011433886,7.522392288804594,110.73029748745651,67.9945762401087,7.522392288804608
2021-02-01,72.75646,-1.030697198392929,65.86,0.22857936344519683,-0.5334894342813161,1.9665105657186839,7.365848581892036,111.10721331615756,67.76499320871652,7.3658485818920445
2021-03-01,72.7928,-1.030697198392929,63.52,0.3173479095905631,-0.32914794147952126,2.1708520585204787,8.131239076717945,112.40631660990499,67.31893634211876,8.131239076717947
2021-04-01,74.472212,0.8283874305891938,67.73,0.15987899591670102,-0.22788820493431206,2.2721117950656877,8.51052200549372,110.91367512999791,68.63132774923854,8.510522005493717
2021-05-01,73.26774,0.8283874305891938,69.36,0.10152570815483927,-0.25146729952381897,2.248532700476181,8.422203110354225,113.5942238796018,67.57632468086511,8.422203110354223
2021-06-01,73.55826,0.8283874305891938,76.94,-0.15296795712277322,-0.2943867875684314,2.205613212431569,8.26144198572055,113.45180037873662,67.94502146914151,8.261441985720547
2021-07-01,74.52697,-1.229309181018572,77.72,-0.17771841936684826,-0.46645616551884705,2.033543834481153,7.616931345575622,112.86799619832888,69.25208614310111,7.616931345575615
2021-08-01,74.18459,-1.229309181018572,73.45,-0.03906172612461805,-0.6597564170086746,1.8402435829913255,6.892897410474252,112.48756220261153,69.40085992348709,6.8928974104742595
2021-09-01,73.56341,-1.229309181018572,77.81,-0.18055824334095227,-0.8177115983449048,1.6822884016550952,6.301253526769632,112.71752724342062,69.20276813243287,6.301253526769636
2021-10-01,74.91528,-2.799459807399092,83.1,-0.34195403544169867,-0.8539658944729541,1.646034105527046,6.165457838519826,112.2138069520744,70.56464647281784,6.1654578385198295
2021-11-01,74.49651,-2.799459807399092,70.86,0.049025515303981165,-0.9747590125775064,1.5252409874224937,5.713009815507264,112.54805054026731,70.47052215239448,5.713009815507268
2021-12-01,75.37252,-2.799459807399092,77.24,-0.1625169330124062,-1.0962026206033746,1.4037973793966254,5.258125288797245,110.58227188836952,71.60731752840935,5.258125288797253
2022-01-01,74.4416,-1.6047749019083175,92.35,-0.6009269020783177,-1.038997270675271,1.461002729324729,5.472396166864237,111.12571660140816,70.57922518630231,5.472396166864235
2022-02-01,75.00313,-1.6047749019083175,103.08,-0.8706440083791603,-0.9952351316495237,1.5047648683504762,5.636313562123976,109.96364356122558,71.00127548079494,5.636313562123981
2022-03-01,76.24447,-1.6047749019083175,107.29,-0.968868391905667,-0.9358902484844537,1.5641097515155464,5.858598370110364,109.39601428315028,72.02482478884585,5.858598370110351
2022-04-01,76.16783,-2.1474880025028344,108.36,-0.9932185011797388,-1.0877884098174193,1.4122115901825807,5.28964192728671,110.58807561629729,72.34123756694099,5.289641927286724
2022-05-01,77.31928,-2.1474880025028344,125.53,-1.354132442728384,-1.2144731833348197,1.2855268166651803,4.815125860285855,110.42209708414002,73.76729204434038,4.815125860285859
2022-06-01,78.07458,-2.1474880025028344,119.78,-1.239080174978554,-1.3719534512711737,1.1280465487288263,4.225260833127435,108.64388451263223,74.90945992929998,4.225260833127448
2022-07-01,79.60155,-3.694125811535784,111.51,-1.0635317765144636,-1.5035370573853069,0.9964629426146931,3.7323954830031587,107.59479062874148,76.73740650580363,3.732395483003136
2022-08-01,79.55505,-3.694125811535784,96.55,-0.7100588601872501,-1.6530220154231887,0.8469779845768113,3.1724780407212663,107.3063938194092,77.10879055226367,3.1724780407212725
2022-09-01,80.23155,-3.694125811535784,88.9,-0.5075033074781031,-1.8311779792881937,0.6688220207118063,2.505169216315804,107.54369641337496,78.27073562572052,2.5051692163158066
2022-10-01,82.340117,-2.012139663068303,93.3,-0.626039721731552,-1.7418941600698066,0.7581058399301934,2.839594621721808,107.11399598231189,80.06655150953706,2.839594621721817
2022-11-01,81.81052,-2.012139663068303,85.61,-0.41497170656208143,-1.6376177128867357,0.8623822871132643,3.2301770747214733,106.87149552698605,79.25058574759859,3.230177074721463
2022-12-01,82.46421,-2.012139663068303,82.82,-0.3336722735518785,-1.5577447558142137,0.9422552441857863,3.5293527404108906,103.93529526662144,79.65297552547291,3.5293527404108764
2023-01-01,81.89959,-0.1490703691867593,83.42,-0.35138480528362553,-1.4572312194869748,1.0427687805130252,3.905840668786892,104.15395139918114,78.82096855466034,3.9058406687869076
2023-02-01,82.60855,-0.1490703691867593,83.21,-0.34519995251476765,-1.3797095130822112,1.1202904869177888,4.1962093864239085,103.55999591767805,79.28172290187301,4.196209386423902
2023-03-01,82.28857,-0.1490703691867593,79.19,-0.22369561242884803,-1.3204985336451496,1.1795014663548504,4.417992638709425,104.53416538245145,78.80688751096936,4.417992638709429
2023-04-01,82.02078,-0.9854141849870688,81.32,-0.28882335705013756,-1.2823586441963026,1.2176413558036974,4.560851088344878,104.846552216811,78.44310671371595,4.560851088344885
2023-05-01,82.34332,-0.9854141849870688,71.98,0.01054506754141684,-1.2992422852591388,1.2007577147408612,4.497610978808819,105.33482619242017,78.79923687126063,4.497610978808804
2023-06-01,82.233657,-0.9854141849870688,74.51,-0.07422036131789422,-1.2994744516045467,1.2005255483954533,4.49674136632064,107.5451775696732,78.69494868909277,4.4967413663206255
2023-07-01,82.151943,-1.2405248107737,85.22,-0.4037679347236062,-1.1499880216902778,1.3500119783097222,5.05666432172755,111.53473517317242,78.19774550276631,5.056664321727549
2023-08-01,82.78539,-1.2405248107737,87.29,-0.4626577172631443,-0.9661380335371129,1.533861966462887,5.745300934276816,111.4985173164889,78.28753549195824,5.7453009342768135
2023-09-01,83.0475,-1.2405248107737,95.86,-0.6924599267724009,-0.7462582318657477,1.7537417681342524,6.56889240312602,111.00228184044235,77.92846310708578,6.568892403126024
2023-10-01,83.23534,-1.1466802401147729,86.82,-0.449410085961799,-0.688855749600433,1.811144250399567,6.783901668757158,112.28758539291874,77.94746089929863,6.783901668757167
2023-11-01,83.29801,-1.1466802401147729,81.72,-0.30086344699572537,-0.6262431526515019,1.8737568473484982,7.018426169405501,112.10519721413306,77.83520369486921,7.018426169405527
2023-12-01,83.2787,-1.1466802401147729,77.69,-0.176771080545067,-0.5671966334892753,1.9328033665107247,7.239593412042612,111.10648414088165,77.65667264330388,7.239593412042609
2024-01-01,83.120981,0.4672496900735314,82.98,-0.33840813105622136,-0.5169180180698681,1.9830819819301317,7.427919208274064,111.39362224241044,77.37372334174192,7.42791920827406
2024-02-01,82.96364,0.4672496900735314,84.57,-0.38498054669466875,-0.46224296361651884,2.037757036383481,7.632712500174274,112.74814638005364,77.08032072485923,7.632712500174289
2024-03-01,82.997627777778,0.4672496900735314,86.17,-0.43097023370309784,-0.3936100735719738,2.1063899264280264,7.889786875780799,112.83030793177346,76.92815991316914,7.889786875780777
2024-04-01,83.406011111111,-0.4587820402419505,88.23,-0.48894032363685447,-0.3330476476276541,2.1669523523723457,8.116632165622848,113.01215402689867,77.14447762610855,8.116632165622844
2024-05-01,83.39294,-0.4587820402419505,79.41,-0.230503036589505,-0.2690742935546508,2.2309257064453494,8.356253578084113,113.60709057049954,76.96181553555193,8.356253578084123
2024-06-01,83.470915789474,-0.4587820402419505,87.26,-0.46181425736103204,-0.19288879015562946,2.3071112098443707,8.64161735489521,115.48677355694532,76.8314369960113,8.64161735489522
2024-07-01,83.594654545455,-2.1343169151803245,81.39,-0.2909346420251075,-0.2767742399143897,2.2232257600856102,8.327412319886346,116.4179783517142,77.1685141878987,8.327412319886331
2024-08-01,83.89629,-2.1343169151803245,80.2,-0.2547933755664237,-0.36857894375633515,2.131421056243665,7.983544578012261,113.95793805472296,77.69358778493279,7.983544578012271
2024-09-01,83.808215,-2.1343169151803245,72.35,-0.002035756815668063,-0.5005969666199482,1.9994030333800517,7.489052057379019,113.29453307177177,77.96907070616095,7.489052057379028
2024-10-01,84.029514,-1.1599703958219796,73.25,-0.032371155087184446,-0.5364577238351002,1.9635422761648997,7.354730425813176,115.2081982039881,78.27276326502266,7.354730425813181
2024-11-01,84.364361,-1.1599703958219796,74.16,-0.062666995079642,-0.5574149411370409,1.9425850588629592,7.27623214971188,115.89339857104494,78.64217386220588,7.276232149711862
2024-12-01,84.986229,-1.1599703958219796,74.58,-0.07652452110276607,-0.5668763340661666,1.9331236659338336,7.24079313966809,114.65934208626034,79.24804219725955,7.240793139668092
2025-01-01,86.265748,1.393955594219275,77.11,-0.15838360514154853,-0.504652885880244,1.995347114119756,7.473860027571236,112.30139451653889,80.26672530219857,7.473860027571249
2025-02-01,87.05475,1.393955594219275,74.76,-0.08243958722405323,-0.45263914049064996,2.04736085950935,7.668685003035743,110.19071843392057,80.85428924626085,7.6686850030357485
2025-03-01,86.637663,1.393955594219275,77.23,-0.16219923178742293,-0.39781123197147755,2.1021887680285225,7.874050831856733,109.72997015514152,80.31371987230008,7.874050831856719
2025-04-01,85.561217,-0.2974724426631951,63.37,0.32314923329784256,-0.45204289525113933,2.0479571047488605,7.670918325464042,109.34945862887744,79.46548458086743,7.670918325464057
2025-05-01,85.189685,-0.2974724426631951,64.32,0.28663705303753206,-0.48169543625516287,2.018304563744837,7.559850461954161,108.66878897074184,79.20212294282904,7.559850461954159
2025-06-01,85.903433,-0.2974724426631951,68.15,0.14470995332993605,-0.5187966540145139,1.981203345985486,7.4208825067429425,107.3413396420536,79.96902557061728,7.420882506742946
