,inr_usd,inr_ret,prob_stress,prob_calm
2004-05-01,45.258,2.9706192571788748,0.8751922347745581,0.12480776522543917
2004-06-01,45.51591,0.568248506660396,0.3435832177329474,0.6564167822670497
2004-07-01,46.04364,1.1527707247809715,0.19540169514090877,0.8045983048590885
2004-08-01,46.34238,0.6467234788029241,0.1017393077670109,0.8982606922329862
2004-09-01,46.0981,-0.5285142799282383,0.08266821829678447,0.9173317817032125
2004-10-01,45.78368,-0.6844038661588225,0.13036944234130374,0.8696305576586932
2004-11-01,45.12684,-1.4450504296110278,0.3026853151584388,0.6973146848415581
2004-12-01,43.98043,-2.5732429194750495,0.5104962732731186,0.4895037267268782
2005-01-01,43.75684,-0.5096818809764869,0.16661800959791664,0.8333819904020803
2005-02-01,43.677,-0.18262956811967435,0.0645617412029479,0.9354382587970489
2005-03-01,43.69,0.029759520404581963,0.0377764040931379,0.9622235959068589
2005-04-01,43.74118,0.11707495162673887,0.031877328952100374,0.9681226710478965
2005-05-01,43.49143,-0.5726085288539906,0.033566668881468406,0.9664333311185286
2005-06-01,43.58591,0.21700257971963843,0.03300967627465997,0.9669903237253372
2005-07-01,43.53737,-0.11142832322748042,0.04007796645286288,0.9599220335471343
2005-08-01,43.62591,0.20315901478933363,0.0726821447967764,0.9273178552032209
2005-09-01,43.9165,0.6638863775860315,0.19282775974617122,0.8071722402538261
2005-10-01,44.8225,2.0420141807698133,0.5374232991715276,0.4625767008284695
2005-11-01,45.7285,2.0011490419967526,0.6031558741490974,0.3968441258508998
2005-12-01,45.64545,-0.1817805246885129,0.48917513735946294,0.5108248626405342
2006-01-01,44.3985,-2.7698245576817104,0.6969370669018807,0.3030629330981163
2006-02-01,44.33105,-0.15203506158290025,0.22200120722693897,0.777998792773058
2006-03-01,44.4819,0.33970303894887977,0.10618988188722867,0.8938101181127683
2006-04-01,44.94941,1.0455270278899143,0.09937051636274287,0.9006294836372541
2006-05-01,45.40909,1.0174670133948016,0.10061461758927406,0.899385382410723
2006-06-01,46.05545,1.4133800048312661,0.11548575450241264,0.8845142454975844
2006-07-01,46.45619,0.8663612634365325,0.07486080017976816,0.925139199820229
2006-08-01,46.53909,0.1782886657460736,0.052196095652755584,0.9478039043472415
2006-09-01,46.12095,-0.9025310982787804,0.07000968582617632,0.9299903141738206
2006-10-01,45.46842,-1.424927457999825,0.10667839389359637,0.8933216061064007
2006-11-01,44.85045,-1.3684397148283622,0.1007803038127433,0.8992196961872537
2006-12-01,44.6345,-0.48265193022505315,0.06153310259127526,0.938466897408722
2007-01-01,44.333,-0.6777781868650745,0.06730029253183004,0.9326997074681671
2007-02-01,44.16056,-0.38972376805306297,0.11190954398120884,0.8880904560187883
2007-03-01,44.0255,-0.30630715466584135,0.29849866145768367,0.7015013385423137
2007-04-01,42.15105,-4.35094163315779,0.9996973550490827,0.0003026449509146576
2007-05-01,40.77952,-3.3079600568305167,0.9881725147360219,0.011827485263975632
2007-06-01,40.7719,-0.01868759617473792,0.3354823260018536,0.6645176739981439
2007-07-01,40.41636,-0.8758465147735262,0.18505921148017423,0.8149407885198234
2007-08-01,40.81762,0.987919743750787,0.1560876771953377,0.8439123228046599
2007-09-01,40.34,-1.1770318403272473,0.17996364437331933,0.8200363556266783
2007-10-01,39.51318,-2.07092453886637,0.2510942065316678,0.7489057934683298
2007-11-01,39.44,-0.18537574029675596,0.0918831999584839,0.9081168000415136
2007-12-01,39.44,0.0,0.055405143270917605,0.94459485672908
2008-01-01,39.37478,-0.16550199058338322,0.06781267272882067,0.9321873272711768
2008-02-01,39.72952,0.8968978374458647,0.15380956545870847,0.846190434541289
2008-03-01,40.35667,1.5662196445321186,0.3421836890064709,0.6578163109935267
2008-04-01,40.02778,-0.8182971587967991,0.4846483255279884,0.5153516744720091
2008-05-01,42.1255,5.107954497787359,0.9999787665352131,2.123346478426067e-05
2008-06-01,42.82,1.6352025123250513,0.7273810167880284,0.272618983211969
2008-07-01,42.83652,0.03857266254763125,0.453317150639035,0.5466828493609623
2008-08-01,42.93895,0.2388329639916975,0.51092864267093,0.48907135732906726
2008-09-01,45.564,5.93385916107354,0.9999999639663346,3.603366274623418e-08
2008-10-01,48.64222,6.537394702607546,0.9999999990254079,9.745893916242064e-10
2008-11-01,49.00333,0.7396376921438463,0.4226092944154727,0.5773907055845244
2008-12-01,48.6419,-0.7402955590187332,0.2372490603510259,0.7627509396489712
2009-01-01,48.8345,0.39517308936227735,0.22798127518384972,0.7720187248161474
2009-02-01,49.22222,0.7908117273573545,0.4242317554655901,0.5757682445344069
2009-03-01,51.23158,4.001099121726259,0.9991901010784331,0.0008098989215643505
2009-04-01,50.06188,-2.3096298546912752,0.9829481549645483,0.017051845035448956
2009-05-01,48.534,-3.099525696866756,0.9865111339464534,0.013488866053543883
2009-06-01,47.77364,-1.5790560314044022,0.7074500695803613,0.2925499304196359
2009-07-01,48.47652,1.4605534056550518,0.4998207203807579,0.5001792796192392
2009-08-01,48.337,-0.28822440623281764,0.33075973169229894,0.6692402683076982
2009-09-01,48.43895,0.2106929205329955,0.42252454780890414,0.5774754521910931
2009-10-01,46.72105,-3.610942956688268,0.9566152541395465,0.04338474586045095
2009-11-01,46.569,-0.3259728870080192,0.3504102685360172,0.6495897314639802
2009-12-01,46.63,0.1309027107813332,0.2109873004214991,0.7890126995784984
2010-01-01,45.963,-1.4407385818503204,0.2705812092399824,0.7294187907600153
2010-02-01,46.32579,0.7862100451164533,0.34167741366827087,0.6583225863317267
2010-03-01,45.498,-1.8030456506037407,0.6456745693474433,0.35432543065255434
2010-04-01,44.49895,-2.220277555865513,0.8794194158633438,0.12058058413665357
2010-05-01,45.8045,2.8916746180513098,0.9566655270740938,0.043334472925903623
2010-06-01,46.56455,1.6457182447551233,0.6674648891090258,0.3325351108909718
2010-07-01,46.83636,0.5820302335756367,0.35219703374702993,0.6478029662529678
2010-08-01,46.56714,-0.5764682170360746,0.3119931758543475,0.6880068241456503
2010-09-01,46.059,-1.0971958836786477,0.5021688460444462,0.49783115395555155
2010-10-01,44.4107,-3.644275194936597,0.97322092937341,0.026779070626587746
2010-11-01,45.01825,1.358753171494298,0.5063821759072933,0.49361782409270455
2010-12-01,45.1568,0.3072914492978196,0.16850630402203481,0.8314936959779631
2011-01-01,45.39338,0.5225401833864218,0.079006474844768,0.9209935251552299
2011-02-01,45.43579,0.09338410354735593,0.05538838786267349,0.9446116121373243
2011-03-01,44.99136,-0.9829649136804619,0.07892539587062737,0.9210746041293704
2011-04-01,44.37,-1.390690594514199,0.11999067238898004,0.8800093276110177
2011-05-01,44.90452,1.1974892442139673,0.13175926328754667,0.868240736712451
2011-06-01,44.85364,-0.11337132011104423,0.1416748352062259,0.8583251647937716
2011-07-01,44.4174,-0.9773460071347717,0.3188991832602554,0.6811008167397421
2011-08-01,45.2788,1.9207647216465507,0.7604130806958993,0.23958691930409812
2011-09-01,47.632,5.066587249645549,0.9999976696576002,2.33034239737663e-06
2011-10-01,49.25792,3.3565362598525272,0.9993939771656154,0.0006060228343820275
2011-11-01,50.85644,3.1936594604551782,0.9989650427016478,0.0010349572983496598
2011-12-01,52.6769,3.5170267805289868,0.9996040708064132,0.00039592919358419316
2012-01-01,51.3392,-2.5722436352097144,0.9923082784849339,0.00769172151506372
2012-02-01,49.1671,-4.3229892297442785,0.9999713469455138,2.8653054483793438e-05
2012-03-01,50.3213,2.320374608441611,0.988127806726431,0.011872193273566643
2012-04-01,51.8121,2.9195266004296894,0.9971597038555253,0.002840296144472477
2012-05-01,54.47353,5.00911828901871,0.9999991129636,8.870363979241382e-07
2012-06-01,56.03021,2.8176113951169146,0.9748879175299368,0.025112082470061324
2012-07-01,55.49475,-0.9602587878873692,0.5895462684068833,0.4104537315931148
2012-08-01,55.55979,0.1171316497933006,0.5004134968826918,0.4995865031173064
2012-09-01,54.60552,-1.7324761639567754,0.7412581455221896,0.25874185447780873
2012-10-01,53.02393,-2.9391655455437427,0.9816959818754853,0.018304018124512763
2012-11-01,54.77581,3.2505352053963765,0.9860042850186839,0.013995714981314458
2012-12-01,54.6478,-0.23397155037523376,0.317068929084266,0.6829310709157324
2013-01-01,54.3168,-0.6075386283416417,0.15137378341144742,0.848626216588551
2013-02-01,53.77372,-1.004869936504571,0.127904519766467,0.8720954802335313
2013-03-01,54.40462,1.1664204738316197,0.15246953629050888,0.8475304637094895
2013-04-01,54.37571,-0.05315299315720168,0.19297037877134093,0.8070296212286575
2013-05-01,55.01081,1.161216457962455,0.47652531963282496,0.5234746803671734
2013-06-01,58.3973,5.973994451420772,0.9999999638476961,3.615230246076495e-08
2013-07-01,59.7754,2.332454919407123,0.9889238761171016,0.011076123882896798
2013-08-01,63.2088,5.584932688331357,0.9999998974875042,1.0251249432980455e-07
2013-09-01,63.75214,0.8559220136491241,0.8823592952317694,0.11764070476822906
2013-10-01,61.61556,-3.408831605785334,0.9866674682863179,0.01333253171368062
2013-11-01,62.63296,1.63772210714761,0.6662474383322027,0.3337525616677958
2013-12-01,61.91031,-1.1604932328975082,0.3206852563993001,0.6793147436006983
2014-01-01,62.07597,0.2672232743479164,0.1486820950602959,0.8513179049397026
2014-02-01,62.25401,0.2863993410071153,0.13880799266753302,0.8611920073324654
2014-03-01,61.01399,-2.0119768800539006,0.27050416091039525,0.729495839089603
2014-04-01,60.35662,-1.0832547157731298,0.20078280578499996,0.7992171942149984
2014-05-01,59.30502,-1.7576678261624679,0.20695833354338494,0.7930416664566137
2014-06-01,59.7307,0.7152169358652039,0.10470540309801214,0.8952945969019865
2014-07-01,60.05857,0.5474126668395307,0.07419002062024924,0.9258099793797494
2014-08-01,60.89517,1.3833608477868964,0.09209486466235975,0.9079051353376387
2014-09-01,60.86492,-0.049687874938975085,0.0524518689845352,0.9475481310154632
2014-10-01,61.34199,0.7807617809324263,0.05801805891811834,0.9419819410818802
2014-11-01,61.70418,0.5887075494575456,0.07216948247085546,0.927830517529143
2014-12-01,62.75295,1.6853913078755056,0.13343686369725244,0.866563136302746
2015-01-01,62.22593,-0.8433794955738705,0.07392683550960481,0.9260731644903937
2015-02-01,62.03761,-0.3030979870235484,0.047205690801325924,0.9527943091986726
2015-03-01,62.44984,0.6622860485582471,0.052645867472445235,0.9473541325275532
2015-04-01,62.75316,0.48452607910149936,0.07181139154574706,0.9281886084542513
2015-05-01,63.80033,1.6549427441479914,0.14957520454000334,0.850424795459995
2015-06-01,63.86074,0.09464123167557403,0.11701698727494292,0.8829830127250555
2015-07-01,63.63498,-0.35414559164044235,0.20714286614087035,0.792857133859128
2015-08-01,65.07233,2.2336101306128953,0.5874749436778681,0.4125250563221302
2015-09-01,66.21781,1.7450039534999462,0.5832094126138875,0.41679058738611097
2015-10-01,65.05801,-1.7670126565553446,0.515092599855007,0.48490740014499145
2015-11-01,66.11709,1.6147927667937267,0.3908130281390498,0.6091869718609487
2015-12-01,66.59551,0.7209896761246171,0.20934374657404325,0.7906562534259551
2016-01-01,67.25233,0.9814506865639672,0.18063166898379415,0.8193683310162042
2016-02-01,68.23767,1.4545093681635812,0.21937588361581983,0.7806241163841784
2016-03-01,67.02185,-1.7978072774968545,0.22265438262453932,0.7773456173754589
2016-04-01,66.46953,-0.8275038459118811,0.10483028929439572,0.8951697107056027
2016-05-01,66.90673,0.6555912812419074,0.06055257492453829,0.9394474250754601
2016-06-01,67.29686,0.5814018819571665,0.042855430410909216,0.9571445695890891
2016-07-01,67.20763,-0.13267960510452426,0.03239980965920169,0.9676001903407966
2016-08-01,66.93964,-0.3995464932088133,0.03157679388769295,0.9684232061123054
2016-09-01,66.73773,-0.3020857659683962,0.03265019472237,0.9673498052776283
2016-10-01,66.74769,0.01492297813276977,0.04075290725379922,0.959247092746199
2016-11-01,67.62566,1.3067806883311661,0.07597847410361905,0.9240215258963793
2016-12-01,67.90043,0.4054870563742874,0.061007660202547345,0.938992339797451
2017-01-01,68.08037,0.2646551645945294,0.08894656275251991,0.9110534372474784
2017-02-01,67.07545,-1.4870813835837104,0.22099150511658938,0.7790084948834091
2017-03-01,65.87666,-1.803389941210476,0.34119981071733274,0.6588001892826656
2017-04-01,64.50709,-2.1009065543703187,0.3560060340422096,0.6439939659577889
2017-05-01,64.42484,-0.12758672139243643,0.11440577744594009,0.8855942225540583
2017-06-01,64.44299,0.02816839566559537,0.05168896580460307,0.9483110341953953
2017-07-01,64.45588,0.0200001753978718,0.037643103785009235,0.9623568962149891
2017-08-01,63.96839,-0.7591903640220998,0.04308885925815144,0.9569111407418469
2017-09-01,64.44095,0.7360245498329476,0.04854313129289452,0.9514568687071039
2017-10-01,65.08128,0.9887649662088549,0.05577402132299476,0.9442259786770039
2017-11-01,64.86261,-0.3365609670638037,0.045653447349645424,0.9543465526503532
2017-12-01,64.24232,-0.9609157030831206,0.06371481684272962,0.9362851831572688
2018-01-01,63.6369,-0.9468692775810084,0.08677114367661724,0.9132288563233815
2018-02-01,64.37384,1.1513848623130762,0.1398234984030546,0.8601765015969441
2018-03-01,65.02133,1.0008030507020926,0.20993783585260645,0.7900621641473923
2018-04-01,65.63635,0.9414288427107564,0.379514392873651,0.6204856071263476
2018-05-01,67.53936,2.858088070817111,0.8088402119256994,0.19115978807429937
2018-06-01,67.79307,0.3749438286554607,0.5159112792268397,0.4840887207731591
2018-07-01,68.69336,1.3192565113634203,0.5529796116563387,0.44702038834366
2018-08-01,69.54651,1.234319493703051,0.6857193232683445,0.3142806767316543
2018-09-01,72.21528,3.7655920472829507,0.998150914752066,0.0018490852479326433
2018-10-01,73.6323,1.943213030374924,0.9413958530145782,0.0586041469854206
2018-11-01,71.85424,-2.444416554606388,0.8931222913741947,0.10687770862580412
2018-12-01,70.73107,-1.5754683729269914,0.5634157527680307,0.4365842472319683
2019-01-01,70.73287,0.002544818135419291,0.27976651615927106,0.720233483840728
2019-02-01,71.221768,0.688811496282149,0.27703642968932696,0.7229635703106723
2019-03-01,69.47865,-2.477899089668778,0.46137957423693765,0.5386204257630618
2019-04-01,69.42741,-0.07377648221273958,0.16999458172339924,0.8300054182766001
2019-05-01,69.77312,0.4967089001438829,0.11424459113024307,0.8857554088697565
2019-06-01,69.43886,-0.48021821449939495,0.1516837742164993,0.8483162257835002
2019-07-01,68.8083,-0.9122275968823423,0.3584577419713071,0.6415422580286922
2019-08-01,71.1457,3.340550981250523,0.9082788041033868,0.09172119589661266
2019-09-01,71.33366,0.2638418772184181,0.2758299821911458,0.7241700178088537
2019-10-01,71.03945,-0.41329492456805283,0.1055811291942763,0.8944188708057231
2019-11-01,71.4517,0.5786340418144853,0.06457825874332693,0.9354217412566725
2019-12-01,71.1926,-0.3632816522677551,0.060053964156534995,0.9399460358434645
2020-01-01,71.31378,0.17006961963117462,0.10527660545974574,0.8947233945402538
2020-02-01,71.48852,0.24473007397487478,0.29501768155151087,0.7049823184484888
2020-03-01,74.3507,3.9256210422876414,0.9974511773142537,0.0025488226857459315
2020-04-01,76.236488,2.5047105435975325,0.913403967585852,0.08659603241414789
2020-05-01,75.65988,-0.7592160066404396,0.3207609417541678,0.6792390582458321
2020-06-01,75.72684,0.08846219056284355,0.12093075456462532,0.8790692454353746
2020-07-01,74.99339,-0.9732678747424117,0.0829793505320191,0.9170206494679809
2020-08-01,74.67192,-0.4295858464167246,0.06645613870216947,0.9335438612978305
2020-09-01,73.481741,-1.6067164266554634,0.10365024555885148,0.8963497544411485
2020-10-01,73.45811,-0.03216418152449663,0.05730085340674401,0.9426991465932558
2020-11-01,74.21979,1.0315514429377615,0.06374739676421562,0.9362526032357842
2020-12-01,73.59365,-0.8472081363589901,0.05428028682145079,0.9457197131785491
2021-01-01,73.109395,-0.6601863769593486,0.05098500192543702,0.9490149980745628
2021-02-01,72.75646,-0.48391817090154277,0.0659039076115264,0.9340960923884735
2021-03-01,72.7928,0.049934985248434316,0.13693544305785713,0.8630645569421428
2021-04-01,74.472212,2.2809013304921244,0.42321515847028607,0.5767848415297137
2021-05-01,73.26774,-1.6305659641989934,0.304590659405152,0.6954093405948478
2021-06-01,73.55826,0.3957342420852328,0.1413832632643775,0.8586167367356222
2021-07-01,74.52697,1.3083328000797145,0.12423820225921645,0.8757617977407833
2021-08-01,74.18459,-0.4604626633530451,0.07908033205601583,0.9209196679439842
2021-09-01,73.56341,-0.8408691286466485,0.10115272974849855,0.8988472702515014
2021-10-01,74.91528,1.8210119680080794,0.18245194906509535,0.8175480509349046
2021-11-01,74.49651,-0.5605596406729418,0.10255396845740075,0.8974460315425992
2021-12-01,75.37252,1.1690473699536241,0.11046189221845451,0.8895381077815454
2022-01-01,74.4416,-1.2427826986587398,0.11118352998289542,0.8888164700171045
2022-02-01,75.00313,0.7514920635244948,0.10736462382365855,0.8926353761763415
2022-03-01,76.24447,1.6415042268489444,0.16318716804520172,0.8368128319547982
2022-04-01,76.16783,-0.10056931948350112,0.11490475181247169,0.8850952481875282
2022-05-01,77.31928,1.5004147273950608,0.18663326550730042,0.8133667344926994
2022-06-01,78.07458,0.9721181365391907,0.20104301128793028,0.7989569887120697
2022-07-01,79.60155,1.9369041310732804,0.30058114030219063,0.6994188596978091
2022-08-01,79.55505,-0.058433016693104634,0.19703032108601515,0.8029696789139846
2022-09-01,80.23155,0.8467594179877302,0.28281531318483666,0.7171846868151631
2022-10-01,82.340117,2.594160824281655,0.5626014831839066,0.43739851681609315
2022-11-01,81.81052,-0.6452595581744269,0.20871943452363362,0.7912805654763663
2022-12-01,82.46421,0.7958539335905179,0.10412606262891533,0.8958739373710846
2023-01-01,81.89959,-0.6870396290998393,0.06205581228704017,0.9379441877129598
2023-02-01,82.60855,0.8619201324445491,0.052149348777023305,0.947850651222977
2023-03-01,82.28857,-0.3880970166443731,0.03625860022930885,0.9637413997706914
2023-04-01,82.02078,-0.3259586105154533,0.03160968833748709,0.9683903116625131
2023-05-01,82.34332,0.39247063563818685,0.03130119696571104,0.9686988030342892
2023-06-01,82.233657,-0.13326653366600993,0.029307179914270363,0.97069282008573
2023-07-01,82.151943,-0.0994174754120003,0.030679443672644878,0.9693205563273555
2023-08-01,82.78539,0.7681100486910175,0.03852176870786663,0.9614782312921337
2023-09-01,83.0475,0.31611367113892896,0.0324144493690246,0.9675855506309758
2023-10-01,83.23534,0.22592839994830527,0.02976247158735131,0.970237528412649
2023-11-01,83.29801,0.0752642073895693,0.02828034257972542,0.9717196574202748
2023-12-01,83.2787,-0.023184513713214727,0.02780055797695223,0.9721994420230479
2024-01-01,83.120981,-0.1895665259488588,0.027975531038586868,0.9720244689614134
2024-02-01,82.96364,-0.18947094092505168,0.028161964757842307,0.9718380352421578
2024-03-01,82.997627777778,0.040958687178349606,0.028744192945697956,0.9712558070543023
2024-04-01,83.406011111111,0.4908356042641948,0.03162180463299139,0.9683781953670088
2024-05-01,83.39294,-0.01567289368518132,0.02870925227993954,0.9712907477200606
2024-06-01,83.470915789474,0.09346037796023055,0.028323164597209283,0.9716768354027907
2024-07-01,83.594654545455,0.1481319919593993,0.028799816947715065,0.971200183052285
2024-08-01,83.89629,0.36018159842434727,0.030251833942140382,0.9697481660578595
2024-09-01,83.808215,-0.1050359477193119,0.029401420967090336,0.9705985790329097
2024-10-01,84.029514,0.2637060565141347,0.03232316582915812,0.967676834170842
2024-11-01,84.364361,0.3976955115891023,0.040349374056287274,0.9596506259437129
2024-12-01,84.986229,0.7344182209690686,0.06293132454909205,0.937068675450908
2025-01-01,86.265748,1.4943393151724216,0.10756462704070985,0.8924353729592902
2025-02-01,87.05475,0.9104606314681796,0.0757729850597611,0.9242270149402388
2025-03-01,86.637663,-0.4802602421964508,0.05605917790096922,0.9439408220990309
2025-04-01,85.561217,-1.2502520595263356,0.07315335349458128,0.9268466465054188
2025-05-01,85.189685,-0.43517496186433746,0.061922447691688594,0.9380775523083116
2025-06-01,85.903433,0.8343434836475261,0.09845239651543466,0.9015476034845653
