,inr_usd,reer,reer_trend,reer_deviation,inr_fair_reer,reer_misalignment_pct,ect,structural_misalignment_idx
2004-04-01,43.93333,90.868,89.11290818864681,1.7550918113531822,44.79860338514468,-1.931474018744989,0.0926646000258966,-0.274470334714868
2004-05-01,45.258,89.4499,89.20212249408982,0.24777750591017877,45.38371353740183,-0.27700143422204837,0.1221913445260973,0.0432068336014943
2004-06-01,45.51591,88.9379,89.29135034190791,-0.3534503419079158,45.33574009675463,0.39741251132297867,0.122640556939487,0.14709066215657735
2004-07-01,46.04364,88.1577,89.38060718633965,-1.22290718633964,45.41367003208686,1.3871813651441027,0.173056756697532,0.4095318742222792
2004-08-01,46.34238,88.6611,89.46990575438323,-0.8088057543832292,45.92344602102933,0.9122442135087857,0.3206274857364146,0.6632604249134815
2004-09-01,46.0981,89.089,89.55924933702472,-0.4702493370247254,45.856052404429796,0.5278421994014112,0.3377970767615537,0.6425659649965911
2004-10-01,45.78368,89.0713,89.64863498446499,-0.5773349844649971,45.48883423702624,0.6481717281155646,0.2705592588554566,0.5123030861406757
2004-11-01,45.12684,88.3554,89.73805611843783,-1.382656118437822,44.431539654409555,1.5648801526990126,0.2003706666998574,0.49701618218662913
2004-12-01,43.98043,88.7982,89.82750170593181,-1.0293017059318146,43.476473741984364,1.1591470389397607,0.1758531632378588,0.3809232825271927
2005-01-01,43.75684,89.8529,89.91695004529258,-0.06405004529257496,43.725670931404494,0.07128322546359535,0.1750847918432168,0.21325666548929242
2005-02-01,43.677,90.0899,90.00637149272296,0.08352850727703753,43.71753351503714,-0.09271683871002928,0.1514536477039207,0.13600257373372523
2005-03-01,43.69,89.1764,90.09573591021248,-0.9193359102124816,43.24418771475254,1.0309183934454371,0.1453005239691496,0.2938275039756749
2005-04-01,43.74118,89.9783,90.18501380426079,-0.20671380426078656,43.64092048526199,0.22973739697326537,0.2001687229954338,0.2928758603592792
2005-05-01,43.49143,90.3482,90.27416858772624,0.07403141227376864,43.527096149409914,-0.08194010757686711,0.1483503734356528,0.13078731016700787
2005-06-01,43.58591,91.5981,90.36316207845326,1.234937921546745,44.181571903214405,-1.3482134689985286,0.14524171133848,-0.06927099750180532
2005-07-01,43.53737,93.6529,90.45195666551629,3.2009433344837106,45.07808464498878,-3.4178795685811205,0.1686259471151139,-0.33333842415512643
2005-08-01,43.62591,92.5839,90.54052426683182,2.043375733168176,44.610487089134836,-2.2070529899563414,0.0910517000376156,-0.3200787193383013
2005-09-01,43.9165,91.752,90.62886149895313,1.123138501046867,44.460745080048746,-1.2241024730216907,0.034543165473595,-0.29502145124877066
2005-10-01,44.8225,91.1678,90.71698074522158,0.45081925477842333,45.04524601603041,-0.4944939493751325,0.1311892108367587,0.029914085758003944
2005-11-01,45.7285,91.1387,90.80490305517063,0.3337969448293734,45.89659701985317,-0.36625159765212767,0.3206259014842274,0.46820522435973116
2005-12-01,45.64545,90.4363,90.89265295687738,-0.45635295687738164,45.416273764101355,0.5046125912685309,0.3422953705345879,0.6489648906648292
2006-01-01,44.3985,91.237,90.9802575540127,0.25674244598729956,44.52379069266923,-0.2814016747452296,0.1006355813873298,-0.005110793142056841
2006-02-01,44.33105,91.4411,91.06774042900545,0.37335957099455186,44.512798462537525,-0.4083060800827626,0.1499322241057825,0.08449228237952779
2006-03-01,44.4819,90.8153,91.15512714532196,-0.3398271453219621,44.31607107113023,0.37419591778252453,0.1735762410341372,0.2561356006928477
2006-04-01,44.94941,89.0325,91.24244614728934,-2.209946147289344,43.8607086373461,2.4821791450193373,0.1831967721598939,0.5990017174602762
2006-05-01,45.40909,87.5186,91.32972325711177,-3.8111232571117597,43.514201536404386,4.354643763853352,0.2668163502016885,1.0695019214176749
2006-06-01,46.05545,88.2731,91.4169672449398,-3.1438672449397984,44.471584060562186,3.5615235501413163,0.3676786025031386,1.1714441447984145
2006-07-01,46.45619,87.6963,91.50415747410871,-3.8078574741087152,44.52296035018689,4.3420959311951774,0.3219461376187364,1.1894450620327819
2006-08-01,46.53909,87.5329,91.5912490497189,-4.058349049718899,44.47697300044084,4.636369924587088,0.308056028995896,1.2036381670448073
2006-09-01,46.12095,89.2017,91.67816769525439,-2.476467695254385,44.8751022085268,2.776256164685631,0.4758061973149541,1.2906435509769623
2006-10-01,45.46842,91.9043,91.76480781977757,0.13949218022243315,45.53753679093282,-0.15177981903180005,0.5452672032873291,0.9974671973351688
2006-11-01,44.85045,92.2705,91.85104472380374,0.4194552761962598,45.055268115557055,-0.4545930456605849,0.4177604309952833,0.6694312458201147
2006-12-01,44.6345,90.9644,91.93675478417673,-0.9723547841767299,44.16243015463489,1.0689399195473581,0.4142345724110345,0.8940731836565916
2007-01-01,44.333,91.5488,92.021817614278,-0.4730176142780067,44.105116108576695,0.5166835767131992,0.2303603760019203,0.40338821455504975
2007-02-01,44.16056,91.6216,92.10610532475154,-0.48450532475153807,43.92826240812408,0.5288112462034437,0.2637573211608028,0.4790582121045594
2007-03-01,44.0255,91.1494,92.18948637641398,-1.0400863764139814,43.52880211649244,1.1410786866550737,0.1700075727033283,0.3652457680867916
2007-04-01,42.15105,94.1569,92.27182549161508,1.8850745083849176,43.012178187648985,-2.0020566823938744,0.1372236329260499,-0.18674651375652188
2007-05-01,40.77952,97.2921,92.3529793673467,4.9391206326532995,42.96044550994529,-5.07658960249937,0.0913362815026506,-0.7572360191483571
2007-06-01,40.7719,98.0085,92.4328192459287,5.5756807540713,43.23131971684406,-5.688976725560856,0.0239020467178452,-0.9997188142366027
2007-07-01,40.41636,98.9737,92.51125448017962,6.462445519820378,43.239676212465874,-6.529457340505991,0.1000481492281171,-0.9596340051533716
2007-08-01,40.81762,98.6515,92.58823744514609,6.063262554853907,43.490615552711326,-6.146143297216876,0.1920266746682397,-0.6978473072564554
2007-09-01,40.34,98.8035,92.66377038042354,6.139729619576457,43.01285360650552,-6.214081099937208,0.0436038670161451,-1.0362821328012881
2007-10-01,39.51318,99.701,92.7379023100407,6.963097689959298,42.479972708563956,-6.983979789529979,-0.1079739268123951,-1.4887842161521596
2007-11-01,39.44,98.4035,92.81072963248323,5.5927703675167635,41.81665261514828,-5.683507565804842,-0.1769752104591653,-1.4428984042777155
2007-12-01,39.44,98.4681,92.88240247384266,5.585697526157347,41.8118153769083,-5.672596024659098,-0.1669032070031333,-1.4189708017474967
2008-01-01,39.37478,97.2519,92.95311411430278,4.298785885697228,41.195738341517135,-4.420259023933961,-0.1501995450164202,-1.1909886307610704
2008-02-01,39.72952,95.8941,93.02310093356526,2.8709990664347345,40.95570375097345,-2.9939267029303664,-0.1700557795671651,-1.0172722040224433
2008-03-01,40.35667,93.4735,93.09263248097594,0.3808675190240649,40.521780217310855,-0.4074604235682597,0.0229328752373128,-0.19609483429871377
2008-04-01,40.02778,93.6252,93.16200045865126,0.4631995413487431,40.226797295098095,-0.4947381061388808,0.0027765073617072,-0.2539633396663559
2008-05-01,42.1255,88.8381,93.23149950750033,-4.393399507500334,40.14039676846487,4.945400123933686,0.0240661631372827,0.62306089080901
2008-06-01,42.82,87.8737,93.30142784250269,-5.427727842502691,40.328984464757674,6.176737570516193,-0.0263423639745283,0.6994962208445765
2008-07-01,42.83652,88.2374,93.3720497789504,-5.134649778950404,40.48088436310741,5.819130866220456,-0.0196543698281548,0.6597214898035273
2008-08-01,42.93895,90.8741,93.44358775151943,-2.569487751519432,41.75822579256169,2.8275248409826594,0.0477600480791053,0.3523229467083186
2008-09-01,45.564,88.2564,93.51622457567446,-5.2598245756744575,43.001250615564615,5.9597089567152715,0.182164465277026,1.1272637883577517
2008-10-01,48.64222,87.5797,93.59012324058578,-6.01042324058578,45.51838257529509,6.862804097965376,0.3563417836276006,1.650040193078871
2008-11-01,49.00333,89.6112,93.66540615035754,-4.054206150357544,46.88227367793501,4.524218122687286,0.5372936424280574,1.6932288985602924
2008-12-01,48.6419,87.905,93.74214933237131,-5.837149332371311,45.613059332995746,6.640292739174456,0.5490261291136864,2.041997678270426
2009-01-01,48.8345,88.1126,93.8203975315539,-5.707797531553894,45.86353157641255,6.477844861636013,0.4758858438860525,1.8555466462823094
2009-02-01,49.22222,89.458,93.90015045309954,-4.4421504530995435,46.89365603263153,4.965626833932733,0.4164983595569946,1.4935688998818422
2009-03-01,51.23158,86.4524,93.9813637605549,-7.528963760554902,47.12735450484006,8.708796702642042,0.3697024725589717,1.961203273116841
2009-04-01,50.06188,86.2497,94.06395884161437,-7.814258841614361,45.90304495589414,9.060041764335837,0.4047281355712329,2.092210257770951
2009-05-01,48.534,87.8033,94.14779899011617,-6.344498990116179,45.26335621130532,7.225809269260012,0.4029409420336414,1.8084231003897462
2009-06-01,47.77364,88.9404,94.23268720469143,-5.2922872046914335,45.09058137996579,5.9503748630447255,0.4527718720202909,1.7239834811909582
2009-07-01,48.47652,90.4031,94.31837752950378,-3.9152775295037827,46.46419711621026,4.330910698309885,0.7134817716073005,2.0531790187278887
2009-08-01,48.337,90.7601,94.4045831731674,-3.6444831731674014,46.47095306435225,4.015512513943236,0.6630419642167293,1.89356992345638
2009-09-01,48.43895,90.2903,94.49098713382169,-4.200687133821688,46.28555018682352,4.6524234982292665,0.6509042140909234,1.963910269737307
2009-10-01,46.72105,93.452,94.57724428859392,-1.125244288593919,46.16518061445108,1.2040879687902988,0.5160277050511546,1.1396927860418313
2009-11-01,46.569,95.2518,94.662977101902,0.5888228980980017,46.85866861576737,-0.6181750876077996,0.5044654970887574,0.8361252837674622
2009-12-01,46.63,95.7093,94.74779935572334,0.9615006442766543,47.103201228392564,-1.0046052413680286,0.5469342229164234,0.8710419684867594
2010-01-01,45.963,97.977,94.8313293754219,3.145670624578102,47.48764865640654,-3.210621497471956,0.4452971209303857,0.30982850760920666
2010-02-01,46.32579,97.1173,94.9131929053481,2.204107094651903,47.4015835675621,-2.2695308607754816,0.3883037261261872,0.32742776628171416
2010-03-01,45.498,98.1989,94.99303996200223,3.205860037997766,47.03348323189959,-3.2646598261261186,0.3613899349718554,0.11611792388900988
2010-04-01,44.49895,99.9212,95.07053756888376,4.850662431116234,46.7693630060559,-4.854487767477,0.2326306697042959,-0.41103787812645787
2010-05-01,45.8045,99.6772,95.14537748606645,4.531822513933548,47.98619153167601,-4.54649861145131,0.3194004969170745,-0.172256177134948
2010-06-01,46.56455,99.7001,95.21728890157493,4.482811098425074,48.75679978931023,-4.496295488595368,0.3872088065571653,-0.014715252590099204
2010-07-01,46.83636,98.9576,95.28603597120019,3.671564028799807,48.641059847812876,-3.7102395660361513,0.1924385786185087,-0.32530703100814645
2010-08-01,46.56714,98.6907,95.35141744032497,3.3392825596750413,48.19795832059041,-3.3835838226651886,0.0990069332505481,-0.4819902465370166
2010-09-01,46.059,100.1057,95.41326038430134,4.69243961569866,48.32418908785791,-4.687484944112742,0.0858965875608799,-0.7098966413306913
2010-10-01,44.4107,102.0638,95.47141764455053,6.592382355449473,47.47729649868383,-6.459079865191654,0.0369966527562262,-1.0882644018223735
2010-11-01,45.01825,101.2164,95.5257782695896,5.690621730410399,47.70005837000941,-5.622232889542012,-0.0448079228156412,-1.1414109163987676
2010-12-01,45.1568,102.5215,95.57628217508334,6.945217824916668,48.43819790687483,-6.774401296232164,0.0160075988653698,-1.1827645903262691
2011-01-01,45.39338,102.2926,95.62291318581492,6.66968681418507,48.559562852523726,-6.5202046034464525,-0.0571887649456588,-1.3057748546711048
2011-02-01,45.43579,100.6506,95.66570871621123,4.98489128378877,47.80333085222886,-4.952669217857389,-0.1238498059540953,-1.2139721594994346
2011-03-01,44.99136,100.6183,95.70475764433193,4.913542355668071,47.30124467491514,-4.883348611204982,-0.1712469132658283,-1.3081617317417298
2011-04-01,44.37,100.7618,95.74018731190398,5.021612688096013,46.69722497445037,-4.983647263244609,-0.1769970289293798,-1.3361735470566662
2011-05-01,44.90452,100.0369,95.77216297378979,4.264737026210213,46.90411949887116,-4.263163918724212,-0.2452488312577436,-1.3771161901282445
2011-06-01,44.85364,101.3161,95.80088863186326,5.515211368136747,47.435842615895524,-5.44356856228847,-0.2570698408151557,-1.5833316235636112
2011-07-01,44.4174,103.3778,95.82660119491976,7.551198805080233,47.91752015058876,-7.304468469129972,-0.2878066029267909,-1.9351766431938047
2011-08-01,45.2788,102.2133,95.84958012739794,6.363719872602061,48.284985306024204,-6.225921550915632,-0.2386612058132335,-1.6620000954980731
2011-09-01,47.632,99.7526,95.87016315915938,3.882436840840626,49.56094457993058,-3.8920658116586715,-0.1136203654783116,-1.029551976905542
2011-10-01,49.25792,97.3456,95.88873712284244,1.4568628771575618,50.00630857208082,-1.496588317456121,-0.1082236177358417,-0.6521608937739108
2011-11-01,50.85644,94.8053,95.90571880815993,-1.1004188081599295,50.27291501538463,1.1607144412389736,-0.0744710022848433,-0.17214776245983993
2011-12-01,52.6769,91.7293,95.92153624605054,-4.192236246050541,50.3746640459895,4.570225921325613,-0.2231632506435872,0.019353417136713458
2012-01-01,51.3392,94.5509,95.93660897656704,-1.3857089765670452,50.59765627598587,1.4655693140594586,-0.2828660378146956,-0.5862691491621048
2012-02-01,49.1671,98.3884,95.95132419226046,2.4370758077395465,50.41589933607394,-2.4769950601285693,-0.2843166131332868,-1.1909665849932984
2012-03-01,50.3213,96.3103,95.96605839348284,0.3442416065171585,50.50180845730274,-0.35742968978100753,-0.1560141724989048,-0.5840019804471649
2012-04-01,51.8121,94.0422,95.98120688518351,-1.9390068851835167,50.765394901198775,2.0618476441252094,0.0324486707083604,0.2016647323443886
2012-05-01,54.47353,91.1764,95.99716762849704,-4.8207676284970375,51.737988561421055,5.2872976214207235,0.1190838738720998,0.8852466765919086
2012-06-01,56.03021,90.3804,96.01432362308508,-5.6339236230850815,52.74247217283355,6.23356792300662,0.1455146674342433,1.0880348683373897
2012-07-01,55.49475,92.6024,96.03302067132819,-3.4306206713281853,53.51229193329222,3.704677925548571,0.137997047583287,0.6856019950747188
2012-08-01,55.55979,92.9504,96.05356110397409,-3.103161103974088,53.76484375030979,3.338512910083312,0.1526266334158315,0.6620754711965071
2012-09-01,54.60552,94.2042,96.07622078093192,-1.8720207809319191,53.5415452998848,1.9871946059007102,0.0287920923750046,0.18219300139399383
2012-10-01,53.02393,97.2226,96.10125161796651,1.1213483820334886,53.64263472146318,-1.1533824255198808,0.0189981041471654,-0.31859256710671724
2012-11-01,54.77581,94.7946,96.12889108623789,-1.334291086237883,54.01550917681779,1.4075602262553821,0.074686523410909,0.1952058795691198
2012-12-01,54.6478,94.4151,96.15938530928547,-1.7442853092854733,53.656515016031136,1.8474643455183233,0.1956398359029343,0.5296712861100091
2013-01-01,54.3168,95.3643,96.19297011519282,-0.8286701151928213,53.84887901929835,0.868952129038667,0.2558325314876608,0.5134345162192501
2013-02-01,53.77372,96.6519,96.22986787305189,0.42203212694811043,54.009553613067524,-0.43665166121733573,0.2639747676095414,0.3322445231239257
2013-03-01,54.40462,96.4249,96.27029455789514,0.1546054421048524,54.491991191355275,-0.16033767429870444,0.2760753324284355,0.4011467120482836
2013-04-01,54.37571,96.3815,96.31446940117581,0.06703059882418927,54.41355308240965,-0.06954716291424234,0.2149682485383852,0.2799284782120877
2013-05-01,55.01081,96.3492,96.36261282729039,-0.013412827290395057,55.00315297958528,0.013921057248410421,0.2483621017141697,0.36647560001490925
2013-06-01,58.3973,92.122,96.41494577784675,-4.292945777846754,55.79711762733872,4.660065758284398,0.31125297081776,1.2143197235224856
2013-07-01,59.7754,92.808,96.47168909095875,-3.6636890909587407,57.50531970026344,3.9476005203848232,0.2295080042360702,0.9249365907048678
2013-08-01,63.2088,88.743,96.53303048015864,-7.790030480158649,58.10797102814399,8.778191496972886,0.3032303720793088,1.8248621391111781
2013-09-01,63.75214,88.6117,96.59912938977266,-7.987429389772657,58.48070826025583,9.013966992815464,0.3699658969568542,2.0083433641405852
2013-10-01,61.61556,91.6186,96.6700851558671,-5.051485155867098,58.39584537775061,5.513602211632908,0.4082890945656352,1.5590243491846985
2013-11-01,62.63296,91.791,96.74593548310875,-4.9549354831087555,59.42515313590373,5.398062427807467,0.428146775952376,1.585290118369874
2013-12-01,61.91031,91.8846,96.82667909865543,-4.942079098655427,58.75037875077753,5.378571706962236,0.2222357148917115,1.1271759713112663
2014-01-01,62.07597,91.6709,96.91227649713805,-5.241376497138049,58.71867057463096,5.7176012203851485,0.0178130713447295,0.7270488590766461
2014-02-01,62.25401,90.9715,97.00265003986114,-6.0311500398611315,58.38336033487511,6.629713745361064,0.0150140501691833,0.8600169838666554
2014-03-01,61.01399,92.6292,97.09768164540927,-4.46848164540927,58.20609706364919,4.824052939471857,-0.0435968081388562,0.4549872368405684
2014-04-01,60.35662,93.3653,97.19720669571555,-3.8319066957155457,57.97711811747364,4.1042086253838965,-0.055475142435414,0.3189097551696265
2014-05-01,59.30502,95.5325,97.30102609368808,-1.768526093688081,58.22710253533004,1.8512297843017667,-0.0889761131789335,-0.09886210572596371
2014-06-01,59.7307,95.5816,97.40891117505356,-1.8273111750535662,58.61020112277074,1.9117813209378882,-0.1124111785494328,-0.1414244288276793
2014-07-01,60.05857,96.6568,97.52061962950407,-0.8638196295040643,59.52658228414008,0.8936977320830655,-0.045889731615528,-0.14970943165678569
2014-08-01,60.89517,96.5206,97.6358950471084,-1.115295047108404,60.19956433713333,1.155499496592857,-0.0487190223493865,-0.11602185033330314
2014-09-01,60.86492,97.3402,97.75447435266042,-0.4142743526604278,60.606980140983794,0.4255943101210212,-0.080293029545766,-0.2971690679393066
2014-10-01,61.34199,97.3615,97.87608586528239,-0.5145858652823847,61.019483018613954,0.5285311599373401,-0.1654413252463307,-0.46967429834907637
2014-11-01,61.70418,98.0225,98.00045470753518,0.022045292464810018,61.71806041207014,-0.02249003286471069,-0.1957329479555465,-0.6206958112706501
2014-12-01,62.75295,97.0366,98.12730203140968,-1.090702031409677,62.055440044819115,1.124010972570837,-0.0049583998707802,-0.02409847967117043
2015-01-01,62.22593,98.2017,98.2563491589994,-0.05464915899939626,62.191320585223636,0.055649911355291744,0.1698689357640717,0.19934259784600755
2015-02-01,62.03761,99.9518,98.38730899648706,1.5644910035129413,63.024091729344896,-1.5652454518207288,0.0914028724608702,-0.22138614105054183
2015-03-01,62.44984,100.9753,98.51989402837977,2.4554059716202374,64.00627397280307,-2.431689701957054,0.100838684630272,-0.3327171633216081
2015-04-01,62.75316,99.80049612,98.6538288108744,1.146667309125604,63.4825487929507,-1.148959527963525,0.075620229967237,-0.19276168690221185
2015-05-01,63.80033,97.9177341,98.78885684620155,-0.8711227462015501,63.2377370066962,0.8896475742707709,0.0782880659403293,0.12415211002160807
2015-06-01,63.86074,99.41700742,98.9247304843334,0.49227693566660946,64.17852877983985,-0.49516370331580006,0.1052605949020524,-0.0275000478586295
2015-07-01,63.63498,100.9044926,99.061195353616,1.8432972463839974,64.81907820302476,-1.8267742088462848,-0.0306748646410941,-0.5311233911169132
2015-08-01,65.07233,100.6024892,99.1980008808286,1.4044883191713922,65.99365227035564,-1.396077105387761,-0.0104034077127597,-0.4206072530482903
2015-09-01,66.21781,100.017626,99.33491071572293,0.6827152842770801,66.67291597082763,-0.6825949700876446,0.0831986364760855,-0.1048603958970431
2015-10-01,65.05801,101.84318,99.47169934515196,2.3714806548480425,66.60904223503368,-2.3285610826842174,0.1634133214168223,-0.17867012127323623
2015-11-01,66.11709,101.5046976,99.60814652383353,1.8965510761664746,67.37596733652882,-1.868436753183793,0.1860019365021727,-0.05854267733772564
2015-12-01,66.59551,100.4267786,99.74405030494731,0.6827282950526978,67.0513430934172,-0.679826939159328,0.1533393758556815,0.05059921201189253
2016-01-01,67.25233,100.6482307,99.8792233755547,0.7690073244452975,67.7701307257981,-0.7640544886849171,0.0294473846287548,-0.23609853993215735
2016-02-01,68.23767,97.95985916,100.01348369068245,-2.0536245306824554,66.83651339733613,2.096393919195231,0.0468914602600847,0.2388592053102164
2016-03-01,67.02185,98.65239086,100.14665513905574,-1.4942642790557414,66.02183301259115,1.5146761938859536,0.0232189701378136,0.09778528671733264
2016-04-01,66.46953,99.15870511,100.27854576353153,-1.1198406535315257,65.72724478486874,1.1293417479476406,0.0491243709367044,0.0962579837026259
2016-05-01,66.90673,99.87957359,100.40895207714979,-0.5293784871497849,66.55398273220335,0.5300167673150553,0.1170104387211168,0.15487655129769295
2016-06-01,67.29686,100.5965447,100.53766195220474,0.058882747795252044,67.33627432452124,-0.058533568892291686,0.0889933759500554,0.0031570932285294936
2016-07-01,67.20763,102.1714965,100.66445917627999,1.507037323720013,68.2137885556368,-1.4750075856234763,0.1285838898940756,-0.12543516724784307
2016-08-01,66.93964,101.9446432,100.78912799130138,1.155515208698617,67.70708162417483,-1.133473199206419,0.0246438576540057,-0.30307591730794586
2016-09-01,66.73773,101.8792855,100.9114642675691,0.967821232430893,67.37779793050765,-0.9499686100869764,-0.1020221215498118,-0.5550590899352844
2016-10-01,66.74769,102.7870934,101.03127279139572,1.7558206086042816,67.90769686164484,-1.7082111678860639,-0.1612588777535091,-0.8016745912746794
2016-11-01,67.62566,102.642463,101.14836581685019,1.4940971831498189,68.62458180460533,-1.455632629499382,-0.203745803003958,-0.8570523643102607
2016-12-01,67.90043,102.5749915,101.26256914599999,1.312422354000006,68.78045944157707,-1.2794759568661684,-0.2489311633857802,-0.9300538712992995
2017-01-01,68.08037,101.5124982,101.37372010944026,0.13877809055973955,68.17357032591288,-0.13671034899201878,-0.4121573582580016,-1.1165006697150643
2017-02-01,67.07545,102.3752804,101.48166616448185,0.8936142355181431,67.6660943916346,-0.8728808673603863,-0.3921742715299778,-1.1846432577700892
2017-03-01,65.87666,104.0422923,101.58625583925419,2.456036460745807,67.46935064043637,-2.360613560554749,-0.3784569465591705,-1.3812964252460385
2017-04-01,64.50709,106.0465878,101.68734455705831,4.359243242941687,67.27244981374304,-4.110686947479203,-0.395516433623186,-1.6860014703621145
2017-05-01,64.42484,105.7495414,101.78480669209391,3.9647347079060893,66.93432454391609,-3.7491743750541575,-0.4561999955560178,-1.7649812773922187
2017-06-01,64.44299,105.4512675,101.87855025469689,3.57271724530311,66.7029022301633,-3.3880268393199957,-0.4354433450741304,-1.6640034000274162
2017-07-01,64.45588,106.7709746,101.96851384729196,4.802460752708043,67.49158996871482,-4.497908509966953,-0.3849970453746909,-1.7218255294309621
2017-08-01,63.96839,107.5006409,102.05466363956647,5.445977260433523,67.38195666028422,-5.06599515578659,-0.3431907028642502,-1.716087096415853
2017-09-01,64.44095,105.6433857,102.1370028572321,3.5063828427678914,66.6532201384483,-3.3190746581381982,-0.3274589360151809,-1.414797825901692
2017-10-01,65.08128,105.9591199,102.21557674743005,3.7435431525699556,67.4648167158031,-3.533007027713105,-0.2796742661070031,-1.3418140608760556
2017-11-01,64.86261,107.6506383,102.2904576127246,5.3601806872754025,68.26151266953921,-4.979237254810977,-0.2393313153203538,-1.4732828634238189
2017-12-01,64.24232,107.6348225,102.36174664104391,5.273075858956091,67.55170693243734,-4.899042648540706,-0.23823847757766,-1.4586325189187181
2018-01-01,63.6369,106.2692202,102.42958637973508,3.839633820264922,66.02236695435215,-3.613119408459659,-0.1201137982908804,-1.0013478773203233
2018-02-01,64.37384,103.7386379,102.49416006345892,1.2444778365410798,65.1554632367136,-1.199628086249524,-0.1437361035707871,-0.6853515201594111
2018-03-01,65.02133,102.9983614,102.55568055368035,0.44268084631964655,65.30199409620444,-0.42979406691769884,-0.1636410299166186,-0.6119003494049071
2018-04-01,65.63635,102.7563781,102.61437031431672,0.14200778568329042,65.72718399035907,-0.13819851215959067,-0.1869463141228475,-0.6189269409763763
2018-05-01,67.53936,101.754017,102.6704552250327,-0.9164382250326923,66.93650252690726,0.9006408317351247,-0.182189078447351,-0.4499227806612198
2018-06-01,67.79307,102.2995894,102.7241622612322,-0.4245728612321926,67.51287206926958,0.4150289006264389,-0.187457497479623,-0.5356545792257087
2018-07-01,68.69336,102.697442,102.77571132703648,-0.07826932703648026,68.64104624814509,0.0762135117605733,-0.0488039802687296,-0.280869204684971
2018-08-01,69.54651,102.3487811,102.82531905054157,-0.47653795054156944,69.22420075118134,0.4656019792516779,-0.0303528761502906,-0.1806789151531718
2018-09-01,72.21528,98.31422308,102.87320145591357,-4.5589783759135685,69.01495284704721,4.637150386881298,0.0319819513627006,0.5935301125250145
2018-10-01,73.6323,96.98295417,102.91957089032823,-5.936616720328232,69.38503449398628,6.121299120175312,0.0198878841336114,0.7932245064620896
2018-11-01,71.85424,99.71367366,102.96460452365898,-3.2509308636589793,69.58556556006579,3.260265863580446,-0.0057149731117966,0.3001435711804633
2018-12-01,70.73107,100.6870795,103.00843371855156,-2.321354218551562,69.13710471191703,2.3055135078692715,0.020574743497514,0.21259340395543633
2019-01-01,70.73287,99.68380247,103.05116475330861,-3.3673622833086085,68.42155989304148,3.378043573650813,0.1621717122257884,0.6892046041952933
2019-02-01,71.221768,98.71113003,103.092885994549,-4.3817559645489865,68.19462986404535,4.438968496477843,0.2039985852306216,0.9435160002508829
2019-03-01,69.47865,101.4173969,103.13365982615782,-1.7162629261578246,68.32244521336203,1.6922766493899561,0.2043605693474521,0.5252714073567202
2019-04-01,69.42741,101.8318838,103.17351482217491,-1.3416310221749086,68.52460110368781,1.3174960259106032,0.254589887573049,0.5791192004995518
2019-05-01,69.77312,102.3821473,103.2124663138705,-0.8303190138704934,69.21181233763983,0.8109998039379754,0.2972547336535722,0.5961516939456997
2019-06-01,69.43886,103.0862696,103.25051928042366,-0.16424968042366572,69.32839749924486,0.159332257400513,0.3065400300240117,0.5172550447153396
2019-07-01,68.8083,104.6668946,103.287672294231,1.3792223057690052,69.7271118976261,-1.3177254479937537,0.0922730153163708,-0.18170030005892948
2019-08-01,71.1457,102.4718522,103.32392266033041,-0.8520704603304097,70.55899028371468,0.8315165989850369,0.1600853947029126,0.29608618592182173
2019-09-01,71.33366,102.7700241,103.35927832590727,-0.5892542259072684,70.92698474756746,0.5733716918601741,0.2126823211214894,0.3729616243093095
2019-10-01,71.03945,103.7131004,103.39374066352914,0.319359736470858,71.25887469520342,-0.30792613010233916,0.2539848039724681,0.32980176921234655
2019-11-01,71.4517,103.8286179,103.42730649904894,0.40131140095105877,71.72894188899377,-0.386513284167533,0.2962774966886474,0.4112949369623832
2019-12-01,71.1926,104.9795028,103.4599751225151,1.519527677484902,72.23821330122115,-1.4474517757812217,0.3520503345601753,0.37271339113952673
2020-01-01,71.31378,104.0760112,103.49174892051468,0.5842622794853156,71.71638167690773,-0.561380353405882,0.2269753862388182,0.23143299454092225
2020-02-01,71.48852,103.7744902,103.52264200438518,0.2518481956148264,71.66243610589315,-0.24268796226263623,0.201318348938944,0.22334213384688753
2020-03-01,74.3507,101.0429696,103.55267299366072,-2.5097033936607147,72.54873585251273,2.4837981341956867,0.1970613606232341,0.6298946499506466
2020-04-01,76.236488,102.4142391,103.58186245114858,-1.1676233511485776,75.37711453931966,1.140098643908753,0.2830096406674176,0.6148731483842698
2020-05-01,75.65988,102.6470169,103.61021157466068,-0.9631946746606843,74.9565208195301,0.9383562267562463,0.2730600820809883,0.5621023829970455
2020-06-01,75.72684,101.5053325,103.63771255256948,-2.132380052569488,74.16873533826103,2.1007566795266563,0.2341046533695756,0.6533360868163358
2020-07-01,74.99339,103.2270672,103.66435014118976,-0.4372829411897641,74.67704855663662,0.4236126754841747,0.2236867028120901,0.37443768156995966
2020-08-01,74.67192,103.0570661,103.69009264328655,-0.6330265432865474,74.21604898867027,0.6142485588249604,0.2206462616916109,0.3968012309288146
2020-09-01,73.481741,105.5668841,103.714904987528,1.8519791124719944,74.79386339452412,-1.7543182488153009,0.1968717230408376,-0.017106067648567203
2020-10-01,73.45811,106.3671939,103.73874721811822,2.6284466818817833,75.31933090987701,-2.471106537183715,0.2282734678446676,-0.057052124731464815
2020-11-01,74.21979,104.8518559,103.76159366922359,1.0902622307764176,74.99964534870557,-1.0398120485499425,0.1966990268682327,0.091519721638043
2020-12-01,73.59365,103.3003957,103.78343895623489,-0.4830432562348932,73.25112024099671,0.4676102670871909,0.0584928280673509,0.01600976262188311
2021-01-01,73.109395,102.9834764,103.80428610706004,-0.820809707060036,72.53129843632443,0.7970304904758958,-0.0574795625881296,-0.1900751848588131
2021-02-01,72.75646,103.4846879,103.82413442242137,-0.33944652242136897,72.51858729855077,0.3280161822098647,0.0143839549733399,-0.10278432098242823
2021-03-01,72.7928,103.9536008,103.84297686963299,0.11062393036701224,72.87034617482249,-0.10641664118960932,0.0273938676626936,-0.14030609975121605
2021-04-01,74.472212,102.2146729,103.86080379682294,-1.646130896822939,73.29187250091654,1.6104643786644945,-0.0980084453652629,-0.15555893793592665
2021-05-01,73.26774,104.7702598,103.87760640569896,0.8926533943010497,73.89735305200212,-0.8520102899478015,-0.1643818243966475,-0.6779525354295215
2021-06-01,73.55826,104.7942816,103.89336319634148,0.9009184036585225,74.1961254818389,-0.8597018748573767,-0.1639100611338548,-0.6780832164349997
2021-07-01,74.52697,104.879404,103.90805955658864,0.9713444434113541,75.22365665263027,-0.9261536644614871,-0.1696727872183121,-0.7009591122725586
2021-08-01,74.18459,105.2338976,103.92168782580946,1.3122097741905492,75.12131212344633,-1.246945902525,-0.2014061963617646,-0.8200429956014781
2021-09-01,73.56341,106.0359342,103.93424783831463,2.101686361685367,75.05095831763043,-1.9820510636717388,-0.2554324072908054,-1.0516113196365287
2021-10-01,74.91528,105.697097,103.94574955349034,1.751347446509655,76.17750269689863,-1.6569494302285925,-0.2943919091189046,-1.0881277938774554
2021-11-01,74.49651,106.4656571,103.95621914743849,2.5094379525615125,76.2948090441605,-2.357039838869799,-0.3259316269206618,-1.2646505744797847
2021-12-01,75.37252,105.0581811,103.96569630974433,1.0924847902556678,76.16454404856613,-1.0398854985084682,-0.2810552831135418,-0.964507468350787
2022-01-01,74.4416,105.36,103.97424009294039,1.385759907059608,75.43375136946572,-1.3152618707855173,-0.2563015524342038,-0.9518048134919087
2022-02-01,75.00313,104.0964417,103.98191797922576,0.114523720774244,75.08573703095541,-0.11001694092895331,-0.3361802683747772,-0.9444904035284994
2022-03-01,76.24447,103.3416425,103.98880814339132,-0.6471656433913182,75.76996892278272,0.6262389756301048,-0.3394011735380546,-0.8392840867288702
2022-04-01,76.16783,105.0322459,103.99498964389865,1.037256256101358,76.92753542861436,-0.9875598176667746,-0.2373525652754642,-0.8599251065446278
2022-05-01,77.31928,105.3493913,104.00053654564728,1.3488547543527147,78.32208711903206,-1.2803631209520927,-0.1961942765574349,-0.8136209458019328
2022-06-01,78.07458,104.239494,104.00553091705727,0.23396308294272217,78.25021075035716,-0.22444763876416277,-0.2813528445145916,-0.8407591984123016
2022-07-01,79.60155,103.7234223,104.0100652343786,-0.2866429343786052,79.38217486720234,0.27635313993935806,-0.2337974138076024,-0.6592400014073558
2022-08-01,79.55505,104.0068009,104.01423377913184,-0.007432879131840764,79.54936497931106,0.0071465318301509265,-0.2053951141620711,-0.6375313620895028
2022-09-01,80.23155,104.9153884,104.01812862108657,0.8972597789134227,80.92362688860774,-0.8552222820665161,-0.1424229072432981,-0.6299051355762512
2022-10-01,82.340117,104.1563771,104.02184177265991,0.13453532734008888,82.44661054409652,-0.12916667330981507,-0.1096392245207464,-0.44667138669013573
2022-11-01,81.81052,103.5273779,104.02547216956977,-0.4980942695697621,81.41879525842806,0.4811232349097982,-0.0920915158181081,-0.3147764592187901
2022-12-01,82.46421,100.3921038,104.02911978561525,-3.6370159856152497,79.5811360046685,3.622810806775075,-0.0222332911780842,0.31894299871168147
2023-01-01,81.89959,100.2387842,104.03288075127554,-3.794096551275544,78.91269826225418,3.785058429784453,0.0101060576005114,0.41517812625009237
2023-02-01,82.60855,99.38940824,104.03682313363481,-4.647414893634817,78.9183546052556,4.6759659564653955,0.04861073076726,0.636207780092517
2023-03-01,82.28857,100.1112574,104.04098572434096,-3.9297283243409566,79.18045138648269,3.925361069674229,0.0955507828046045,0.6254480263481618
2023-04-01,82.02078,100.2732391,104.04537145535903,-3.772132355359034,79.04714230980701,3.761853500710375,0.0444352592541061,0.4875182976388488
2023-05-01,82.34332,100.8011812,104.04995293667626,-3.248771736676261,79.77229864756464,3.2229500666568254,0.0681308914663425,0.45767756762731604
2023-06-01,82.233657,102.9172548,104.05467367232029,-1.1374188723202963,81.33476308096024,1.1051780136680245,0.2324758851981982,0.49784700873331644
2023-07-01,82.151943,106.1662636,104.05945209863567,2.1068115013643194,83.8152100543736,-1.9844453689188122,0.3636151328587775,0.3163503460315686
2023-08-01,82.78539,105.4406355,104.0641978755868,1.3764376244131995,83.88037682422893,-1.3054147652715806,0.2999717822578187,0.27926993544047995
2023-09-01,83.0475,104.1601159,104.06883691939973,0.09127898060026496,83.12034112483424,-0.08763333240517468,0.1427087838614298,0.11744870608392544
2023-10-01,83.23534,105.1540388,104.07330576696117,1.0807330330388254,84.09968442330143,-1.027761791531704,0.1573829774922561,0.006454953824573922
2023-11-01,83.29801,104.7531731,104.07754165947095,0.6756314405290453,83.8387486991676,-0.6449746776492138,0.2062379963485892,0.17284215863830288
2023-12-01,83.2787,103.6058424,104.08149017711837,-0.47564777711836825,82.89812004799413,0.45909358594083455,0.1873543231882042,0.29954260226332735
2024-01-01,83.120981,103.6915013,104.08510211329825,-0.39360081329824936,82.80665661486239,0.3795883060459103,0.1558938082326015,0.21787348186190292
2024-02-01,82.96364,104.7526758,104.0883245912836,0.6643512087164112,83.49316139185579,-0.6342092969394331,0.1715732653777983,0.09786252168077562
2024-03-01,82.997627777778,104.5792296,104.09110169730418,0.4881279026958225,83.38683931762421,-0.46675415812761156,0.0955402141399606,-0.04465147294901632
2024-04-01,83.406011111111,104.5280007,104.09338264375648,0.43461805624352223,83.75425379001592,-0.4157910352565724,0.0855412657203409,-0.05897778587052
2024-05-01,83.39294,104.8459012,104.09512040945594,0.7507807905440558,83.99440736151242,-0.7160802491571856,0.0929872054674891,-0.08833262061886815
2024-06-01,83.470915789474,106.3006759,104.09627132675242,2.2044045732475865,85.23854556289696,-2.0737446442215877,0.0998258613484761,-0.28034655848191387
2024-07-01,83.594654545455,107.468623,104.09679752105744,3.3718254789425544,86.30238996875416,-3.1374976107608297,-0.0095646725965785,-0.6844304095187075
2024-08-01,83.89629,105.5326888,104.0966781270771,1.4360106729229045,85.05363690122928,-1.360725941176728,0.0408888946856951,-0.3018387568073941
2024-09-01,83.808215,105.4009975,104.09591829668933,1.3050792033106688,84.8589416783636,-1.2382038446179506,0.1777723233006156,0.0194172853727399
2024-10-01,84.029514,107.3154371,104.09453426210143,3.2209028378985636,86.62956309987263,-3.001341582289988,0.1716237279546888,-0.2631637440850454
2024-11-01,84.364361,108.0326893,104.09255232557624,3.9401369744237655,87.55774160863419,-3.647171055311096,0.1187163896976013,-0.47863873572586063
2024-12-01,84.986229,106.9176558,104.09002364202192,2.827632157978087,87.29490168252474,-2.6446821498476,0.0824597080056186,-0.405836443310625
2025-01-01,86.265748,104.491822,104.08702976863812,0.40479223136188125,86.60123364792982,-0.3873913035623767,0.0503344637534866,-0.13246524581095862
2025-02-01,87.05475,102.342402,104.08367408077386,-1.7412720807738538,85.59836400082678,1.7014180307922178,0.0452226747500006,0.17491169022531064
2025-03-01,86.637663,101.7204502,104.08006307717503,-2.3596128771750244,84.67348908216172,2.319703533100393,0.0988673550449359,0.3878142814786003
2025-04-01,85.561217,101.5589542,104.07628982084616,-2.517335620846154,83.49171298820436,2.478693917907783,0.0793385008586877,0.3689043160488525
2025-05-01,85.189685,101.0309967,104.07242916790234,-3.0414324679023395,82.7000854397614,3.010395390766582,0.0702017558069059,0.4298268843513844
2025-06-01,85.903433,99.92595214,104.06853655057266,-4.142584410572653,82.48393432964502,4.145654178775033,0.0393951027316656,0.5349316094138307
