date,inr_usd,reer,reserves_usd_mn,exports_usd_mn,imports_usd_mn,trade_balance_usd_mn,ca,merch,priv_transfer,capacct,fdi_bop,portfolio_bop,loans,banking,reserve_mov,fpi_flows_usd_mn,fpi_flows_inr_cr,fdi_net_usd_mn
2000-01-01,43.55027,,34896.0,2748.0,3879.0,-1131.0,,,,,,,,,,42.2500250859524,184.00000000000003,
2000-02-01,43.61245,,35903.0,3404.0,4344.0,-940.0,,,,,,,,,,625.2801665579439,2727.0,
2000-03-01,43.58847,,38036.0,3860.0,4871.0,-1011.0,,,,,,,,,,312.00911617223545,1360.0,
2000-04-01,43.64028,,37896.0,3310.0,4401.0,-1091.0,-2563.0,-3493.0,3141.0,1623.0,924.0,789.0,234.0,473.0,1034.0,558.6719425264915,2438.0599999999995,
2000-05-01,43.98503,,37245.0,3577.0,4371.0,-794.0,,,,,,,,,,39.142862924044834,172.17,
2000-06-01,44.69095,,36730.0,3455.0,4028.0,-573.0,,,,,,,,,,-220.5166817890423,-985.51,
2000-07-01,44.7825,,36231.0,3526.0,4487.0,-961.0,-1631.0,-3962.0,2608.0,1513.0,804.0,396.0,199.0,-1058.0,414.0,-350.40250097694417,-1569.19,
2000-08-01,45.6881,,35619.0,3670.0,3993.0,-323.0,,,,,,,,,,355.89354777283364,1626.01,
2000-09-01,45.889,,35438.0,3848.0,4249.0,-401.0,,,,,,,,,,-98.97796857634728,-454.2000000000001,
2000-10-01,46.3475,,34899.0,3719.0,4264.0,-545.0,755.0,-3278.0,4088.0,3032.0,704.0,-168.0,4854.0,-2238.0,-4169.0,16.466907600194183,76.31999999999998,
2000-11-01,46.78227,,39040.0,3604.0,4698.0,-1094.0,,,,,,,,,,233.01776506355927,1090.1099999999997,
2000-12-01,46.75053,,40077.0,3657.0,3976.0,-319.0,,,,,,,,,,-98.77535078211946,-461.7799999999999,
2001-01-01,46.54545,,41120.0,3666.0,4007.0,-341.0,773.0,-1727.0,3017.0,2672.0,840.0,1573.0,-23.0,862.0,-3121.0,853.2692239520727,3971.5800000000004,
2001-02-01,46.51889,,41608.0,3695.0,3457.0,238.0,,,,,,,,,,338.38726590423806,1574.14,
2001-03-01,46.6205,,42281.0,4309.0,4625.0,-316.0,,,,,,,,,,472.9250008043672,2204.8,
2001-04-01,46.78647,,42526.0,3115.0,4094.0,-979.0,1127.0,-3967.0,5130.0,128.0,808.0,935.0,-1088.0,-92.0,-1462.0,362.2842244777176,1695.0,
2001-05-01,46.92,,42991.0,3629.0,4674.0,-1045.0,,,,,,,,,,219.73572037510647,1030.9999999999995,
2001-06-01,47.0045,,43454.0,3612.0,4017.0,-405.0,,,,,,,,,,172.11118084438723,809.0,
2001-07-01,47.14182,,43730.0,3433.0,4923.0,-1490.0,-965.0,-3321.0,3047.0,1868.0,1293.0,216.0,-282.0,556.0,-483.0,163.97330438239337,773.0,
2001-08-01,47.127,,45358.0,3647.0,4372.0,-725.0,,,,,,,,,,57.29199821758228,270.00000000000006,
2001-09-01,47.646,,44877.0,3702.0,3902.0,-200.0,,,,,,,,,,-48.06279645720522,-229.0,
2001-10-01,48.02048,,45256.0,3718.0,4093.0,-375.0,475.0,-3020.0,3215.0,3328.0,1133.0,129.0,-394.0,1332.0,-3624.0,125.9879118242883,605.0,
2001-11-01,47.99737,,46891.0,3576.0,4158.0,-582.0,,,,,,,,,,33.75184932007733,162.0,
2001-12-01,47.92263,,48112.0,3250.0,4079.0,-829.0,,,,,,,,,,58.218841495134974,279.0,
2002-01-01,48.31522,,49479.0,4253.0,4243.0,10.0,2763.0,-1266.0,4006.0,3227.0,1500.0,672.0,503.0,1068.0,-6188.0,76.58042331174317,370.0,
2002-02-01,48.6915,,50776.0,3535.0,3759.0,-224.0,,,,,,,,,,415.6783011408562,2024.0,
2002-03-01,48.73944,,54106.0,4141.0,4433.0,-292.0,,,,,,,,,,99.3035619613192,484.0,
2002-04-01,48.9195,,55870.0,4035.0,4207.0,-172.0,1129.0,-2067.0,3551.0,659.0,1240.0,-263.0,-1050.0,599.0,-1662.0,-16.762231829842907,-82.00000000000001,
2002-05-01,49.0,,56779.0,4080.0,5181.0,-1101.0,,,,,,,,,,-31.428571428571427,-154.0,
2002-06-01,48.9665,,58693.0,3963.0,4251.0,-288.0,,,,,,,,,,-37.37248935496717,-183.00000000000003,
2002-07-01,48.76391,,60607.0,4583.0,4874.0,-291.0,1815.0,-2456.0,3957.0,3162.0,532.0,-131.0,-779.0,3805.0,-4927.0,62.54625603238132,305.0,
2002-08-01,48.58667,,62140.0,4522.0,4861.0,-339.0,,,,,,,,,,39.5170115589317,192.0,
2002-09-01,48.44158,,63620.0,4484.0,5086.0,-602.0,,,,,,,,,,87.11524273155418,422.0,
2002-10-01,48.37286,,65159.0,4752.0,5593.0,-841.0,1354.0,-3781.0,4073.0,4940.0,676.0,745.0,248.0,3009.0,-6082.0,-91.78700618487308,-444.0,
2002-11-01,48.25526,,67578.0,4049.0,5072.0,-1023.0,,,,,,,,,,70.87310274569032,342.0,
2002-12-01,48.14,,71110.0,3985.0,4972.0,-987.0,,,,,,,,,,94.93144993768176,457.0,
2003-01-01,47.93261,,74256.0,4850.0,5571.0,-721.0,2047.0,-2386.0,4806.0,2079.0,769.0,593.0,-2269.0,3012.0,-4314.0,226.98534463280845,1088.0,
2003-02-01,47.73579,,73547.0,4286.0,4631.0,-345.0,,,,,,,,,,90.70762210073406,433.0,
2003-03-01,47.64105,,76100.0,5151.0,5891.0,-740.0,,,,,,,,,,61.50158319348545,293.0,
2003-04-01,47.3775,,78325.0,4314.0,5764.0,-1450.0,-422.0,-5315.0,4323.0,5683.0,386.0,1376.0,957.0,2115.0,-5464.0,120.81262202522296,572.3800000000001,
2003-05-01,47.08316,,82308.0,4696.0,6175.0,-1479.0,,,,,,,,,,261.8664507649869,1232.95,
2003-06-01,46.70905,,83221.0,4398.0,5727.0,-1329.0,,,,,,,,,,555.1279677064723,2592.95,
2003-07-01,46.22957,,85551.0,4637.0,5784.0,-1147.0,3186.0,-3549.0,6060.0,5044.0,702.0,2136.0,1120.0,144.0,-8592.0,539.8903775224385,2495.89,
2003-08-01,45.9355,,87306.0,4516.0,5785.0,-1269.0,,,,,,,,,,448.0347443698229,2058.0699999999997,
2003-09-01,45.85048,,92339.0,5481.0,6305.0,-824.0,,,,,,,,,,882.8020993455249,4047.69,
2003-10-01,45.39045,,93803.0,5609.0,7019.0,-1410.0,3962.0,-3392.0,6126.0,3615.0,587.0,4111.0,-4884.0,3587.0,-7294.0,1528.894293843749,6939.719999999999,
2003-11-01,45.52,,97400.0,4902.0,6467.0,-1565.0,,,,,,,,,,721.0874340949033,3282.3900000000003,
2003-12-01,45.59091,,103151.0,6120.0,7450.0,-1330.0,,,,,,,,,,1379.7904012005902,6290.59,
2004-01-01,45.45667,,106384.0,5216.0,6898.0,-1682.0,7357.0,-1462.0,5099.0,2394.0,713.0,3733.0,-1557.0,187.0,-10071.0,548.4035676172496,2492.86,
2004-02-01,45.27167,,109572.0,6227.0,6844.0,-617.0,,,,,,,,,,703.0312776179893,3182.74,
2004-03-01,45.01476,,112959.0,7863.0,8034.0,-171.0,,,,,,,,,,1957.535706066188,8811.8,
2004-04-01,43.93333,90.868,118490.0,5643.0,6987.0,-1344.0,3608.0,-5115.0,6140.0,3665.0,963.0,156.0,2690.0,1004.0,-7570.0,957.7830772217812,4207.86,
2004-05-01,45.258,89.4499,119379.0,5963.0,8073.0,-2110.0,,,,,,,,,,-696.2945777542092,-3151.29,
2004-06-01,45.51591,88.9379,119511.0,6068.0,8717.0,-2649.0,,,,,,,,,,112.268435366886,511.0,
2004-07-01,46.04364,88.1577,118385.0,5819.0,7872.0,-2053.0,-4430.0,-9692.0,4178.0,3548.0,1334.0,464.0,897.0,-714.0,634.0,280.7836217987978,1292.83,
2004-08-01,46.34238,88.6611,118154.0,5983.0,8132.0,-2149.0,,,,,,,,,,615.0417824893758,2850.25,
2004-09-01,46.0981,89.089,119579.0,6919.0,9420.0,-2501.0,,,,,,,,,,610.7865617021092,2815.61,
2004-10-01,45.78368,89.0713,121337.0,6519.0,8989.0,-2470.0,-5754.0,-11767.0,4039.0,12622.0,582.0,4684.0,2989.0,1324.0,-6594.0,863.1984148063241,3952.04,
2004-11-01,45.12684,88.3554,128226.0,7086.0,9358.0,-2272.0,,,,,,,,,,1405.941563823215,6344.5700000000015,
2004-12-01,43.98043,88.7982,131178.0,7357.0,10457.0,-3100.0,,,,,,,,,,1339.232017513244,5890.0,
2005-01-01,43.75684,89.8529,129463.0,8194.0,11009.0,-2815.0,4106.0,-7128.0,6168.0,8187.0,834.0,3983.0,4333.0,2260.0,-12629.0,302.6361135767574,1324.24,
2005-02-01,43.677,90.0899,135900.0,8046.0,10357.0,-2311.0,,,,,,,,,,1715.722233669895,7493.76,
2005-03-01,43.69,89.1764,141514.0,10155.0,12369.0,-2214.0,,,,,,,,,,1804.8935683222708,7885.58,
2005-04-01,43.74118,89.9783,141841.0,7680.0,11336.0,-3656.0,-4794.0,-13964.0,5889.0,5773.0,1350.0,972.0,1944.0,782.0,-1247.0,-216.27217189842617,-946.0,
2005-05-01,43.49143,90.3482,138857.0,7977.0,13232.0,-5255.0,,,,,,,,,,-134.96911920348444,-586.9999999999999,
2005-06-01,43.58591,91.5981,138370.0,7893.0,11803.0,-3910.0,,,,,,,,,,1307.5326407088896,5699.0,
2005-07-01,43.53737,93.6529,140542.0,7492.0,11509.0,-4017.0,-4684.0,-13424.0,4991.0,10543.0,1076.0,4441.0,4342.0,1996.0,-5256.0,1697.6220658252898,7391.0,
2005-08-01,43.62591,92.5839,144079.0,8571.0,12760.0,-4189.0,,,,,,,,,,936.3701525079936,4085.0,
2005-09-01,43.9165,91.752,143059.0,8457.0,12896.0,-4439.0,,,,,,,,,,741.8623979597646,3258.0000000000005,
2005-10-01,44.8225,91.1678,143573.0,8622.0,11883.0,-3261.0,-4913.0,-12739.0,6385.0,780.0,1368.0,2748.0,-2604.0,-978.0,4672.0,-849.5733169725027,-3808.0,
2005-11-01,45.7285,91.1387,142821.0,7293.0,11326.0,-4033.0,,,,,,,,,,996.9712542506315,4559.0,
2005-12-01,45.64545,90.4363,137206.0,9235.0,12390.0,-3155.0,,,,,,,,,,2106.4531075934187,9615.000000000002,
2006-01-01,44.3985,91.237,140374.0,9168.0,12894.0,-3726.0,4489.0,-11777.0,7228.0,8374.0,-760.0,4333.0,4227.0,-427.0,-13221.0,1166.0303839093665,5177.000000000001,
2006-02-01,44.33105,91.4411,142400.0,9055.0,11535.0,-2480.0,,,,,,,,,,1772.7980726826909,7859.0,
2006-03-01,44.4819,90.8153,151622.0,11561.0,14314.0,-2753.0,,,,,,,,,,1427.0973137388464,6348.0,
2006-04-01,44.94941,89.0325,160677.0,8625.0,12924.5,-4299.5,-4437.0,-16950.0,6894.0,10725.0,1738.0,-506.0,5211.0,5061.0,-6379.0,160.6405957275079,722.07,
2006-05-01,45.40909,87.5186,163868.0,10109.7,15106.0,-4996.299999999999,,,,,,,,,,-1966.6370764091507,-8930.32,
2006-06-01,46.05545,88.2731,162912.0,10420.0,14400.1,-3980.1000000000004,,,,,,,,,,386.89666478125815,1781.8699999999997,
2006-07-01,46.45619,87.6963,164577.0,10600.1,14985.4,-4385.299999999999,-5747.0,-16016.0,5838.0,7860.0,2116.0,2150.0,4782.0,-1718.0,-2270.0,231.004738012308,1073.1600000000003,
2006-08-01,46.53909,87.5329,166244.0,10769.5,15326.7,-4557.200000000001,,,,,,,,,,859.0735229244921,3998.05,
2006-09-01,46.12095,89.2017,165305.0,10756.9,17351.1,-6594.199999999999,,,,,,,,,,1002.6094432139842,4624.13,
2006-10-01,45.46842,91.9043,167392.0,9928.6,17512.4,-7583.800000000001,-3604.0,-16433.0,8430.0,10815.0,2898.0,3569.0,6481.0,-3113.0,-7505.0,1276.7124962776363,5805.01,
2006-11-01,44.85045,92.2705,174641.0,9979.4,16381.2,-6401.800000000001,,,,,,,,,,1567.1169408556657,7028.589999999999,
2006-12-01,44.6345,90.9644,177251.0,10834.5,15679.6,-4845.1,,,,,,,,,,-418.84416762818,-1869.4900000000002,
2007-01-01,44.333,91.5488,180161.0,10967.0,14446.9,-3479.8999999999996,4223.0,-12383.0,8663.0,15803.0,941.0,1847.0,8016.0,1683.0,-20452.0,718.3948751494373,3184.86,
2007-02-01,44.16056,91.6216,194563.0,10561.2,14484.7,-3923.5,,,,,,,,,,968.9800129346186,4279.07,
2007-03-01,44.0255,91.1494,199179.0,12862.4,17136.6,-4274.199999999999,,,,,,,,,,467.2405764840831,2057.05,
2007-04-01,42.15105,94.1569,204409.0,11326.8,18370.6,-7043.799999999999,-4532.0,-19747.0,8208.0,15698.0,2874.0,7542.0,9147.0,-918.0,-11200.0,1127.5828241526606,4752.88,
2007-05-01,40.77952,97.2921,208068.0,12455.7,21149.5,-8693.8,,,,,,,,,,795.0485930192411,3242.1700000000005,
2007-06-01,40.7719,98.0085,213362.0,12101.0,20016.0,-7915.0,,,,,,,,,,1768.379692876712,7210.020000000001,
2007-07-01,40.41636,98.9737,227107.0,12513.3,21128.6,-8615.3,-4257.0,-21475.0,9254.0,33224.0,2266.0,10900.0,9580.0,6643.0,-29236.0,4828.561998161142,19515.29,
2007-08-01,40.81762,98.6515,228847.0,12640.6,20365.9,-7725.300000000001,,,,,,,,,,-1586.648119121105,-6476.32,
2007-09-01,40.34,98.8035,247762.0,12521.4,18217.5,-5696.1,,,,,,,,,,4914.080317302924,19823.4,
2007-10-01,39.51318,99.701,264692.0,14674.7,21832.6,-7157.899999999998,-3511.0,-24241.0,10861.0,29639.0,2120.0,12727.0,10070.0,207.0,-26738.0,4144.348797034306,16375.64,
2007-11-01,39.44,98.4035,273520.0,12909.3,22104.1,-9194.8,,,,,,,,,,-773.8615618661258,-3052.11,
2007-12-01,39.44,98.4681,275316.0,14625.5,20116.9,-5491.4000000000015,,,,,,,,,,1281.6734279918865,5054.92,
2008-01-01,39.37478,97.2519,293240.0,14889.1,22844.4,-7955.300000000001,-3438.0,-26005.0,13384.0,28024.0,8633.0,-3736.0,11856.0,5827.0,-24990.0,-3301.854638933856,-13000.980000000003,
2008-02-01,39.72952,95.8941,301235.0,15116.2,20804.4,-5688.200000000001,,,,,,,,,,1959.3138804596683,7784.26,
2008-03-01,40.35667,93.4735,309723.0,17254.0,23573.7,-6319.700000000001,,,,,,,,,,335.6049941682503,1354.39,
2008-04-01,40.02778,93.6252,314155.0,18460.4,30316.9,-11856.5,-3400.776376,-25200.163962,12102.213917,5227.912784,8944.219014,-4206.732953,6194.787469,2696.049328,-2235.0,368.7314160315661,1475.95,
2008-05-01,42.1255,88.8381,314614.0,18686.6,29443.6,-10757.0,,,,,,,,,,-801.9869200365573,-3378.41,
2008-06-01,42.82,87.8737,312087.0,19180.9,28950.6,-9769.699999999997,,,,,,,,,,-2435.635217188229,-10429.389999999996,
2008-07-01,42.83652,88.2374,306176.0,19030.4,31625.5,-12595.099999999999,-12264.168668,-39121.13184,12988.37394,6780.126916,6159.158999,-1311.184175,2565.806412,2274.815471,4734.0,-386.0747791837432,-1653.81,
2008-08-01,42.93895,90.8741,295309.0,17759.3,33523.2,-15763.899999999998,,,,,,,,,,-654.0076084766861,-2808.24,
2008-09-01,45.564,88.2564,286336.0,15789.1,31135.7,-15346.6,,,,,,,,,,-1656.770696163638,-7548.909999999999,
2008-10-01,48.64222,87.5797,252883.0,14130.8,25869.3,-11738.5,-11870.949995,-34993.554879,9964.315607,-4994.767045,2940.904754,-5820.175794,383.253328,-4956.382347,17881.0,-2767.429200394225,-13461.39,
2008-11-01,49.00333,89.6112,247686.0,11163.3,23488.2,-12324.900000000001,,,,,,,,,,-532.0964922179778,-2607.45,
2008-12-01,48.6419,87.905,255968.0,13368.2,19456.3,-6088.0999999999985,,,,,,,,,,453.9049667056592,2207.88,
2009-01-01,48.8345,88.1126,248611.0,12869.0,18228.2,-5359.200000000001,-379.599996,-20205.120904,9511.825243,381.558373,4328.017789,-2692.19288,-829.407057,-3259.910339,-300.2,-798.0034606681753,-3897.0100000000007,
2009-02-01,49.22222,89.458,249278.0,11940.9,15062.2,-3121.300000000001,,,,,,,,,,-357.326426967333,-1758.8399999999997,
2009-03-01,51.23158,86.4524,251985.0,12916.3,16596.6,-3680.2999999999993,,,,,,,,,,101.8649044202814,521.8700000000001,
2009-04-01,50.06188,86.2497,251702.0,12475.7,19340.7,-6865.0,-4152.119115,-26280.26314,12938.669985,3808.931142,4970.349211,8268.364505,-1417.021359,-3365.498721,-115.0,1622.5898827610947,8122.99,
2009-05-01,48.534,87.8033,262306.0,12316.5,20036.4,-7719.9000000000015,,,,,,,,,,4350.508921580748,21114.760000000002,
2009-06-01,47.77364,88.9404,265142.0,13606.3,23055.0,-9448.7,,,,,,,,,,906.6820112513932,4331.550000000001,
2009-07-01,48.47652,90.4031,271641.0,14341.3,21723.5,-7382.200000000001,-9195.936218,-29591.662257,13756.620718,19254.645186,7425.001746,9677.581655,3157.815247,4411.448199,-9418.0,2472.8425225243063,11987.48,
2009-08-01,48.337,90.7601,277252.0,13586.3,22448.7,-8862.400000000001,,,,,,,,,,795.9285847280552,3847.28,
2009-09-01,48.43895,90.2903,281278.0,14624.2,21527.2,-6903.0,,,,,,,,,,4197.987363475055,20334.61,
2009-10-01,46.72105,93.452,284391.0,14806.0,25935.8,-11129.8,-12183.987527,-30929.333735,12506.096313,14372.126026,2790.970762,5685.299382,5692.42009,1939.237613,-1767.402526,1831.7674795408063,8558.21,
2009-11-01,46.569,95.2518,288146.0,14932.7,24996.5,-10063.8,,,,,,,,,,1230.0049389078572,5728.01,
2009-12-01,46.63,95.7093,283470.0,16493.5,28251.4,-11757.900000000001,,,,,,,,,,2273.375509328758,10600.75,
2010-01-01,45.963,97.977,280955.0,15557.1,25267.0,-9709.9,-12648.470307,-31401.404758,12590.10626,14198.015695,2779.785419,8764.798806,5013.893591,-901.817786,-2140.936476,-529.8326915127385,-2435.27,
2010-02-01,46.32579,97.1173,278357.0,15757.7,26163.8,-10406.099999999999,,,,,,,,,,590.1982459446455,2734.14,
2010-03-01,45.498,98.1989,279057.0,20254.1,29626.9,-9372.800000000003,,,,,,,,,,4390.656732164051,19976.61,
2010-04-01,44.49895,99.9212,279633.0,18139.1,31674.9,-13535.800000000003,-13366.006538,-30824.296108,13110.131988,17174.898004,3643.922321,4605.104155,8978.04419,4002.337305,-3741.0,2015.1374358271376,8967.15,
2010-05-01,45.8045,99.6772,273544.0,17282.0,29747.1,-12465.099999999999,,,,,,,,,,-1887.759936250805,-8646.789999999999,
2010-06-01,46.56455,99.7001,275710.0,20667.1,28648.6,-7981.5,,,,,,,,,,2028.8137649778644,9447.08,
2010-07-01,46.83636,98.9576,284183.0,16954.5,29669.9,-12715.400000000001,-17215.394511,-35067.437486,12972.852184,21902.622391,3694.319346,19190.92072,6575.966579,-3162.913688,-3289.353868,3633.491159432544,17017.950000000004,
2010-08-01,46.56714,98.6907,283142.0,17750.4,27107.7,-9357.3,,,,,,,,,,2232.7418003338835,10397.240000000002,
2010-09-01,46.059,100.1057,292870.0,18984.2,29511.8,-10527.599999999999,,,,,,,,,,6406.328839097679,29506.909999999996,
2010-10-01,44.4107,102.0638,297956.0,19080.8,32461.7,-13380.900000000001,-11238.674859,-31869.152503,13436.32038,16322.733478,1310.381379,6298.883681,7416.646586,4900.911024,-3989.0,5546.9267541380805,24634.290000000005,
2010-11-01,45.01825,101.2164,292389.0,22575.0,28842.3,-6267.299999999999,,,,,,,,,,3970.49418846801,17874.47,
2010-12-01,45.1568,102.5215,297334.0,23349.4,31511.1,-8161.699999999997,,,,,,,,,,480.4436984020126,2169.53,
2011-01-01,45.39338,102.2926,299224.0,22691.8,33353.6,-10661.8,-6232.865843,-29561.500147,13605.523161,8339.2857,3185.515212,197.662264,6164.212929,-778.289246,-2031.0,-1354.162214842781,-6146.999999999999,
2011-02-01,45.43579,100.6506,301592.0,23243.5,32973.4,-9729.900000000001,,,,,,,,,,-853.5121761941413,-3878.0,
2011-03-01,44.99136,100.6183,304818.0,30418.5,34267.0,-3848.5,,,,,,,,,,-609.0,-2739.9738239999997,244.0
2011-04-01,44.37,100.7618,313511.0,23469.524697,36595.861501,-13126.336803999999,-17541.329634,-45009.066955,14779.119905,23923.054094,9256.064035,2541.479734,6469.845846,12664.112518,-5442.492594,3475.6,15421.237199999998,1918.2
2011-05-01,44.90452,100.0369,311516.0,26521.927621,45254.240153,-18732.312532,,,,,,,,,,-1652.87,-7422.13339724,3186.07
2011-06-01,44.85364,101.3161,315715.0,26536.13253,40849.469998,-14313.337468000002,,,,,,,,,,720.07,3229.77605548,3877.03
2011-07-01,44.4174,103.3778,319090.0,26426.535021,41105.880124,-14679.345103000003,-18891.771952,-44527.52383,15617.569508,19566.763373,6485.066734,-1195.726459,8497.969036,7049.416885,-276.216622,1623.026667,7209.062467880581,132.993333
2011-08-01,45.2788,102.2133,321982.0,24768.351766,39984.687841,-15216.336075,,,,,,,,,,-1734.043333,-7851.54012662404,5139.333333
2011-09-01,47.632,99.7526,311482.0,26561.19713,39756.06996,-13194.87283,,,,,,,,,,-1084.523333,-5165.8015397456,939.043333
2011-10-01,49.25792,97.3456,316210.0,23632.020963,41175.060753,-17543.03979,-19953.939632,-48703.916651,16207.632408,7680.140065,4963.136465,1898.281492,1602.025353,-5486.559605,12812.300587,-448.0,-2206.7548159999997,2608.0
2011-11-01,50.85644,94.8053,307884.0,23269.706046,39102.479349,-15832.773303000002,,,,,,,,,,60.0,305.13864,1624.0
2011-12-01,52.6769,91.7293,296688.0,25365.693663,40044.058372,-14678.364709000001,,,,,,,,,,2286.0,12041.93934,773.0
2012-01-01,51.3392,94.5509,292766.0,25379.050518,42952.469339,-17573.418821000003,-21767.952584,-51518.480483,16864.383249,16585.535209,1356.408918,13925.951659,2737.189992,1999.105397,5737.558232,5365.0,27543.4808,999.0
2012-02-01,49.1671,98.3884,295819.0,25194.420517,40118.536519,-14924.116002000002,,,,,,,,,,9170.0,45086.2307,444.0
2012-03-01,50.3213,96.3103,294398.0,28839.37,42380.69,-13541.320000000003,,,,,,,,,,-609.0,-3064.56717,219.0
2012-04-01,51.8121,94.0422,294846.0,23791.85609,38171.037579,-14379.181489000002,-17093.42491,-43849.38434,16808.29349,16535.48593,3821.004481,-1922.157366,5959.801242,9408.139859,-521.773793,-1408.843333,-7299.51316537293,1562.296667
2012-05-01,54.47353,91.1764,286019.0,24821.435239,42187.32125,-17365.886011000002,,,,,,,,,,-91.773333,-499.9217408375489,1024.316667
2012-06-01,56.03021,90.3804,289736.0,24924.263172,36157.370675,-11233.107503,,,,,,,,,,-421.503333,-2361.6920263689926,1234.846667
2012-07-01,55.49475,92.6024,288775.0,23099.875455,40619.444564,-17519.569108999996,-21128.9732,-47793.077,16076.09291,20745.17403,8159.185085,7717.826545,5151.65705,5490.689759,157.898238,2117.656667,11751.882732099828,1612.586667
2012-08-01,55.55979,92.9504,290462.0,23134.474792,37307.265749,-14172.790956999997,,,,,,,,,,1475.496667,8197.828496421993,2398.926667
2012-09-01,54.60552,94.2042,294812.0,24902.002444,42051.448384,-17149.44594,,,,,,,,,,4124.376667,22521.373257740186,4146.876667
2012-10-01,53.02393,97.2226,295254.0,24032.900826,44243.752076,-20210.851249999996,-31769.88643,-58377.70655,15669.97692,31470.24265,2105.677751,9781.420399,10794.76012,5243.351267,-781.419524,2920.99,15488.236929069997,1213.243333
2012-11-01,54.77581,94.7946,294510.0,23250.938695,40454.0064,-17203.067704999998,,,,,,,,,,2002.24,10967.43178144,439.453333
2012-12-01,54.6478,94.4151,295638.0,25457.539516,43050.573666,-17593.034149999996,,,,,,,,,,4858.1,26548.447718,453.338584
2013-01-01,54.3168,95.3643,295508.0,25775.191177,44754.681249,-18979.490072,-18170.46836,-45635.34189,15787.89321,20549.2422,5733.4812,11314.18362,9217.635142,-3571.890524,-2680.673085,6042.44,32820.6004992,2701.034092
2013-02-01,53.77372,96.6519,290912.0,26668.77,40791.99,-14123.219999999998,,,,,,,,,,4101.34,22054.43087848,2210.046667
2013-03-01,54.40462,96.4249,292045.6,30541.41,40947.79,-10406.380000000001,,,,,,,,,,1170.84,6369.9105280799995,821.949107
2013-04-01,54.37571,96.3815,293892.1,24524.539576,41577.149493,-17052.609916999998,-21767.871139,-50483.770105,16791.612617,20534.50072,6487.772584,-224.62223,3646.619963,10325.013265,345.968518,1621.125923,8814.987306253033,2788.039291
2013-05-01,55.01081,96.3492,287897.3,24922.939445,43987.097928,-19064.158483000003,,,,,,,,,,6782.125923,37309.02405462276,1865.722518
2013-06-01,58.3973,92.122,282452.8,23998.411409,35304.356216,-11305.944807,,,,,,,,,,-8627.874077,-50384.45508367922,1834.660291
2013-07-01,59.7754,92.808,277571.6,25835.082274,38326.44782,-12491.365546,-5129.195916,-33305.387872,16282.51956,-4771.384069,8100.53606,-6601.610401,-471.658231,1162.30912,10354.825198,-4715.543467,-28187.34969573118,1930.254117
2013-08-01,63.2088,88.743,275491.6,26337.977496,37026.02322,-10688.045724000003,,,,,,,,,,-2030.843467,-12836.71785369096,1660.598686
2013-09-01,63.75214,88.6117,277233.7,28135.901695,34258.243662,-6122.341967,,,,,,,,,,144.776533,922.9813800530619,4510.566972
2013-10-01,61.61556,91.6186,281542.9,27480.129706,38075.016656,-10594.88695,-4056.034013,-33151.976319,16207.640905,23765.696718,6066.295488,2390.042691,3011.702891,15757.857149,-19102.827467,-414.029103,-2551.0635037642683,2039.669432
2013-11-01,62.63296,91.791,290676.7,24201.832772,33772.916062,-9571.083289999995,,,,,,,,,,-82.539103,-516.9668336634879,2164.981317
2013-12-01,61.91031,91.8846,293876.8,26393.05908,36580.093664,-10187.034584,,,,,,,,,,2886.610897,17871.09754826481,1860.885195
2014-01-01,62.07597,91.6709,291070.3,26891.577111,36346.324453,-9454.747342000002,-1342.954753,-30667.999582,16199.298983,9258.530408,909.540684,9258.066465,1578.679185,-1796.482666,-7106.403375,2528.108822,15693.480739120734,-558.921905
2014-02-01,62.25401,90.9715,294360.2,25353.24,33665.55,-8312.310000000001,,,,,,,,,,1420.808822,8845.104661287622,-665.628912
2014-03-01,61.01399,92.6292,304223.2,30341.03,41294.46,-10953.43,,,,,,,,,,5309.148822,32393.235313401976,2132.688513
2014-04-01,60.35662,93.3653,310986.3,25827.540375,35795.638279,-9968.097903999998,-7481.646936,-35092.771265,16629.911936,18803.979389,7592.492763,12439.802873,1349.949132,-114.71609,-11178.853659,-76.845709,-463.81472567435804,1884.600449
2014-05-01,59.30502,95.5325,312207.0,28019.237643,39058.854636,-11039.616992999996,,,,,,,,,,7700.864291,45669.99107950408,3708.237516
2014-06-01,59.7307,95.5816,316138.0,25926.627001,38352.390109,-12425.763108,,,,,,,,,,4815.784291,28765.016675043367,1999.080136
2014-07-01,60.05857,96.6568,319808.0,25815.699795,40068.005067,-14252.305271999998,-10962.127304,-39651.887939,16513.144597,17541.123225,7474.681323,9762.205854,-1267.888044,-427.555229,-6896.812794,5380.048618,32311.802652755625,3544.850441
2014-08-01,60.89517,96.5206,318399.7,26825.30061,37472.782204,-10647.481594000004,,,,,,,,,,2054.678618,12512.000373847506,1176.500441
2014-09-01,60.86492,97.3402,313841.2,28889.652138,43341.748368,-14452.09623,,,,,,,,,,2327.478618,14166.179988628055,2753.712824
2014-10-01,61.34199,97.3615,315910.1,25914.721576,39468.755455,-13554.033878999999,-7708.202169,-38634.720814,16520.645025,22856.363191,6913.451678,6280.249306,-1187.667533,10500.854384,-13181.676921,1765.331102,10828.892280557298,2740.173706
2014-11-01,61.70418,98.0225,315558.4,26503.044384,42722.49263,-16219.448246,,,,,,,,,,4875.683102,30085.002774876637,1884.343005
2014-12-01,62.75295,97.0366,320648.8,26172.793394,35333.272018,-9160.478624000003,,,,,,,,,,-360.766898,-2263.91871118491,2289.586092
2015-01-01,62.22593,98.2017,328688.9,24415.169792,32265.37127,-7850.201477999999,-706.653666,-31560.35426,16599.896822,30084.644264,9270.755858,13722.502141,4290.10433,1658.936452,-30149.009488,6639.792428,41316.7258839258,4468.31669
2015-02-01,62.03761,99.9518,337733.2,22008.044543,28725.378102,-6717.333558999999,,,,,,,,,,3774.213151,23414.31635186091,3214.760755
2015-03-01,62.44984,100.9753,341638.4,24034.177853,35428.720215,-11394.542362,,,,,,,,,,3308.494626,20661.496003455984,1588.154793
2015-04-01,62.75316,99.80049612,351868.8,22137.213767,33506.505086,-11369.291318999996,-6132.475498,-34175.252736,16267.472471,18637.13298,10002.775868,223.392287,-1632.015204,11016.84721,-11429.938637,4299.686762,26981.893132566795,3764.085616
2015-05-01,63.80033,97.9177341,352478.9,22529.080184,32837.757293,-10308.677109000004,,,,,,,,,,-1906.892238,-12166.035405883853,4060.125869
2015-06-01,63.86074,99.41700742,356001.0,22323.722676,33536.23371,-11212.511034,,,,,,,,,,-2169.402238,-13853.963227633614,2178.867484
2015-07-01,63.63498,100.9044926,353460.5,23281.205117,36372.069889,-13090.864771999997,-8558.839801,-37173.155112,16420.692242,8121.360311,6519.436074,-3369.036485,-1944.48084,7299.714906,856.181952,483.758505,3078.39627905049,1864.480622
2015-08-01,65.07233,100.6024892,351437.6,21582.676479,33981.728683,-12399.052204,,,,,,,,,,-2468.387495,-16062.372564251335,2087.626617
2015-09-01,66.21781,100.017626,350288.6,21870.31423,32036.445496,-10166.131266,,,,,,,,,,-1384.407495,-9167.243246648595,2567.454162
2015-10-01,65.05801,101.84318,354176.8,21456.110713,31148.328745,-9692.218032,-7121.280813,-33975.486815,15304.896639,10915.313471,10702.248691,553.859886,-2327.599211,1315.079943,-4056.420338,5288.239962,34404.23683301956,4618.989153
2015-11-01,66.11709,101.5046976,350247.2,19560.91709,29896.404965,-10335.487875000003,,,,,,,,,,-2973.170038,-19657.735098774945,2600.409194
2015-12-01,66.59551,100.4267786,350381.4,22593.353382,34096.490036,-11503.136654000002,,,,,,,,,,-1761.210038,-11728.86806977294,3482.870451
2016-01-01,67.25233,100.6482307,349608.9,21199.025451,28866.530777,-7667.505325999999,-337.997298,-24754.827389,15146.081873,3454.562048,8796.530443,-1538.005812,1269.656936,-9002.05534,-3274.499581,-1143.845271,-7692.625963423142,4418.039069
2016-02-01,68.23767,97.95985916,348418.1,20845.724216,27418.979994,-6573.2557780000025,,,,,,,,,,-1501.525271,-10246.058593915855,2847.09002
2016-03-01,67.02185,98.65239086,360176.2,22911.742382,27310.280823,-4398.538441000001,,,,,,,,,,1107.364729,7421.763276232865,1530.934643
2016-04-01,66.46953,99.15870511,363049.0,20863.472334,25689.177558,-4825.705224000001,-401.0725744978,-23835.4347041964,14160.6035721365,7181.5587408991,3881.3516655606,2103.4416106125,-1600.429354061,-148.1018723197,-6969.1576340491,3429.130537,22793.269510303762,1256.25574
2016-05-01,66.90673,99.87957359,361605.0,22407.028245,28286.233407,-5879.205161999998,,,,,,,,,,-1334.219463,-8926.826137168599,1365.381795
2016-06-01,67.29686,100.5965447,363506.1,22655.583607,30917.01308,-8261.429473,,,,,,,,,,8.530537,57.407835421382,1260.393598
2016-07-01,67.20763,102.1714965,366503.9,21692.270863,29305.248157,-7612.977294,-3466.7090479803,-25612.234372523,14047.566222028,12834.9737145688,16999.6030694873,6050.2437989528,-1689.5282607192,-6605.7772330903,-8511.507725209,2047.107196,13758.122299910547,4710.39568
2016-08-01,66.93964,101.9446432,366800.0,21597.086255,29303.198987,-7706.112732000001,,,,,,,,,,1338.566402,8960.315306597528,6035.888992
2016-09-01,66.73773,101.8792855,371990.3,22769.070768,31840.481481,-9071.410712999997,,,,,,,,,,2664.570201,17782.736664038373,6252.974843
2016-10-01,66.74769,102.7870934,366211.6,23360.614495,34495.092014,-11134.477519,-7975.705100524,-33273.0528098602,13996.1832080692,6073.3674264726,9733.7937626406,-11340.8890352719,1681.7923575233,3180.113005048,1241.8647811325,-49.242882,-328.68486224425806,4166.809208
2016-11-01,67.62566,102.642463,361121.0,20066.25774,33461.865209,-13395.607469000002,,,,,,,,,,-6911.312612,-46738.20768528239,3578.403411
2016-12-01,67.90043,102.5749915,358898.0,24056.477749,34602.469917,-10545.992168,,,,,,,,,,-4380.333542,-29742.653104522306,1989.554459
2017-01-01,68.08037,101.5124982,362952.6,22356.316704,32261.139355,-9904.822650999999,-2573.2235488081,-29721.7402219929,14368.2451926815,10357.1543204989,4997.4323398915,10798.7691181327,3987.0534882328,-13041.9041021083,-7311.5390175741,254.473039,1732.4618650144432,4070.600607
2017-02-01,67.07545,102.3752804,364259.0,24384.971731,34248.437052,-9863.465321,,,,,,,,,,1608.813039,10791.185855679254,993.620187
2017-03-01,65.87666,104.0422923,369954.7,28892.798379,39946.672104,-11053.873724999998,,,,,,,,,,8935.483039,58863.97780959698,-67.825683
2017-04-01,64.50709,106.0465878,373301.9,24579.014311,38834.650411,-14255.636100000003,-14978.9914132372,-41935.8511962865,14603.4598527824,26946.0531906019,7143.792978894,12451.5992694624,927.1906565492,6806.5304551269,-11404.5658548436,2121.361423,13684.285223598907,1633.156468
2017-05-01,64.42484,105.7495414,380100.4,23947.03531,38278.742888,-14331.707578000001,,,,,,,,,,5902.417423,38026.22980899873,3412.705666
2017-06-01,64.44299,105.4512675,386539.4,23012.651391,37055.024664,-14042.373272999997,,,,,,,,,,4427.820423,28534.198724118476,2097.936135
2017-07-01,64.45588,106.7709746,393655.2,22292.633411,34215.041814,-11922.408402999998,-6955.6603145652,-32454.6986970121,15776.2024657451,16889.8694742556,12411.375399935,2065.9085632775,2856.873706688,173.9833369087,-9498.5749000269,886.626521,5714.829264239348,4199.176201
2017-08-01,63.96839,107.5006409,397822.1,23355.109487,36070.616348,-12715.506861000002,,,,,,,,,,560.267199,3583.939068983961,7681.815191
2017-09-01,64.44095,105.6433857,400205.3,28567.096732,37962.669459,-9395.572726999995,,,,,,,,,,619.014843,3988.990454702085,530.390376
2017-10-01,65.08128,105.9591199,399224.8,22888.701041,37501.433058,-14612.732017000002,-13716.1835025,-44022.194881816,16167.1347184577,22530.1397446688,4323.3403345937,5321.5080066429,5911.0683173501,4580.2078652891,-9434.484928974,3850.892669,25062.102404113633,631.534528
2017-11-01,64.86261,107.6506383,401942.0,26292.657425,41390.189147,-15097.531721999996,,,,,,,,,,1590.832669,10318.555898460609,956.136979
2017-12-01,64.24232,107.6348225,409072.2,27832.559814,42030.787058,-14198.227244000002,,,,,,,,,,-120.217331,-772.3040247647921,2735.669478
2018-01-01,63.6369,106.2692202,422366.5,25407.743953,40701.209668,-15293.465715000002,-13066.3771304374,-41623.1057173144,16402.1869780909,25023.6987024781,6407.574082133,2275.9011691205,6965.284077871,4629.4364572484,-13236.7526228855,3379.207708,21504.23029932252,1688.546727
2018-02-01,64.37384,103.7386379,420962.8,26030.721477,37871.272328,-11840.550851,,,,,,,,,,286.871418,1846.7014762905121,2667.793591
2018-03-01,65.02133,102.9983614,424544.8,29167.029889,42801.16479,-13634.134901000001,,,,,,,,,,-1390.177957,-9039.121970082282,2051.241206
2018-04-01,65.63635,102.7563781,420517.0,25949.464389,39966.951126,-14017.486737,-15803.4671700706,-45750.6510978878,17215.5152779605,4787.4978728201,9572.5068687977,-8145.3388855952,-4272.0979943866,10061.469169298,11338.4305584943,-2890.265209,-18970.645885074715,4260.410415
2018-05-01,67.53936,101.754017,412373.0,28944.971019,43917.274066,-14972.303046999998,,,,,,,,,,-1373.353428,-9275.541158092607,3667.543567
2018-06-01,67.79307,102.2995894,405740.3,27158.075424,44806.585904,-17648.51048,,,,,,,,,,-3881.720248,-26315.373249308137,1644.539635
2018-07-01,68.69336,102.697442,403674.8,25754.235583,44388.072262,-18633.836679,-19053.5118233536,-50037.1046926299,19510.6788255824,16603.774886257,7410.3298523493,202.1273963596,6925.818081538,521.5765587634,1867.7829972939,4831.487128,33189.108461907,1808.501943
2018-08-01,69.54651,102.3487811,400101.9,27808.31876,45731.108757,-17922.789997000003,,,,,,,,,,-2830.5101,-19685.2098974751,1986.941615
2018-09-01,72.21528,98.31422308,400525.1,27865.972165,42819.587442,-14953.615276999997,,,,,,,,,,-1798.849632,-12990.442985277698,3614.887755
2018-10-01,73.6323,96.98295417,392084.9,26673.950264,44677.886899,-18003.936635,-17751.9366590634,-49280.7877801058,17558.300059042,13770.4015214956,7309.2503977459,-2110.6292713566,2937.982994296,4913.3433856576,4295.6417521685,-3757.577,-27667.90369371,3120.151303
2018-11-01,71.85424,99.71367366,393718.0,26071.56472,43655.186161,-17583.621441,,,,,,,,,,2990.90386,21490.91237733664,1076.608506
2018-12-01,70.73107,100.6870795,395591.1,27858.291132,42351.016666,-14492.725534000005,,,,,,,,,,-1343.956132,-9505.945524942124,3112.490576
2019-01-01,70.73287,99.68380247,400190.2,26407.364294,41455.209687,-15047.845393000003,-4647.4476414917,-35214.075150131,16316.5790875098,19241.0976922344,6419.8971386978,9435.8770209394,10258.4522635688,-8063.5118556929,-14162.4923181296,-361.724066,-2558.578133624942,3681.518713
2019-02-01,71.221768,98.71113003,402362.5,26862.075442,36591.126743,-9729.051301,,,,,,,,,,1174.645222,8366.03094835925,1949.202266
2019-03-01,69.47865,101.4173969,412870.87,32725.186271,43690.4449,-10965.258629000004,,,,,,,,,,8622.955865,59911.13325097823,789.17668
2019-04-01,69.42741,101.8318838,418793.1,26037.651825,42387.256496,-16349.604671000001,-15004.4949081796,-46773.9602589135,18223.7719940258,28623.6115461809,13992.5180824891,4842.6916590175,9561.27871998,3433.39133626764,-13983.9932037591,1111.029612,7713.590839446491,4385.557767
2019-05-01,69.77312,102.3821473,421867.8,29849.709402,46683.354924,-16833.645522,,,,,,,,,,1835.932575,12809.8743867384,2818.355566
2019-06-01,69.43886,103.0862696,429837.1,25027.345537,41032.494584,-16005.149046999999,,,,,,,,,,1895.729473,13163.72934735208,6788.604657
2019-07-01,68.8083,104.6668946,428820.24,26231.643087,40430.648303,-14199.005216000001,-7579.48443585215,-39649.9573115007,20187.9969138203,13579.6520821155,7314.46258731006,2476.4404997096,3071.59442598278,-1818.43487798003,-5118.48742354762,457.03703,3144.7941071349005,3482.411434
2019-08-01,71.1457,102.4718522,428349.29,25987.936959,39852.083073,-13864.146114000003,,,,,,,,,,-363.13913,-2583.5787601241004,1850.740587
2019-09-01,71.33366,102.7700241,433707.15,26013.728169,37694.818924,-11681.090754999997,,,,,,,,,,2382.5426,16995.5483763916,1981.310608
2019-10-01,71.03945,103.7131004,445113.031,26212.38913,37986.365411,-11773.976281,-2629.97744411774,-36040.0180426339,19132.3978356197,23626.3959202437,9743.0675135183,7829.11069872619,3134.88383437676,-2323.97661957778,-21601.228939544,2580.077404,18328.72797375878,2646.196214
2019-11-01,71.4517,103.8286179,451258.56,25744.491675,38523.244936,-12778.753261000002,,,,,,,,,,5860.450885,41873.91784997545,2770.458105
2019-12-01,71.1926,104.9795028,459863.19,27096.050954,39594.104767,-12498.053812999999,,,,,,,,,,-611.41759,-4352.8407917834,4326.413195
2020-01-01,71.31378,104.0760112,471299.58,25853.303508,41149.495366,-15296.191858000002,557.68612088816,-35041.9548780356,18673.3187209934,17350.4571552977,11963.139705815,-13744.8274414887,9917.98434159729,-4606.3479379451,-18794.3552571029,2038.584034,14537.91333121885,5251.875083
2020-02-01,71.48852,103.7744902,481256.13,27742.764606,37904.473,-10161.708393999997,,,,,,,,,,-1148.255406,-8208.707955693912,2737.099582
2020-03-01,74.3507,101.0429696,477806.78,21490.667493,31470.916906,-9980.249412999998,,,,,,,,,,-14635.156069,-108813.40983393983,3974.16504
2020-04-01,76.236488,102.4142391,481077.57,10173.264466,17085.777269,-6912.512802999998,19057.9485934472,-10989.9217462223,17217.3350211849,1375.53230849189,-527.938365591119,641.664900570664,2750.09260541701,2235.22145724701,-19846.2130032278,-1971.909145,-15033.142786988275,186.415746
2020-05-01,75.65988,102.6470169,493559.53,19246.54352,22859.868291,-3613.3247709999996,,,,,,,,,,-560.877744,-4243.594280571072,200.048219
2020-06-01,75.72684,101.5053325,505701.5,22033.154907,21323.55235,709.6025569999983,,,,,,,,,,3174.451789,24039.120271331678,-914.402331
2020-07-01,74.99339,103.2270672,534567.86,23782.4052,29116.06252,-5333.657319999998,15250.1933466206,-14816.0031906396,18618.9879982449,15943.0388989136,24424.4696979177,6997.65484404138,-3887.25582957905,-11263.1493739506,-31568.4510724412,472.462769,3543.1584696096916,3583.526271
2020-08-01,74.67192,103.0570661,542880.84,22829.285673,31034.005771,-8204.720098000002,,,,,,,,,,5347.237592,39928.849769081666,18247.368111
2020-09-01,73.481741,105.5668841,544687.33,27559.04433,30518.34989,-2959.3055600000007,,,,,,,,,,1177.954483,8655.81462295949,2593.575316
2020-10-01,73.45811,106.3671939,560190.51,24920.41079,34073.83709,-9153.4263,-2234.57407667465,-34601.9822755193,19494.4764708001,34141.1624931791,17380.0263526827,21217.2144435322,318.896496402467,-7614.13040043996,-32482.7059426243,1736.890127,12758.866600707997,3971.036962
2020-11-01,74.21979,104.8518559,574820.835,23619.94784,33812.29273,-10192.34489,,,,,,,,,,10929.147993,81115.90689193815,7169.635766
2020-12-01,73.59365,103.3003957,585770.63,27216.29376,42934.5448,-15718.251040000003,,,,,,,,,,8551.176324,62931.22774767426,6239.353624
2021-01-01,73.109395,102.9834764,590321.45,27538.27805,42030.07094,-14491.792889999997,-8161.24078888493,-41744.5549211394,19108.4936618993,12261.0034408941,2678.53827818674,7280.27925473088,7721.43077729818,-4425.1626596735,-3389.08290840061,6218.483483,45462.95652596228,1481.645688
2021-02-01,72.75646,103.4846879,584554.23,27633.25189,40748.65307,-13115.40118,,,,,,,,,,1853.397944,13484.667337671824,441.623706
2021-03-01,72.7928,103.9536008,576983.89,35256.60211,48898.86342,-13642.261310000002,,,,,,,,,,-791.602172,-5762.29385859616,755.268884
2021-04-01,74.472212,102.2146729,588020.4,30750.582034,46044.07977,-15293.497735999998,6559.31664320559,-30715.2108420237,19221.9248047332,25391.8806072141,11554.0958270009,402.069913324725,2837.0033448765,4064.74398492448,-31870.1934197444,-1816.090925,-13524.83083778761,2398.373718
2021-05-01,73.26774,104.7702598,598877.06,32298.976908,38834.637905,-6535.660997000003,,,,,,,,,,966.4616142,7081.045826918591,8801.572572
2021-06-01,73.55826,104.7942816,611074.97,32492.996104,42098.264095,-9605.267990999997,,,,,,,,,,1251.699224,9207.281696079024,354.1495375
2021-07-01,74.52697,104.879404,620061.63,35512.816497,46146.973137,-10634.156640000001,-9733.88522441173,-44511.2769957035,19211.568006392,39622.0791047352,8697.26435610762,3877.43052886345,7834.37543280604,360.299658576703,-31188.7797846184,-1617.791387,-12056.90901652074,1552.104036
2021-08-01,74.18459,105.2338976,640703.2,33380.732323,45092.863104,-11712.130781,,,,,,,,,,2906.368349,21560.77443595419,5114.579189
2021-09-01,73.56341,106.0359342,635362.77,33814.611805,56286.422959,-22471.811154000003,,,,,,,,,,2588.853567,19044.48963791835,2030.581131
2021-10-01,74.91528,105.697097,640393.95,35727.72671,53638.245923,-17910.519213,-22166.6126604523,-59749.7879255168,21446.7286652052,22499.6538282431,4558.64466214275,-5841.5803322877,10023.0805035808,8205.5487435337,-465.385744707033,-1953.390905,-14633.882659752839,1015.879843
2021-11-01,74.49651,106.4656571,637996.74,31795.049666,53025.06888,-21230.019214,,,,,,,,,,-152.4667423,-1135.8240192419373,2192.248321
2021-12-01,75.37252,105.0581811,633614.31,39270.202467,60329.774619,-21059.572152,,,,,,,,,,-3735.722685,-28157.083278961618,1350.516499
2022-01-01,74.4416,105.36,629946.53,35233.005675,52566.769849,-17333.764173999996,-13424.3833675611,-54483.0783845462,21349.718309654,-1706.50508450691,13776.5015030252,-15215.1676544907,12910.889285839,-5961.35393357659,16023.6088101421,-4433.914788,-33006.77110823808,6067.199981
2022-02-01,75.00313,104.0964417,631863.15,37153.986672,55898.387362,-18744.400690000002,,,,,,,,,,-5788.364587,-43414.54616061573,4657.317087
2022-03-01,76.24447,103.3416425,607309.13,44573.710745,63090.562692,-18516.851947000003,,,,,,,,,,-4992.888279,-38068.01206015672,3051.984434
2022-04-01,76.16783,105.0322459,596673.03,39698.170067,58057.696892,-18359.526825,-17964.3277001369,-63054.0313234832,23064.933572521,22054.9958423716,13392.4482471604,-14630.0920229006,4059.7953785894,19041.2569861534,-4595.40362218492,-3884.76252091092,-29589.393128311436,5325.84750132482
2022-05-01,77.31928,105.3493913,603203.08,39003.616619,61126.440218,-22122.823599000003,,,,,,,,,,-4682.84198252275,-36207.39704424316,5311.39542546596
2022-06-01,78.07458,104.239494,589154.57,42279.520977,64352.758296,-22073.237319,,,,,,,,,,-6062.487519467,-47332.61668376279,2755.20532036965
2022-07-01,79.60155,103.7234223,574251.62,38335.803897,63771.393877,-25435.589980000004,-30902.378298095,-78313.0704484828,24990.5201359195,1460.9020970455,6208.95642418124,6531.8723065271,607.256823865428,-8446.52910115984,30378.8423869664,370.063647749912,2945.7639959547005,3893.27554099464
2022-08-01,79.55505,104.0068009,560377.59,37017.740035,61879.149607,-24861.409571999997,,,,,,,,,,7336.85155946878,58368.35926561167,748.309552546294
2022-09-01,80.23155,104.9153884,532663.72,35390.796762,63372.111706,-27981.314944000005,,,,,,,,,,-1175.04290069155,-9427.551323897913,1567.3713306403
2022-10-01,82.340117,104.1563771,534022.04,31601.791937,57910.497047,-26308.705109999995,-16832.1016199737,-71337.4369963016,28641.0100372107,28887.156054709,2030.10251166001,4610.55100310156,547.327979670306,14435.0616009955,-11068.8939803608,562.461537656515,4631.3148818637355,1167.65674073788
2022-11-01,81.81052,103.5273779,553169.65,34887.098742,56951.410746,-22064.312004,,,,,,,,,,4736.11400249598,38746.39493234774,-1007.85326468145
2022-12-01,82.46421,100.3921038,562720.56,38084.560544,61218.764185,-23134.203641,,,,,,,,,,-688.024537050956,-5673.739990852281,1870.29903560359
2023-01-01,81.89959,100.2387842,574416.43,35799.376703,52826.378309,-17027.001605999998,-1355.97761895583,-52586.5069532207,25080.0124834387,6540.3005838666,6354.77652982948,-1664.18868106449,3055.08594245662,-4049.63637750762,-5579.41688564205,-2892.32498095616,-23688.023008706732,3364.24923740968
2023-02-01,82.60855,99.38940824,562722.99,37013.698236,53581.4998469999,-16567.8016109999,,,,,,,,,,-331.506857155469,-2738.5300784670417,1716.4834971267
2023-03-01,82.28857,100.1112574,578449.15,41957.821273,60920.796379,-18962.975105999998,,,,,,,,,,1559.64315704724,12834.080510370282,1274.04379529311
2023-04-01,82.02078,100.2732391,590097.26,34618.449645,49051.010857,-14432.561212,-8963.549144834,-56701.224032891,23073.468999257,33822.330742412,4729.868741167,15730.821923073,2175.172717905,12940.185643634,-24431.588943727,2095.038674286,17183.67061951037,2758.77932669
2023-05-01,82.34332,100.8011812,590716.5,34953.430945,57452.915763,-22499.484817999997,,,,,,,,,,5986.044049794,49291.074072628326,665.607203196
2023-06-01,82.233657,102.9172548,595051.38,34324.887656,53203.063818,-18878.176162000003,,,,,,,,,,7649.739198993,62906.602942944504,1305.482211281
2023-07-01,82.151943,106.1662636,605810.44,34489.893621,53145.933926,-18656.040304999995,-11284.09279688,-64545.720765886,25170.081082038,12856.498302779,-833.486074305,4946.527546528,3288.581090852,4333.358933414,-2518.581789385,4292.493574894,35263.66874925581,-924.85236318
2023-08-01,82.78539,105.4406355,598241.01,38284.776857,62035.807183,-23751.030326,,,,,,,,,,2880.220537245,23844.018046183686,-539.588478662
2023-09-01,83.0475,104.1601159,587713.8,34407.980367,54225.188794,-19817.208427000005,,,,,,,,,,-2226.186565611,-18487.922880757953,630.954767537
2023-10-01,83.23534,105.1540388,588461.42,33433.5355,63038.110072,-29604.574572000005,-10430.461467138,-71645.583153024,29437.688199689,17189.160471825,3956.467556888,12012.163983911,-2810.465870548,16357.753999741,-5998.168034978,-1741.132947274,-14492.379285155344,3806.909690912
2023-11-01,83.29801,104.7531731,604171.69,33745.88191,54755.727455,-21009.845545000004,,,,,,,,,,4197.962020882,34968.1882395049,804.332044605
2023-12-01,83.2787,103.6058424,622452.29,38391.029217,56914.615874,-18523.586657,,,,,,,,,,9555.334910304,79575.58693947337,-654.77417863
2024-01-01,83.120981,103.6915013,619962.61,37323.801296,53706.862332,-16383.061036,4567.237226804,-52018.556704916,28949.853358042,25542.870893367,2298.72925034,11391.806190012,3887.726900429,6911.488652774,-30753.604896648,-139.102165402,-1156.23084474385,3682.27911258
2024-02-01,82.96364,104.7526758,625164.99,41405.624064,59824.060438,-18418.436373999997,,,,,,,,,,3745.605090735,31074.90323299059,-22.939274167
2024-03-01,82.997627777778,104.5792296,646418.85,41692.743606,56638.657109,-14945.913502999996,,,,,,,,,,7785.303264679,64616.17024989475,-1360.610588073
2024-04-01,83.406011111111,104.5280007,640200.68,39802.470777,54488.045592,-14685.574815,-4484.468278304,-59793.510790249,26597.712616633,8937.657773036,6223.664266186,944.74022824,5140.018726196,2869.928469132,-5225.978735622,-2683.378347884,-22380.988429892757,1778.902686407
2024-05-01,83.39294,104.8459012,651509.98,38780.797612,61675.192584,-22894.394971999995,,,,,,,,,,-1820.650242125,-15182.937640251559,2203.112408436
2024-06-01,83.470915789474,106.3006759,651997.26,35445.828241,55997.07111,-20551.242868999994,,,,,,,,,,5448.768818249,45481.37231843741,2241.649171343
2024-07-01,83.594654545455,107.468623,670615.076,32679.534543,59473.540889,-26794.006346000002,-20862.360908736,-88530.499037238,32683.104330897,39924.301194917,-2820.947981432,19850.061070529,9464.256158467,6086.585601611,-18613.506894535,5839.802307614,48817.625651874325,-2687.989634197
2024-08-01,83.89629,105.5326888,682230.75,32890.092243,68509.802606,-35619.710363,,,,,,,,,,4297.804077333,36056.98172351118,1042.407940755
2024-09-01,83.808215,105.4009975,705782.26,34079.176777,58719.625963,-24640.449185999998,,,,,,,,,,9712.454685581,81398.349046693,-1175.36628799
2024-10-01,84.029514,107.3154371,682129.96,38983.077189,65069.515466,-26086.438276999994,-11338.391627301,-79308.639247156,33426.828558675,-26620.179615216,-2810.198351468,-11372.036486735,9062.39645777,-9773.514394348,37660.494216491,-10926.871234484,-91817.96793742708,-128.506508634
2024-11-01,84.364361,108.0326893,659432.86,31942.523366,63928.512111,-31985.988744999995,,,,,,,,,,-2256.943934351,-19040.563283434803,-2492.75990804
2024-12-01,84.986229,106.9176558,635701.425,37804.047023,58478.808297,-20674.761274000004,,,,,,,,,,1811.7786821,15397.623797426879,-188.931934794
2025-01-01,86.265748,104.491822,630607.387,36338.507803,59430.335825,-23091.828022,13625.532595705,-59314.135817861,31848.167346235,-5616.997834892,366.378505218,-5858.631636311,5657.842080299,-8976.961731238,-8788.582268174,-5929.482296463,-51151.12255571385,1571.377072909
2025-02-01,87.05475,102.342402,638698.405,36910.921551,50963.670715,-14052.749164,,,,,,,,,,-3971.677575519,-34575.33984174127,-703.128217993
2025-03-01,86.637663,101.7204502,668326.22,42047.598945,63507.140264,-21459.541319000004,,,,,,,,,,4042.528235671,35023.51989500487,-501.870349697
2025-04-01,85.561217,101.5589542,688428.344,38283.772069,65381.303211,-27097.531142,-2907.711322111,-68896.64626449,31216.423235163,7941.587908903,4815.431082099,1608.246989976,5187.296775812,-1554.583121257,-4507.546374318,-2128.678787249,-18213.234763910852,1612.905417623
2025-05-01,85.189685,101.0309967,691308.968,38303.588166,60855.300311,-22551.712144999998,,,,,,,,,,1301.756797938,11089.625156294687,901.251082943
2025-06-01,85.903433,99.92595214,698117.773,34978.851579,54076.291864,-19097.440284999997,,,,,,,,,,2435.168979288,20918.937525594512,2302.304581393
2025-07-01,86.114622,100.0788096,690109.423,37017.645092,64885.238207,-27867.593115000003,-14132.402610501,-89096.680904194,36628.053426489,2135.465675306,1883.189965349,-5746.929505638,4523.679483236,1890.556970028,10917.018558046,-2529.526869249,-21782.925018422105,4276.066814332
2025-08-01,87.518389473684,98.74886587,695358.144,34770.202664,61975.697014,-27205.49435,,,,,,,,,,-2596.096945031,-22720.622354666422,-109.985228544
2025-09-01,88.32259047619,97.30965449,700088.694,36134.088861,69094.979158,-32960.890297000005,,,,,,,,,,-621.305691358,-5487.532813833874,-2282.611620441
2025-10-01,88.4164,97.13793203,689732.836,34111.488826,76727.748969,-42616.26014299999,-13197.808139262,-93629.398745942,35367.115432393,-10004.681520105,-3659.109122923,-177.254628643,13316.53615134,692.06138465,24408.693110483,3420.295331329,30241.020013291738,-2463.618843366
2025-11-01,88.825605263158,97.19855451,687929.818,37879.713986,62981.177862,-25101.463875999994,,,,,,,,,,622.107885255,5525.910944675862,-703.675740144
2025-12-01,90.091277272727,95.10709181,687734.274,38238.330299,64476.039846,-26237.709547,,,,,,,,,,-4219.657845226,-38015.43649302933,-491.584539398
2026-01-01,90.799085,94.7813721,711548.14,36474.160819,71226.630931,-34752.47011200001,,,,,,,,,,-1924.4,-17473.3759174,-1399.198890098
2026-02-01,90.730847368421,93.98910676,728493.828,36619.662258,63709.076388,-27089.414130000005,,,,,,,,,,2913.49,26434.34164994209,4437.434096234
2026-03-01,92.7608,92.56989356,,38918.611163,59588.704796,-20670.093632999997,,,,,,,,,,-13342.59,-123766.9322472,1573.886568877
2026-04-01,93.550242105263,90.95792161,,,,,,,,,,,,,,,,
2026-05-01,,,,,,,,,,,,,,,,,,
