date,realtime_start,value
1947-01-01,1994-02-17,21.48
1947-02-01,1994-02-17,21.62
1947-03-01,1994-02-17,22.0
1947-04-01,1994-02-17,22.0
1947-05-01,1994-02-17,21.95
1947-06-01,1994-02-17,22.08
1947-07-01,1994-02-17,22.23
1947-08-01,1994-02-17,22.4
1947-09-01,1994-02-17,22.84
1947-10-01,1994-02-17,22.91
1947-11-01,1994-02-17,23.06
1947-12-01,1994-02-17,23.41
1948-01-01,1994-02-17,23.68
1948-02-01,1994-02-17,23.67
1948-03-01,1994-02-17,23.5
1948-04-01,1994-02-17,23.82
1948-05-01,1994-02-17,24.01
1948-06-01,1994-02-17,24.15
1948-07-01,1994-02-17,24.4
1948-08-01,1994-02-17,24.43
1948-09-01,1994-02-17,24.36
1948-10-01,1994-02-17,24.31
1948-11-01,1994-02-17,24.16
1948-12-01,1994-02-17,24.05
1949-01-01,1994-02-17,24.01
1949-02-01,1994-02-17,23.91
1949-03-01,1994-02-17,23.91
1949-04-01,1994-02-17,23.92
1949-05-01,1994-02-17,23.91
1949-06-01,1994-02-17,23.92
1949-07-01,1994-02-17,23.7
1949-08-01,1994-02-17,23.7
1949-09-01,1994-02-17,23.75
1949-10-01,1994-02-17,23.67
1949-11-01,1994-02-17,23.7
1949-12-01,1994-02-17,23.61
1950-01-01,1994-02-17,23.51
1950-02-01,1994-02-17,23.61
1950-03-01,1994-02-17,23.64
1950-04-01,1994-02-17,23.65
1950-05-01,1994-02-17,23.77
1950-06-01,1994-02-17,23.88
1950-07-01,1994-02-17,24.07
1950-08-01,1994-02-17,24.2
1950-09-01,1994-02-17,24.34
1950-10-01,1994-02-17,24.5
1950-11-01,1994-02-17,24.6
1950-12-01,1994-02-17,24.98
1951-01-01,1994-02-17,25.38
1951-02-01,1994-02-17,25.83
1951-03-01,1994-02-17,25.88
1951-04-01,1994-02-17,25.92
1951-05-01,1994-02-17,25.99
1951-06-01,1994-02-17,25.93
1951-07-01,1994-02-17,25.91
1951-08-01,1994-02-17,25.86
1951-09-01,1994-02-17,26.03
1951-10-01,1994-02-17,26.16
1951-11-01,1994-02-17,26.32
1951-12-01,1994-02-17,26.47
1952-01-01,1994-02-17,26.45
1952-02-01,1994-02-17,26.41
1952-03-01,1994-02-17,26.39
1952-04-01,1994-02-17,26.46
1952-05-01,1994-02-17,26.47
1952-06-01,1994-02-17,26.53
1952-07-01,1994-02-17,26.68
1952-08-01,1994-02-17,26.69
1952-09-01,1994-02-17,26.63
1952-10-01,1994-02-17,26.69
1952-11-01,1994-02-17,26.69
1952-12-01,1994-02-17,26.71
1953-01-01,1994-02-17,26.64
1953-02-01,1994-02-17,26.59
1953-03-01,1994-02-17,26.63
1953-04-01,1994-02-17,26.69
1953-05-01,1994-02-17,26.7
1953-06-01,1994-02-17,26.77
1953-07-01,1994-02-17,26.79
1953-08-01,1994-02-17,26.85
1953-09-01,1994-02-17,26.89
1953-10-01,1994-02-17,26.95
1953-11-01,1994-02-17,26.85
1953-12-01,1994-02-17,26.87
1954-01-01,1994-02-17,26.94
1954-02-01,1994-02-17,26.99
1954-03-01,1994-02-17,26.93
1954-04-01,1994-02-17,26.86
1954-05-01,1994-02-17,26.93
1954-06-01,1994-02-17,26.94
1954-07-01,1994-02-17,26.86
1954-08-01,1994-02-17,26.85
1954-09-01,1994-02-17,26.81
1954-10-01,1994-02-17,26.72
1954-11-01,1994-02-17,26.78
1954-12-01,1994-02-17,26.77
1955-01-01,1994-02-17,26.77
1955-02-01,1994-02-17,26.82
1955-03-01,1994-02-17,26.79
1955-04-01,1994-02-17,26.79
1955-05-01,1994-02-17,26.77
1955-06-01,1994-02-17,26.71
1955-07-01,1994-02-17,26.76
1955-08-01,1994-02-17,26.72
1955-09-01,1994-02-17,26.85
1955-10-01,1994-02-17,26.82
1955-11-01,1994-02-17,26.88
1955-12-01,1994-02-17,26.87
1956-01-01,1994-02-17,26.83
1956-02-01,1994-02-17,26.86
1956-03-01,1994-02-17,26.89
1956-04-01,1994-02-17,26.93
1956-05-01,1994-02-17,27.03
1956-06-01,1994-02-17,27.15
1956-07-01,1994-02-17,27.29
1956-08-01,1994-02-17,27.31
1956-09-01,1994-02-17,27.35
1956-10-01,1994-02-17,27.51
1956-11-01,1994-02-17,27.51
1956-12-01,1994-02-17,27.63
1957-01-01,1994-02-17,27.67
1957-02-01,1994-02-17,27.8
1957-03-01,1994-02-17,27.86
1957-04-01,1994-02-17,27.93
1957-05-01,1994-02-17,28.0
1957-06-01,1994-02-17,28.11
1957-07-01,1994-02-17,28.19
1957-08-01,1994-02-17,28.28
1957-09-01,1994-02-17,28.32
1957-10-01,1994-02-17,28.32
1957-11-01,1994-02-17,28.41
1957-12-01,1994-02-17,28.47
1958-01-01,1994-02-17,28.64
1958-02-01,1994-02-17,28.7
1958-03-01,1994-02-17,28.87
1958-04-01,1994-02-17,28.94
1958-05-01,1994-02-17,28.94
1958-06-01,1994-02-17,28.91
1958-07-01,1994-02-17,28.89
1958-08-01,1994-02-17,28.94
1958-09-01,1994-02-17,28.91
1958-10-01,1994-02-17,28.91
1958-11-01,1994-02-17,28.95
1958-12-01,1994-02-17,28.97
1959-01-01,1994-02-17,29.01
1959-02-01,1994-02-17,29.0
1959-03-01,1994-02-17,28.97
1959-04-01,1994-02-17,28.98
1959-05-01,1994-02-17,29.04
1959-06-01,1994-02-17,29.11
1959-07-01,1994-02-17,29.15
1959-08-01,1994-02-17,29.18
1959-09-01,1994-02-17,29.25
1959-10-01,1994-02-17,29.35
1959-11-01,1994-02-17,29.35
1959-12-01,1994-02-17,29.41
1960-01-01,1994-02-17,29.37
1960-02-01,1994-02-17,29.41
1960-03-01,1994-02-17,29.41
1960-04-01,1994-02-17,29.54
1960-05-01,1994-02-17,29.57
1960-06-01,1994-02-17,29.61
1960-07-01,1994-02-17,29.55
1960-08-01,1994-02-17,29.61
1960-09-01,1994-02-17,29.61
1960-10-01,1994-02-17,29.75
1960-11-01,1994-02-17,29.78
1960-12-01,1994-02-17,29.81
1961-01-01,1994-02-17,29.84
1961-02-01,1994-02-17,29.84
1961-03-01,1994-02-17,29.84
1961-04-01,1994-02-17,29.81
1961-05-01,1994-02-17,29.84
1961-06-01,1994-02-17,29.84
1961-07-01,1994-02-17,29.92
1961-08-01,1994-02-17,29.94
1961-09-01,1994-02-17,29.98
1961-10-01,1994-02-17,29.98
1961-11-01,1994-02-17,29.98
1961-12-01,1994-02-17,30.01
1962-01-01,1994-02-17,30.04
1962-02-01,1994-02-17,30.11
1962-03-01,1994-02-17,30.17
1962-04-01,1994-02-17,30.21
1962-05-01,1994-02-17,30.24
1962-06-01,1994-02-17,30.21
1962-07-01,1994-02-17,30.22
1962-08-01,1994-02-17,30.28
1962-09-01,1994-02-17,30.42
1962-10-01,1994-02-17,30.38
1962-11-01,1994-02-17,30.38
1962-12-01,1994-02-17,30.38
1963-01-01,1994-02-17,30.44
1963-02-01,1994-02-17,30.48
1963-03-01,1994-02-17,30.51
1963-04-01,1994-02-17,30.48
1963-05-01,1994-02-17,30.51
1963-06-01,1994-02-17,30.61
1963-07-01,1994-02-17,30.69
1963-08-01,1994-02-17,30.75
1963-09-01,1994-02-17,30.72
1963-10-01,1994-02-17,30.75
1963-11-01,1994-02-17,30.78
1963-12-01,1994-02-17,30.88
1964-01-01,1994-02-17,30.94
1964-02-01,1994-02-17,30.91
1964-03-01,1994-02-17,30.94
1964-04-01,1994-02-17,30.95
1964-05-01,1994-02-17,30.98
1964-06-01,1994-02-17,31.01
1964-07-01,1994-02-17,31.02
1964-08-01,1994-02-17,31.05
1964-09-01,1994-02-17,31.08
1964-10-01,1994-02-17,31.12
1964-11-01,1994-02-17,31.21
1964-12-01,1994-02-17,31.25
1965-01-01,1994-02-17,31.28
1965-02-01,1994-02-17,31.28
1965-03-01,1994-02-17,31.31
1965-04-01,1994-02-17,31.38
1965-05-01,1994-02-17,31.48
1965-06-01,1994-02-17,31.61
1965-07-01,1994-02-17,31.58
1965-08-01,1994-02-17,31.55
1965-09-01,1994-02-17,31.62
1965-10-01,1994-02-17,31.65
1965-11-01,1994-02-17,31.75
1965-12-01,1994-02-17,31.85
1966-01-01,1994-02-17,31.88
1966-02-01,1994-02-17,32.08
1966-03-01,1994-02-17,32.18
1966-04-01,1994-02-17,32.28
1966-05-01,1994-02-17,32.35
1966-06-01,1994-02-17,32.38
1966-07-01,1994-02-17,32.45
1966-08-01,1994-02-17,32.65
1966-09-01,1994-02-17,32.75
1966-10-01,1994-02-17,32.85
1966-11-01,1994-02-17,32.88
1966-12-01,1994-02-17,32.92
1967-01-01,1994-02-17,32.9
1967-02-01,1994-02-17,33.0
1967-03-01,1994-02-17,33.0
1967-04-01,1994-02-17,33.1
1967-05-01,1994-02-17,33.1
1967-06-01,1994-02-17,33.3
1967-07-01,1994-02-17,33.4
1967-08-01,1994-02-17,33.5
1967-09-01,1994-02-17,33.6
1967-10-01,1994-02-17,33.7
1967-11-01,1994-02-17,33.9
1967-12-01,1994-02-17,34.0
1968-01-01,1994-02-17,34.1
1968-02-01,1994-02-17,34.2
1968-03-01,1994-02-17,34.3
1968-04-01,1994-02-17,34.4
1968-05-01,1994-02-17,34.5
1968-06-01,1994-02-17,34.7
1968-07-01,1994-02-17,34.9
1968-08-01,1994-02-17,35.0
1968-09-01,1994-02-17,35.1
1968-10-01,1994-02-17,35.3
1968-11-01,1994-02-17,35.4
1968-12-01,1994-02-17,35.6
1969-01-01,1994-02-17,35.7
1969-02-01,1994-02-17,35.8
1969-03-01,1994-02-17,36.1
1969-04-01,1994-02-17,36.3
1969-05-01,1994-02-17,36.4
1969-06-01,1994-02-17,36.6
1969-07-01,1994-02-17,36.8
1969-08-01,1994-02-17,36.9
1969-09-01,1994-02-17,37.1
1969-10-01,1994-02-17,37.3
1969-11-01,1994-02-17,37.5
1969-12-01,1994-02-17,37.7
1970-01-01,1994-02-17,37.9
1970-02-01,1994-02-17,38.1
1970-03-01,1994-02-17,38.3
1970-04-01,1994-02-17,38.5
1970-05-01,1994-02-17,38.6
1970-06-01,1994-02-17,38.8
1970-07-01,1994-02-17,38.9
1970-08-01,1994-02-17,39.0
1970-09-01,1994-02-17,39.2
1970-10-01,1994-02-17,39.4
1970-11-01,1994-02-17,39.6
1970-12-01,1972-07-21,119.03
1970-12-01,1994-02-17,39.8
1971-01-01,1972-07-21,119.36
1971-01-01,1994-02-17,39.9
1971-02-01,1972-07-21,119.65
1971-02-01,1994-02-17,39.9
1971-03-01,1972-07-21,119.9
1971-03-01,1994-02-17,40.0
1971-04-01,1972-07-21,120.21
1971-04-01,1994-02-17,40.1
1971-05-01,1972-07-21,120.82
1971-05-01,1994-02-17,40.3
1971-06-01,1972-07-21,121.29
1971-06-01,1994-02-17,40.5
1971-07-01,1972-07-21,121.62
1971-07-01,1994-02-17,40.6
1971-08-01,1972-07-21,122.03
1971-08-01,1994-02-17,40.7
1971-09-01,1972-07-21,122.2
1971-09-01,1994-02-17,40.8
1971-10-01,1972-07-21,122.39
1971-10-01,1973-05-22,122.4
1971-10-01,1994-02-17,40.9
1971-11-01,1972-07-21,122.62
1971-11-01,1973-05-22,122.65
1971-11-01,1994-02-17,41.0
1971-12-01,1972-07-21,123.0
1971-12-01,1973-05-22,123.06
1971-12-01,1994-02-17,41.1
1972-01-01,1972-07-21,123.36
1972-01-01,1994-02-17,41.2
1972-02-01,1972-07-21,124.06
1972-02-01,1973-05-22,123.95
1972-02-01,1994-02-17,41.4
1972-03-01,1972-07-21,124.1
1972-03-01,1973-05-22,124.07
1972-03-01,1994-02-17,41.4
1972-04-01,1972-07-21,124.31
1972-04-01,1973-05-22,124.3
1972-04-01,1994-02-17,41.5
1972-05-01,1972-07-21,124.72
1972-05-01,1973-05-22,124.68
1972-05-01,1994-02-17,41.6
1972-06-01,1972-07-21,124.79
1972-06-01,1973-05-22,124.83
1972-06-01,1994-02-17,41.7
1972-07-01,1972-08-22,125.31
1972-07-01,1973-05-22,125.32
1972-07-01,1994-02-17,41.8
1972-08-01,1972-09-22,125.62
1972-08-01,1973-05-22,125.66
1972-08-01,1994-02-17,41.9
1972-09-01,1972-10-20,126.2
1972-09-01,1973-05-22,126.19
1972-09-01,1994-02-17,42.1
1972-10-01,1972-11-21,126.59
1972-10-01,1973-05-22,126.61
1972-10-01,1994-02-17,42.2
1972-11-01,1972-12-22,126.93
1972-11-01,1973-05-22,126.98
1972-11-01,1974-05-21,126.96
1972-11-01,1994-02-17,42.4
1972-12-01,1973-01-23,127.2
1972-12-01,1973-05-22,127.24
1972-12-01,1974-05-21,127.29
1972-12-01,1994-02-17,42.5
1973-01-01,1973-02-22,127.87
1973-01-01,1974-05-21,127.94
1973-01-01,1994-02-17,42.7
1973-02-01,1973-03-21,128.87
1973-02-01,1973-05-22,128.75
1973-02-01,1974-05-21,128.77
1973-02-01,1994-02-17,43.0
1973-03-01,1973-04-20,129.9
1973-03-01,1973-05-22,129.88
1973-03-01,1994-02-17,43.4
1973-04-01,1973-05-22,130.7
1973-04-01,1974-05-21,130.71
1973-04-01,1994-02-17,43.7
1973-05-01,1973-06-21,131.47
1973-05-01,1974-05-21,131.45
1973-05-01,1994-02-17,43.9
1973-06-01,1973-07-20,132.21
1973-06-01,1974-05-21,132.25
1973-06-01,1994-02-17,44.2
1973-07-01,1973-08-21,132.51
1973-07-01,1974-05-21,132.47
1973-07-01,1994-02-17,44.2
1973-08-01,1973-09-21,135.06
1973-08-01,1974-05-21,134.95
1973-08-01,1994-02-17,45.0
1973-09-01,1973-10-19,135.49
1973-09-01,1974-05-21,135.5
1973-09-01,1994-02-17,45.2
1973-10-01,1973-11-21,136.61
1973-10-01,1974-05-21,136.6
1973-10-01,1975-05-21,136.48
1973-10-01,1994-02-17,45.6
1973-11-01,1973-12-21,137.68
1973-11-01,1974-05-21,137.67
1973-11-01,1975-05-21,137.6
1973-11-01,1994-02-17,45.9
1973-12-01,1974-01-22,138.43
1973-12-01,1974-05-21,138.5
1973-12-01,1975-05-21,138.54
1973-12-01,1994-02-17,46.3
1974-01-01,1974-02-22,139.88
1974-01-01,1974-05-21,139.97
1974-01-01,1975-05-21,140.04
1974-01-01,1994-02-17,46.8
1974-02-01,1974-03-21,141.67
1974-02-01,1974-05-21,141.68
1974-02-01,1975-05-21,141.63
1974-02-01,1994-02-17,47.3
1974-03-01,1974-04-19,143.19
1974-03-01,1975-05-21,143.07
1974-03-01,1994-02-17,47.8
1974-04-01,1974-05-21,144.01
1974-04-01,1974-12-20,143.91
1974-04-01,1975-05-21,144.0
1974-04-01,1994-02-17,48.1
1974-05-01,1974-06-21,145.54
1974-05-01,1974-12-20,145.44
1974-05-01,1975-05-21,145.47
1974-05-01,1994-02-17,48.6
1974-06-01,1974-07-19,146.94
1974-06-01,1974-12-20,146.74
1974-06-01,1975-05-21,146.81
1974-06-01,1994-02-17,49.0
1974-07-01,1974-08-21,148.05
1974-07-01,1974-12-20,147.75
1974-07-01,1975-05-21,148.04
1974-07-01,1976-02-20,147.9
1974-07-01,1994-02-17,49.3
1974-08-01,1974-09-20,150.04
1974-08-01,1974-10-22,150.03
1974-08-01,1974-12-20,149.74
1974-08-01,1976-02-20,149.8
1974-08-01,1994-02-17,49.9
1974-09-01,1974-10-22,151.9
1974-09-01,1974-12-20,151.7
1974-09-01,1975-05-21,151.49
1974-09-01,1976-02-20,151.5
1974-09-01,1994-02-17,50.6
1974-10-01,1974-11-21,153.2
1974-10-01,1974-12-20,153.0
1974-10-01,1975-05-21,152.85
1974-10-01,1976-02-20,152.8
1974-10-01,1994-02-17,51.0
1974-11-01,1974-12-20,154.38
1974-11-01,1975-05-21,154.27
1974-11-01,1976-02-20,154.2
1974-11-01,1994-02-17,51.5
1974-12-01,1975-01-21,155.4
1974-12-01,1975-05-21,155.48
1974-12-01,1976-02-20,155.4
1974-12-01,1994-02-17,51.9
1975-01-01,1975-02-21,156.4
1975-01-01,1975-05-21,156.48
1975-01-01,1976-02-20,156.5
1975-01-01,1994-02-17,52.3
1975-02-01,1975-03-20,157.4
1975-02-01,1975-05-21,157.34
1975-02-01,1976-02-20,157.3
1975-02-01,1994-02-17,52.6
1975-03-01,1975-04-22,157.89
1975-03-01,1975-05-21,157.77
1975-03-01,1976-02-20,157.9
1975-03-01,1994-02-17,52.8
1975-04-01,1975-05-21,158.71
1975-04-01,1976-02-20,158.7
1975-04-01,1994-02-17,53.0
1975-05-01,1975-06-20,159.27
1975-05-01,1976-02-20,159.5
1975-05-01,1994-02-17,53.1
1975-06-01,1975-07-22,160.5
1975-06-01,1976-02-20,160.6
1975-06-01,1994-02-17,53.5
1975-07-01,1975-08-21,162.35
1975-07-01,1976-02-20,162.2
1975-07-01,1994-02-17,54.0
1975-08-01,1975-09-19,162.62
1975-08-01,1976-02-20,162.8
1975-08-01,1977-02-18,162.7
1975-08-01,1994-02-17,54.2
1975-09-01,1975-10-22,163.37
1975-09-01,1976-02-20,163.5
1975-09-01,1977-02-18,163.4
1975-09-01,1994-02-17,54.6
1975-10-01,1975-11-20,164.44
1975-10-01,1976-02-20,164.5
1975-10-01,1977-02-18,164.4
1975-10-01,1994-02-17,54.9
1975-11-01,1975-12-19,165.57
1975-11-01,1976-02-20,165.5
1975-11-01,1977-02-18,165.3
1975-11-01,1994-02-17,55.3
1975-12-01,1976-01-21,166.38
1975-12-01,1976-02-20,166.4
1975-12-01,1977-02-18,166.1
1975-12-01,1994-02-17,55.6
1976-01-01,1976-02-20,167.1
1976-01-01,1994-02-17,55.8
1976-02-01,1976-03-19,167.3
1976-02-01,1994-02-17,55.9
1976-03-01,1976-04-21,167.6
1976-03-01,1977-02-18,167.7
1976-03-01,1994-02-17,56.0
1976-04-01,1976-05-21,168.3
1976-04-01,1977-02-18,168.4
1976-04-01,1994-02-17,56.1
1976-05-01,1976-06-22,169.3
1976-05-01,1977-02-18,169.5
1976-05-01,1994-02-17,56.4
1976-06-01,1976-07-21,170.1
1976-06-01,1977-02-18,170.2
1976-06-01,1994-02-17,56.7
1976-07-01,1976-08-20,170.9
1976-07-01,1977-02-18,171.0
1976-07-01,1978-02-27,170.9
1976-07-01,1994-02-17,57.0
1976-08-01,1976-09-21,171.8
1976-08-01,1978-02-27,171.7
1976-08-01,1994-02-17,57.3
1976-09-01,1976-10-21,172.5
1976-09-01,1977-02-18,172.4
1976-09-01,1994-02-17,57.6
1976-10-01,1976-11-19,173.1
1976-10-01,1977-02-18,173.0
1976-10-01,1978-02-27,173.1
1976-10-01,1994-02-17,57.9
1976-11-01,1976-12-21,173.6
1976-11-01,1977-02-18,173.5
1976-11-01,1994-02-17,58.1
1976-12-01,1977-01-19,174.3
1976-12-01,1977-02-18,174.2
1976-12-01,1994-02-17,58.4
1977-01-01,1977-02-18,175.6
1977-01-01,1994-02-17,58.7
1977-02-01,1977-03-18,177.3
1977-02-01,1994-02-17,59.3
1977-03-01,1977-04-21,178.4
1977-03-01,1994-02-17,59.6
1977-04-01,1977-05-20,179.8
1977-04-01,1978-02-27,179.9
1977-04-01,1994-02-17,60.0
1977-05-01,1977-06-21,180.9
1977-05-01,1994-02-17,60.2
1977-06-01,1977-07-21,181.9
1977-06-01,1978-02-27,181.8
1977-06-01,1994-02-17,60.5
1977-07-01,1977-08-19,182.6
1977-07-01,1978-02-27,182.4
1977-07-01,1979-02-23,182.2
1977-07-01,1994-02-17,60.8
1977-08-01,1977-09-21,183.2
1977-08-01,1978-02-27,183.1
1977-08-01,1979-02-23,183.0
1977-08-01,1994-02-17,61.1
1977-09-01,1977-10-21,183.8
1977-09-01,1979-02-23,183.7
1977-09-01,1994-02-17,61.3
1977-10-01,1977-11-22,184.3
1977-10-01,1978-02-27,184.4
1977-10-01,1979-02-23,184.3
1977-10-01,1994-02-17,61.6
1977-11-01,1977-12-21,185.2
1977-11-01,1979-02-23,185.4
1977-11-01,1994-02-17,62.0
1977-12-01,1978-01-20,185.9
1977-12-01,1978-02-27,186.0
1977-12-01,1979-02-23,186.3
1977-12-01,1994-02-17,62.3
1978-01-01,1978-02-27,187.5
1978-01-01,1979-02-23,187.6
1978-01-01,1994-02-17,62.7
1978-02-01,1978-03-28,188.7
1978-02-01,1979-02-23,188.8
1978-02-01,1994-02-17,63.0
1978-03-01,1978-04-28,190.2
1978-03-01,1994-02-17,63.4
1978-04-01,1978-05-31,191.8
1978-04-01,1994-02-17,63.9
1978-05-01,1978-06-30,193.6
1978-05-01,1979-02-23,193.4
1978-05-01,1994-02-17,64.5
1978-06-01,1978-07-28,195.3
1978-06-01,1979-02-23,195.0
1978-06-01,1994-02-17,65.0
1978-07-01,1978-08-29,196.3
1978-07-01,1979-02-23,196.2
1978-07-01,1980-02-22,196.1
1978-07-01,1994-02-17,65.5
1978-08-01,1978-09-26,197.4
1978-08-01,1979-02-23,197.3
1978-08-01,1994-02-17,65.9
1978-09-01,1978-10-26,198.8
1978-09-01,1979-02-23,198.9
1978-09-01,1994-02-17,66.5
1978-10-01,1978-11-28,200.4
1978-10-01,1979-02-23,200.6
1978-10-01,1980-02-22,200.7
1978-10-01,1994-02-17,67.1
1978-11-01,1978-12-22,201.5
1978-11-01,1979-02-23,201.8
1978-11-01,1980-02-22,202.0
1978-11-01,1994-02-17,67.5
1978-12-01,1979-01-24,202.8
1978-12-01,1979-02-23,203.2
1978-12-01,1980-02-22,203.5
1978-12-01,1994-02-17,67.9
1979-01-01,1979-02-23,205.2
1979-01-01,1980-02-22,205.4
1979-01-01,1994-02-17,68.5
1979-02-01,1979-03-23,207.7
1979-02-01,1994-02-17,69.2
1979-03-01,1979-04-26,209.9
1979-03-01,1994-02-17,69.9
1979-04-01,1979-05-25,212.2
1979-04-01,1980-02-22,212.0
1979-04-01,1994-02-17,70.6
1979-05-01,1979-06-26,214.4
1979-05-01,1980-02-22,214.1
1979-05-01,1994-02-17,71.4
1979-06-01,1979-07-26,216.6
1979-06-01,1980-02-22,216.4
1979-06-01,1994-02-17,72.2
1979-07-01,1979-08-24,218.7
1979-07-01,1981-02-25,218.4
1979-07-01,1994-02-17,73.0
1979-08-01,1979-09-25,220.9
1979-08-01,1981-02-25,220.7
1979-08-01,1994-02-17,73.7
1979-09-01,1979-10-26,223.4
1979-09-01,1981-02-25,223.3
1979-09-01,1994-02-17,74.4
1979-10-01,1979-11-27,225.4
1979-10-01,1980-02-22,225.6
1979-10-01,1981-02-25,225.7
1979-10-01,1994-02-17,75.2
1979-11-01,1979-12-21,227.7
1979-11-01,1980-02-22,227.9
1979-11-01,1981-02-25,228.2
1979-11-01,1994-02-17,76.0
1979-12-01,1980-01-25,230.3
1979-12-01,1980-02-22,230.7
1979-12-01,1981-02-25,230.9
1979-12-01,1994-02-17,76.9
1980-01-01,1980-02-22,234.0
1980-01-01,1981-02-25,234.1
1980-01-01,1994-02-17,78.0
1980-02-01,1980-03-25,237.2
1980-02-01,1981-02-25,237.1
1980-02-01,1994-02-17,79.0
1980-03-01,1980-04-22,240.5
1980-03-01,1981-02-25,240.3
1980-03-01,1994-02-17,80.1
1980-04-01,1980-05-23,242.8
1980-04-01,1981-02-25,242.4
1980-04-01,1994-02-17,80.9
1980-05-01,1980-06-24,244.9
1980-05-01,1981-02-25,244.5
1980-05-01,1994-02-17,81.7
1980-06-01,1980-07-23,247.1
1980-06-01,1981-02-25,246.9
1980-06-01,1994-02-17,82.5
1980-07-01,1980-08-22,247.2
1980-07-01,1981-02-25,247.1
1980-07-01,1982-02-25,247.2
1980-07-01,1994-02-17,82.6
1980-08-01,1980-09-23,248.9
1980-08-01,1981-02-25,249.0
1980-08-01,1982-02-25,248.9
1980-08-01,1994-02-17,83.2
1980-09-01,1980-10-24,251.5
1980-09-01,1981-02-25,251.6
1980-09-01,1982-02-25,251.4
1980-09-01,1994-02-17,83.9
1980-10-01,1980-11-25,254.0
1980-10-01,1981-02-25,254.2
1980-10-01,1982-02-25,254.1
1980-10-01,1994-02-17,84.7
1980-11-01,1980-12-23,256.6
1980-11-01,1981-02-25,257.0
1980-11-01,1982-02-25,256.9
1980-11-01,1994-02-17,85.6
1980-12-01,1981-01-23,259.4
1980-12-01,1981-02-25,259.5
1980-12-01,1982-02-25,259.4
1980-12-01,1994-02-17,86.4
1981-01-01,1981-02-25,261.4
1981-01-01,1994-02-17,87.2
1981-02-01,1981-03-24,263.9
1981-02-01,1994-02-17,88.0
1981-03-01,1981-04-23,265.5
1981-03-01,1982-02-25,265.4
1981-03-01,1994-02-17,88.6
1981-04-01,1981-05-22,266.6
1981-04-01,1982-02-25,266.5
1981-04-01,1994-02-17,89.1
1981-05-01,1981-06-23,268.4
1981-05-01,1982-02-25,268.6
1981-05-01,1994-02-17,89.7
1981-06-01,1981-07-23,270.3
1981-06-01,1982-02-25,270.6
1981-06-01,1994-02-17,90.5
1981-07-01,1981-08-25,273.5
1981-07-01,1982-02-25,273.7
1981-07-01,1983-02-25,273.9
1981-07-01,1994-02-17,91.5
1981-08-01,1981-09-24,275.8
1981-08-01,1982-02-25,275.9
1981-08-01,1983-02-25,276.2
1981-08-01,1994-02-17,92.2
1981-09-01,1981-10-23,279.0
1981-09-01,1982-02-25,278.9
1981-09-01,1983-02-25,279.0
1981-09-01,1994-02-17,93.1
1981-10-01,1981-11-24,280.0
1981-10-01,1982-02-25,280.1
1981-10-01,1983-02-25,280.0
1981-10-01,1994-02-17,93.4
1981-11-01,1981-12-22,281.4
1981-11-01,1982-02-25,281.5
1981-11-01,1983-02-25,281.3
1981-11-01,1994-02-17,93.8
1981-12-01,1982-01-22,282.6
1981-12-01,1983-02-25,282.4
1981-12-01,1994-02-17,94.1
1982-01-01,1982-02-25,283.4
1982-01-01,1983-02-25,283.2
1982-01-01,1994-02-17,94.4
1982-02-01,1982-03-23,284.1
1982-02-01,1983-02-25,283.4
1982-02-01,1994-02-17,94.7
1982-03-01,1982-04-23,283.3
1982-03-01,1994-02-17,94.7
1982-04-01,1982-05-21,284.0
1982-04-01,1994-02-17,95.0
1982-05-01,1982-06-22,286.7
1982-05-01,1983-02-25,286.9
1982-05-01,1994-02-17,95.9
1982-06-01,1982-07-23,289.7
1982-06-01,1983-02-25,290.0
1982-06-01,1994-02-17,97.0
1982-07-01,1982-08-24,291.4
1982-07-01,1983-02-25,291.7
1982-07-01,1994-02-17,97.5
1982-08-01,1982-09-23,292.2
1982-08-01,1983-02-25,292.6
1982-08-01,1984-02-24,292.5
1982-08-01,1994-02-17,97.7
1982-09-01,1982-10-26,292.7
1982-09-01,1983-02-25,292.9
1982-09-01,1984-02-24,292.6
1982-09-01,1994-02-17,97.7
1982-10-01,1982-11-23,294.1
1982-10-01,1984-02-24,293.7
1982-10-01,1994-02-17,98.1
1982-11-01,1982-12-21,294.3
1982-11-01,1983-02-25,294.1
1982-11-01,1984-02-24,293.7
1982-11-01,1994-02-17,98.0
1982-12-01,1983-01-21,293.5
1982-12-01,1983-02-25,293.3
1982-12-01,1984-02-24,292.8
1982-12-01,1994-02-17,97.7
1983-01-01,1983-02-25,293.8
1983-01-01,1984-02-24,293.7
1983-01-01,1994-02-17,97.9
1983-02-01,1983-03-23,293.2
1983-02-01,1984-02-24,293.5
1983-02-01,1994-02-17,98.0
1983-03-01,1983-04-22,293.6
1983-03-01,1984-02-24,293.7
1983-03-01,1994-02-17,98.1
1983-04-01,1983-05-24,295.3
1983-04-01,1984-02-24,295.7
1983-04-01,1994-02-17,98.8
1983-05-01,1983-06-22,296.9
1983-05-01,1984-02-24,297.0
1983-05-01,1994-02-17,99.2
1983-06-01,1983-07-22,297.5
1983-06-01,1984-02-24,297.6
1983-06-01,1994-02-17,99.4
1983-07-01,1983-08-23,298.7
1983-07-01,1985-02-26,298.9
1983-07-01,1994-02-17,99.8
1983-08-01,1983-09-23,300.0
1983-08-01,1984-02-24,299.8
1983-08-01,1985-02-26,299.9
1983-08-01,1994-02-17,100.1
1983-09-01,1983-10-25,301.4
1983-09-01,1984-02-24,300.9
1983-09-01,1985-02-26,301.0
1983-09-01,1994-02-17,100.4
1983-10-01,1983-11-23,302.7
1983-10-01,1984-02-24,302.1
1983-10-01,1985-02-26,302.0
1983-10-01,1994-02-17,100.8
1983-11-01,1983-12-21,303.6
1983-11-01,1984-02-24,303.2
1983-11-01,1985-02-26,303.0
1983-11-01,1994-02-17,101.1
1983-12-01,1984-01-24,304.4
1983-12-01,1984-02-24,303.9
1983-12-01,1994-02-17,101.4
1984-01-01,1984-02-24,305.8
1984-01-01,1994-02-17,102.1
1984-02-01,1984-03-23,306.9
1984-02-01,1985-02-26,307.0
1984-02-01,1994-02-17,102.6
1984-03-01,1984-04-24,307.6
1984-03-01,1985-02-26,307.9
1984-03-01,1994-02-17,102.9
1984-04-01,1984-05-22,309.0
1984-04-01,1985-02-26,309.2
1984-04-01,1994-02-17,103.3
1984-05-01,1984-06-22,309.6
1984-05-01,1985-02-26,309.7
1984-05-01,1994-02-17,103.5
1984-06-01,1984-07-24,310.1
1984-06-01,1985-02-26,310.3
1984-06-01,1994-02-17,103.7
1984-07-01,1984-08-22,311.0
1984-07-01,1985-02-26,311.3
1984-07-01,1994-02-17,104.1
1984-08-01,1984-09-21,312.4
1984-08-01,1985-02-26,312.6
1984-08-01,1994-02-17,104.4
1984-09-01,1984-10-24,313.5
1984-09-01,1985-02-26,313.7
1984-09-01,1994-02-17,104.7
1984-10-01,1984-11-21,314.6
1984-10-01,1986-02-25,314.7
1984-10-01,1994-02-17,105.1
1984-11-01,1984-12-20,315.3
1984-11-01,1985-02-26,315.2
1984-11-01,1986-02-25,315.3
1984-11-01,1994-02-17,105.3
1984-12-01,1985-01-23,315.9
1984-12-01,1985-02-26,316.0
1984-12-01,1986-02-25,316.1
1984-12-01,1994-02-17,105.5
1985-01-01,1985-02-26,316.6
1985-01-01,1986-02-25,316.7
1985-01-01,1994-02-17,105.7
1985-02-01,1985-03-22,317.7
1985-02-01,1994-02-17,106.3
1985-03-01,1985-04-23,319.2
1985-03-01,1994-02-17,106.8
1985-04-01,1985-05-21,320.4
1985-04-01,1986-02-25,320.3
1985-04-01,1994-02-17,107.0
1985-05-01,1985-06-20,321.1
1985-05-01,1986-02-25,321.0
1985-05-01,1994-02-17,107.2
1985-06-01,1985-07-23,321.8
1985-06-01,1994-02-17,107.5
1985-07-01,1985-08-22,322.4
1985-07-01,1987-02-27,322.8
1985-07-01,1994-02-17,107.7
1985-08-01,1985-09-24,323.0
1985-08-01,1986-02-25,323.1
1985-08-01,1987-02-27,323.3
1985-08-01,1994-02-17,107.9
1985-09-01,1985-10-23,323.6
1985-09-01,1986-02-25,323.7
1985-09-01,1994-02-17,108.1
1985-10-01,1985-11-22,324.6
1985-10-01,1986-02-25,324.9
1985-10-01,1994-02-17,108.5
1985-11-01,1985-12-20,326.4
1985-11-01,1986-02-25,326.7
1985-11-01,1987-02-27,326.6
1985-11-01,1994-02-17,109.0
1985-12-01,1986-01-22,327.8
1985-12-01,1986-02-25,327.9
1985-12-01,1987-02-27,327.6
1985-12-01,1994-02-17,109.5
1986-01-01,1986-02-25,329.0
1986-01-01,1987-02-27,328.7
1986-01-01,1994-02-17,109.9
1986-02-01,1986-03-25,327.7
1986-02-01,1987-02-27,327.8
1986-02-01,1994-02-17,109.7
1986-03-01,1986-04-22,326.3
1986-03-01,1987-02-27,326.5
1986-03-01,1994-02-17,109.1
1986-04-01,1986-05-21,325.4
1986-04-01,1987-02-27,325.6
1986-04-01,1994-02-17,108.7
1986-05-01,1986-06-20,326.0
1986-05-01,1987-02-27,326.4
1986-05-01,1994-02-17,109.0
1986-06-01,1986-07-23,327.5
1986-06-01,1987-02-27,327.8
1986-06-01,1994-02-17,109.4
1986-07-01,1986-08-21,327.6
1986-07-01,1987-02-27,327.9
1986-07-01,1988-02-26,109.4
1986-07-01,1994-02-17,109.5
1986-08-01,1986-09-23,328.2
1986-08-01,1987-02-27,328.4
1986-08-01,1988-02-26,109.6
1986-08-01,1994-02-17,109.6
1986-09-01,1986-10-23,329.3
1986-09-01,1987-02-27,329.4
1986-09-01,1988-02-26,109.9
1986-09-01,1994-02-17,110.0
1986-10-01,1986-11-25,329.8
1986-10-01,1987-02-27,330.0
1986-10-01,1988-02-26,110.1
1986-10-01,1994-02-17,110.2
1986-11-01,1986-12-19,330.7
1986-11-01,1987-02-27,330.8
1986-11-01,1988-02-26,110.4
1986-11-01,1994-02-17,110.4
1986-12-01,1987-01-21,331.5
1986-12-01,1987-02-27,331.4
1986-12-01,1988-02-26,110.6
1986-12-01,1994-02-17,110.8
1987-01-01,1987-02-27,333.6
1987-01-01,1988-02-26,111.4
1987-01-01,1994-02-17,111.5
1987-01-01,2002-02-20,111.4
1987-02-01,1987-03-27,335.0
1987-02-01,1988-02-26,111.8
1987-02-01,1994-02-17,111.9
1987-02-01,2002-02-20,111.8
1987-03-01,1987-04-24,336.4
1987-03-01,1988-02-26,112.3
1987-03-01,1994-02-17,112.3
1987-03-01,2002-02-20,112.2
1987-04-01,1987-05-22,337.9
1987-04-01,1988-02-26,112.8
1987-04-01,1994-02-17,112.8
1987-04-01,2002-02-20,112.7
1987-05-01,1987-06-23,339.0
1987-05-01,1988-02-26,113.2
1987-05-01,1994-02-17,113.1
1987-05-01,2002-02-20,113.0
1987-06-01,1987-07-22,340.2
1987-06-01,1988-02-26,113.5
1987-06-01,1994-02-17,113.6
1987-06-01,2002-02-20,113.5
1987-07-01,1987-08-21,341.0
1987-07-01,1988-02-26,113.8
1987-07-01,1989-02-22,113.9
1987-07-01,1994-02-17,113.9
1987-07-01,2002-02-20,113.8
1987-08-01,1987-09-23,342.6
1987-08-01,1988-02-26,114.3
1987-08-01,1989-02-22,114.4
1987-08-01,1994-02-17,114.4
1987-08-01,2002-02-20,114.3
1987-09-01,1987-10-23,343.2
1987-09-01,1988-02-26,114.6
1987-09-01,1994-02-17,114.8
1987-09-01,2002-02-20,114.7
1987-10-01,1987-11-20,344.5
1987-10-01,1988-02-26,115.0
1987-10-01,1994-02-17,115.1
1987-10-01,2002-02-20,115.0
1987-11-01,1987-12-18,345.5
1987-11-01,1988-02-26,115.3
1987-11-01,1989-02-22,115.4
1987-11-01,1994-02-17,115.5
1987-11-01,2002-02-20,115.4
1987-12-01,1988-01-20,345.9
1987-12-01,1988-02-26,115.5
1987-12-01,1989-02-22,115.6
1987-12-01,1994-02-17,115.7
1987-12-01,2002-02-20,115.6
1988-01-01,1988-02-26,115.9
1988-01-01,1989-02-22,116.1
1988-01-01,1994-02-17,116.1
1988-01-01,2002-02-20,116.0
1988-02-01,1988-03-23,116.1
1988-02-01,1989-02-22,116.3
1988-02-01,1994-02-17,116.2
1988-03-01,1988-04-20,116.7
1988-03-01,1994-02-17,116.6
1988-03-01,2002-02-20,116.5
1988-04-01,1988-05-20,117.2
1988-04-01,1994-02-17,117.2
1988-05-01,1988-06-21,117.6
1988-05-01,1989-02-22,117.7
1988-05-01,1994-02-17,117.6
1988-05-01,2002-02-20,117.5
1988-06-01,1988-07-22,118.0
1988-06-01,1989-02-22,118.1
1988-06-01,1994-02-17,118.1
1988-06-01,2002-02-20,118.0
1988-07-01,1988-08-23,118.5
1988-07-01,1989-02-22,118.6
1988-07-01,1994-02-17,118.6
1988-07-01,2002-02-20,118.5
1988-08-01,1988-09-21,119.0
1988-08-01,1994-02-17,119.0
1988-09-01,1988-10-21,119.4
1988-09-01,1989-02-22,119.5
1988-09-01,1994-02-17,119.6
1988-09-01,2002-02-20,119.5
1988-10-01,1988-11-22,119.9
1988-10-01,1989-02-22,120.0
1988-10-01,1994-02-17,120.0
1988-10-01,2002-02-20,119.9
1988-11-01,1988-12-20,120.2
1988-11-01,1989-02-22,120.3
1988-11-01,1994-02-17,120.4
1988-11-01,2002-02-20,120.3
1988-12-01,1989-01-19,120.6
1988-12-01,1989-02-22,120.7
1988-12-01,1994-02-17,120.8
1988-12-01,2002-02-20,120.7
1989-01-01,1989-02-22,121.4
1989-01-01,1994-02-17,121.3
1989-01-01,2002-02-20,121.2
1989-02-01,1989-03-21,121.9
1989-02-01,1994-02-17,121.7
1989-02-01,2002-02-20,121.6
1989-03-01,1989-04-18,122.5
1989-03-01,1994-02-17,122.3
1989-03-01,2002-02-20,122.2
1989-04-01,1989-05-18,123.3
1989-04-01,1994-02-17,123.2
1989-04-01,2002-02-20,123.1
1989-05-01,1989-06-16,124.0
1989-05-01,1990-02-21,123.8
1989-05-01,1994-02-17,123.8
1989-05-01,2002-02-20,123.7
1989-06-01,1989-07-19,124.2
1989-06-01,1990-02-21,124.1
1989-06-01,1994-02-17,124.1
1989-07-01,1989-08-18,124.5
1989-07-01,1994-02-17,124.6
1989-07-01,2002-02-20,124.5
1989-08-01,1989-09-19,124.5
1989-08-01,1991-02-20,124.6
1989-08-01,1994-02-17,124.6
1989-08-01,2002-02-20,124.5
1989-09-01,1989-10-19,124.7
1989-09-01,1990-02-21,124.8
1989-09-01,1991-02-20,124.9
1989-09-01,1994-02-17,124.9
1989-09-01,2002-02-20,124.8
1989-10-01,1989-11-21,125.3
1989-10-01,1990-02-21,125.4
1989-10-01,1994-02-17,125.5
1989-10-01,2002-02-20,125.4
1989-11-01,1989-12-19,125.8
1989-11-01,1991-02-20,125.9
1989-11-01,1994-02-17,125.9
1989-12-01,1990-01-18,126.3
1989-12-01,1991-02-20,126.4
1989-12-01,1994-02-17,126.4
1989-12-01,2002-02-20,126.3
1990-01-01,1990-02-21,127.7
1990-01-01,1991-02-20,127.6
1990-01-01,1994-02-17,127.5
1990-01-01,1995-02-15,127.6
1990-01-01,2002-02-20,127.5
1990-02-01,1990-03-20,128.3
1990-02-01,1991-02-20,128.2
1990-02-01,1994-02-17,128.0
1990-02-01,1995-02-15,128.1
1990-02-01,2002-02-20,128.0
1990-03-01,1990-04-17,128.9
1990-03-01,1991-02-20,128.7
1990-03-01,1994-02-17,128.7
1990-03-01,1995-02-15,128.6
1990-04-01,1990-05-16,129.1
1990-04-01,1991-02-20,129.0
1990-04-01,1994-02-17,129.0
1990-04-01,2002-02-20,128.9
1990-05-01,1990-06-15,129.3
1990-05-01,1991-02-20,129.2
1990-05-01,1994-02-17,129.2
1990-05-01,2002-02-20,129.1
1990-06-01,1990-07-18,130.0
1990-06-01,1994-02-17,130.0
1990-06-01,2002-02-20,129.9
1990-07-01,1990-08-16,130.5
1990-07-01,1992-02-19,130.6
1990-07-01,1994-02-17,130.6
1990-07-01,2002-02-20,130.5
1990-08-01,1990-09-18,131.5
1990-08-01,1991-02-20,131.6
1990-08-01,1992-02-19,131.7
1990-08-01,1994-02-17,131.7
1990-08-01,2002-02-20,131.6
1990-09-01,1990-10-18,132.5
1990-09-01,1991-02-20,132.6
1990-09-01,1994-02-17,132.6
1990-09-01,2002-02-20,132.5
1990-10-01,1990-11-16,133.3
1990-10-01,1991-02-20,133.4
1990-10-01,1992-02-19,133.5
1990-10-01,1994-02-17,133.4
1990-10-01,1995-02-15,133.5
1990-10-01,2002-02-20,133.4
1990-11-01,1990-12-18,133.7
1990-11-01,1991-02-20,133.8
1990-11-01,1994-02-17,133.9
1990-11-01,1995-02-15,133.8
1990-11-01,2002-02-20,133.7
1990-12-01,1991-01-16,134.1
1990-12-01,1991-02-20,134.2
1990-12-01,1994-02-17,134.3
1990-12-01,2002-02-20,134.2
1991-01-01,1991-02-20,134.8
1991-01-01,1992-02-19,134.7
1991-01-01,1994-02-17,134.8
1991-01-01,2002-02-20,134.7
1991-02-01,1991-03-19,135.1
1991-02-01,1992-02-19,134.9
1991-02-01,1994-02-17,134.9
1991-02-01,2002-02-20,134.8
1991-03-01,1991-04-12,135.0
1991-03-01,1992-02-19,135.1
1991-03-01,1994-02-17,135.0
1991-03-01,1996-02-28,134.9
1991-03-01,2002-02-20,134.8
1991-04-01,1991-05-14,135.3
1991-04-01,1992-02-19,135.4
1991-04-01,1994-02-17,135.3
1991-04-01,1996-02-28,135.2
1991-04-01,2002-02-20,135.1
1991-05-01,1991-06-14,135.7
1991-05-01,1994-02-17,135.7
1991-05-01,2002-02-20,135.6
1991-06-01,1991-07-17,136.0
1991-06-01,1992-02-19,136.1
1991-06-01,1994-02-17,136.0
1991-06-01,1996-02-28,136.1
1991-06-01,2002-02-20,136.0
1991-07-01,1991-08-14,136.3
1991-07-01,1992-02-19,136.2
1991-07-01,1993-02-18,136.3
1991-07-01,1994-02-17,136.4
1991-07-01,1996-02-28,136.3
1991-07-01,2002-02-20,136.2
1991-08-01,1991-09-13,136.6
1991-08-01,1994-02-17,136.7
1991-08-01,2002-02-20,136.6
1991-09-01,1991-10-17,137.1
1991-09-01,1993-02-18,137.0
1991-09-01,1994-02-17,137.1
1991-09-01,2002-02-20,137.0
1991-10-01,1991-11-14,137.2
1991-10-01,1992-02-19,137.4
1991-10-01,1993-02-18,137.3
1991-10-01,1994-02-17,137.3
1991-10-01,2002-02-20,137.2
1991-11-01,1991-12-13,137.8
1991-11-01,1992-02-19,137.9
1991-11-01,1993-02-18,137.8
1991-11-01,1994-02-17,137.9
1991-11-01,2002-02-20,137.8
1991-12-01,1992-01-16,138.2
1991-12-01,1993-02-18,138.1
1991-12-01,1994-02-17,138.3
1991-12-01,2002-02-20,138.2
1992-01-01,1992-02-19,138.3
1992-01-01,1993-02-18,138.5
1992-01-01,1994-02-17,138.4
1992-01-01,2002-02-20,138.3
1992-02-01,1992-03-17,138.7
1992-02-01,1993-02-18,138.8
1992-02-01,1994-02-17,138.6
1992-02-01,1997-02-19,138.7
1992-02-01,2002-02-20,138.6
1992-03-01,1992-04-10,139.4
1992-03-01,1993-02-18,139.3
1992-03-01,1994-02-17,139.2
1992-03-01,2002-02-20,139.1
1992-04-01,1992-05-13,139.7
1992-04-01,1994-02-17,139.5
1992-04-01,2002-02-20,139.4
1992-05-01,1992-06-12,139.9
1992-05-01,1994-02-17,139.8
1992-05-01,2002-02-20,139.7
1992-06-01,1992-07-14,140.3
1992-06-01,1993-02-18,140.2
1992-06-01,1994-02-17,140.3
1992-06-01,1997-02-19,140.2
1992-06-01,2002-02-20,140.1
1992-07-01,1992-08-13,140.5
1992-07-01,1993-02-18,140.6
1992-07-01,2002-02-20,140.5
1992-08-01,1992-09-15,140.9
1992-08-01,1994-02-17,141.0
1992-08-01,1996-02-28,140.9
1992-08-01,2002-02-20,140.8
1992-09-01,1992-10-15,141.2
1992-09-01,1993-02-18,141.1
1992-09-01,1994-02-17,141.2
1992-09-01,2002-02-20,141.1
1992-10-01,1992-11-13,141.8
1992-10-01,1993-02-18,141.7
1992-10-01,1996-02-28,141.8
1992-10-01,2002-02-20,141.7
1992-11-01,1992-12-13,142.1
1992-11-01,1993-02-18,142.0
1992-11-01,1994-02-17,142.1
1992-11-01,1996-02-28,142.2
1992-11-01,2002-02-20,142.1
1992-12-01,1993-01-15,142.2
1992-12-01,1994-02-17,142.4
1992-12-01,2002-02-20,142.3
1993-01-01,1993-02-18,142.9
1993-01-01,1994-02-17,142.7
1993-01-01,1996-02-28,142.8
1993-02-01,1993-03-17,143.4
1993-02-01,1994-02-17,143.2
1993-02-01,2002-02-20,143.1
1993-03-01,1993-04-09,143.6
1993-03-01,1994-02-17,143.5
1993-03-01,1998-02-24,143.4
1993-03-01,2002-02-20,143.3
1993-04-01,1993-05-13,144.2
1993-04-01,1994-02-17,144.0
1993-04-01,1996-02-28,143.9
1993-04-01,2002-02-20,143.8
1993-05-01,1993-06-15,144.4
1993-05-01,1994-02-17,144.3
1993-05-01,2002-02-20,144.2
1993-06-01,1993-07-14,144.4
1993-06-01,2002-02-20,144.3
1993-07-01,1993-08-13,144.5
1993-07-01,1994-02-17,144.6
1993-07-01,2002-02-20,144.5
1993-08-01,1993-09-14,144.9
1993-08-01,1994-02-17,145.0
1993-08-01,1995-02-15,144.9
1993-08-01,2002-02-20,144.8
1993-09-01,1993-10-15,144.9
1993-09-01,1994-02-17,145.1
1993-09-01,1995-02-15,145.0
1993-09-01,1996-02-28,145.1
1993-09-01,2002-02-20,145.0
1993-10-01,1993-11-10,145.5
1993-10-01,1994-02-17,145.6
1993-10-01,1995-02-15,145.7
1993-10-01,2002-02-20,145.6
1993-11-01,1993-12-10,145.8
1993-11-01,1994-02-17,146.0
1993-12-01,1994-01-13,146.1
1993-12-01,1994-02-17,146.3
1993-12-01,1997-02-19,146.4
1993-12-01,2002-02-20,146.3
1994-01-01,1994-02-17,146.3
1994-01-01,1995-02-15,146.4
1994-01-01,2002-02-20,146.3
1994-02-01,1994-03-16,146.7
1994-02-01,1995-02-15,146.8
1994-02-01,1996-02-28,146.7
1994-02-01,1997-02-19,146.8
1994-02-01,1998-02-24,146.7
1994-02-01,1999-02-19,146.8
1994-02-01,2002-02-20,146.7
1994-03-01,1994-04-13,147.2
1994-03-01,1995-02-15,147.1
1994-03-01,1999-02-19,147.2
1994-03-01,2002-02-20,147.1
1994-04-01,1994-05-13,147.4
1994-04-01,1996-02-28,147.3
1994-04-01,2002-02-20,147.2
1994-05-01,1994-06-14,147.7
1994-05-01,1995-02-15,147.6
1994-05-01,2002-02-20,147.5
1994-06-01,1994-07-13,148.1
1994-06-01,1997-02-19,148.0
1994-06-01,1998-02-24,148.1
1994-06-01,1999-02-19,148.0
1994-06-01,2002-02-20,147.9
1994-07-01,1994-08-12,148.6
1994-07-01,1995-02-15,148.5
1994-07-01,1996-02-28,148.6
1994-07-01,1997-02-19,148.5
1994-07-01,2002-02-20,148.4
1994-08-01,1994-09-13,149.1
1994-08-01,1998-02-24,149.2
1994-08-01,1999-02-19,149.1
1994-08-01,2002-02-20,149.0
1994-09-01,1994-10-14,149.4
1994-09-01,2002-02-20,149.3
1994-10-01,1994-11-16,149.5
1994-10-01,1995-02-15,149.6
1994-10-01,1996-02-28,149.5
1994-10-01,1997-02-19,149.6
1994-10-01,1999-02-19,149.5
1994-10-01,2002-02-20,149.4
1994-11-01,1994-12-14,149.9
1994-11-01,1995-02-15,149.8
1994-11-01,1996-02-28,149.9
1994-11-01,1998-02-24,150.0
1994-11-01,1999-02-19,149.9
1994-11-01,2002-02-20,149.8
1994-12-01,1995-01-11,150.2
1994-12-01,1995-02-15,150.1
1994-12-01,1996-02-28,150.2
1994-12-01,1997-02-19,150.3
1994-12-01,1998-02-24,150.2
1994-12-01,2002-02-20,150.1
1995-01-01,1995-02-15,150.6
1995-01-01,2002-02-20,150.5
1995-02-01,1995-03-16,151.0
1995-02-01,1996-02-28,150.9
1995-02-01,1997-02-19,151.0
1995-02-01,1998-02-24,150.9
1995-02-01,1999-02-19,151.0
1995-02-01,2002-02-20,150.9
1995-03-01,1995-04-12,151.3
1995-03-01,1998-02-24,151.2
1995-03-01,1999-02-19,151.3
1995-03-01,2002-02-20,151.2
1995-04-01,1995-05-12,151.9
1995-04-01,1996-02-28,151.8
1995-04-01,2000-02-18,151.9
1995-04-01,2002-02-20,151.8
1995-05-01,1995-06-13,152.3
1995-05-01,1996-02-28,152.2
1995-05-01,1997-02-19,152.1
1995-05-01,1998-02-24,152.2
1995-05-01,2002-02-20,152.1
1995-06-01,1995-07-14,152.5
1995-06-01,1996-02-28,152.6
1995-06-01,1997-02-19,152.5
1995-06-01,2002-02-20,152.4
1995-07-01,1995-08-11,152.8
1995-07-01,1996-02-28,152.7
1995-07-01,1997-02-19,152.6
1995-07-01,1998-02-24,152.7
1995-07-01,2002-02-20,152.6
1995-08-01,1995-09-13,153.0
1995-08-01,2002-02-20,152.9
1995-09-01,1995-10-13,153.2
1995-09-01,2002-02-20,153.1
1995-10-01,1995-11-15,153.7
1995-10-01,2002-02-20,153.5
1995-11-01,1995-12-14,153.7
1995-11-01,1996-02-28,153.8
1995-11-01,1998-02-24,153.9
1995-11-01,1999-02-19,153.8
1995-11-01,2002-02-20,153.7
1995-12-01,1996-02-01,154.0
1995-12-01,1996-02-28,154.1
1995-12-01,2002-02-20,153.9
1996-01-01,1996-02-28,154.7
1996-01-01,2001-02-21,154.8
1996-01-01,2002-02-20,154.7
1996-02-01,1996-03-15,155.0
1996-02-01,1997-02-19,155.1
1996-02-01,1998-02-24,155.0
1996-02-01,1999-02-19,155.1
1996-02-01,2002-02-20,155.0
1996-03-01,1996-04-12,155.6
1996-03-01,2000-02-18,155.7
1996-03-01,2001-02-21,155.6
1996-03-01,2002-02-20,155.5
1996-04-01,1996-05-14,156.2
1996-04-01,1997-02-19,156.1
1996-04-01,1998-02-24,156.2
1996-04-01,2002-02-20,156.1
1996-05-01,1996-06-12,156.7
1996-05-01,1997-02-19,156.5
1996-05-01,1998-02-24,156.6
1996-05-01,2001-02-21,156.5
1996-05-01,2002-02-20,156.4
1996-06-01,1996-07-16,156.8
1996-06-01,1997-02-19,156.7
1996-06-01,1998-02-24,156.8
1996-06-01,2002-02-20,156.7
1996-07-01,1996-08-13,157.2
1996-07-01,1997-02-19,157.1
1996-07-01,1998-02-24,157.2
1996-07-01,2001-02-21,157.1
1996-07-01,2002-02-20,157.0
1996-08-01,1996-09-13,157.4
1996-08-01,1999-02-19,157.3
1996-08-01,2002-02-20,157.2
1996-09-01,1996-10-16,157.8
1996-09-01,1997-02-19,157.9
1996-09-01,1998-02-24,157.8
1996-09-01,2002-02-20,157.7
1996-10-01,1996-11-14,158.3
1996-10-01,2002-02-20,158.2
1996-11-01,1996-12-12,158.7
1996-11-01,1997-02-19,158.8
1996-11-01,1999-02-19,158.7
1996-11-01,2001-02-21,158.8
1996-11-01,2002-02-20,158.7
1996-12-01,1997-01-14,159.1
1996-12-01,1997-02-19,159.2
1996-12-01,1999-02-19,159.1
1996-12-01,2001-02-21,159.2
1996-12-01,2002-02-20,159.1
1997-01-01,1997-02-19,159.4
1997-01-01,2001-02-21,159.5
1997-01-01,2002-02-20,159.4
1997-02-01,1997-03-19,159.8
1997-02-01,1998-02-24,159.7
1997-02-01,1999-02-19,159.8
1997-02-01,2001-02-21,159.9
1997-02-01,2002-02-20,159.7
1997-03-01,1997-04-15,159.9
1997-03-01,1998-02-24,159.8
1997-03-01,1999-02-19,159.9
1997-03-01,2000-02-18,160.0
1997-03-01,2001-02-21,159.9
1997-03-01,2002-02-20,159.8
1997-04-01,1997-05-15,160.0
1997-04-01,1999-02-19,160.1
1997-04-01,2001-02-21,160.0
1997-04-01,2002-02-20,159.9
1997-05-01,1997-06-17,160.1
1997-05-01,2002-02-20,159.9
1997-06-01,1997-07-16,160.3
1997-06-01,1998-02-24,160.4
1997-06-01,1999-02-19,160.3
1997-06-01,2000-02-18,160.4
1997-06-01,2001-02-21,160.3
1997-06-01,2002-02-20,160.2
1997-07-01,1997-08-14,160.6
1997-07-01,2001-02-21,160.5
1997-07-01,2002-02-20,160.4
1997-08-01,1997-09-16,160.9
1997-08-01,2000-02-18,160.8
1997-09-01,1997-10-16,161.3
1997-09-01,2002-02-20,161.2
1997-10-01,1997-11-18,161.6
1997-10-01,1999-02-19,161.5
1997-10-01,2000-02-18,161.6
1997-10-01,2002-02-20,161.5
1997-11-01,1997-12-16,161.8
1997-11-01,1999-02-19,161.7
1997-11-01,2001-02-21,161.8
1997-11-01,2002-02-20,161.7
1997-12-01,1998-01-13,161.9
1997-12-01,1999-02-19,161.8
1997-12-01,2001-02-21,161.9
1997-12-01,2002-02-20,161.8
1998-01-01,1998-02-24,161.9
1998-01-01,1999-02-19,162.0
1998-01-01,2001-02-21,162.1
1998-01-01,2002-02-20,162.0
1998-02-01,1998-03-19,162.0
1998-02-01,1999-02-19,162.1
1998-02-01,2001-02-21,162.2
1998-02-01,2002-02-20,162.0
1998-03-01,1998-04-14,162.0
1998-03-01,1999-02-19,162.1
1998-03-01,2000-02-18,162.2
1998-03-01,2002-02-20,162.0
1998-04-01,1998-05-14,162.4
1998-04-01,1999-02-19,162.5
1998-04-01,2001-02-21,162.4
1998-04-01,2002-02-20,162.2
1998-05-01,1998-06-16,162.9
1998-05-01,2000-02-18,162.8
1998-05-01,2001-02-21,162.7
1998-05-01,2002-02-20,162.6
1998-06-01,1998-07-14,163.0
1998-06-01,2001-02-21,162.9
1998-06-01,2002-02-20,162.8
1998-07-01,1998-08-18,163.3
1998-07-01,2001-02-21,163.2
1998-07-01,2002-02-20,163.1
1998-07-01,2003-02-21,163.2
1998-08-01,1998-09-17,163.6
1998-08-01,1999-02-19,163.5
1998-08-01,2002-02-20,163.4
1998-09-01,1998-10-16,163.6
1998-09-01,2001-02-21,163.5
1998-10-01,1998-11-17,164.0
1998-10-01,1999-02-19,163.9
1998-11-01,1998-12-15,164.3
1998-11-01,1999-02-19,164.2
1998-11-01,2002-02-20,164.1
1998-12-01,1999-01-14,164.5
1998-12-01,1999-02-19,164.4
1998-12-01,2001-02-21,164.5
1998-12-01,2003-02-21,164.4
1999-01-01,1999-02-19,164.6
1999-01-01,2000-02-18,164.7
1999-01-01,2001-02-21,164.8
1999-01-01,2003-02-21,164.7
1999-02-01,1999-03-18,164.7
1999-02-01,2000-02-18,164.8
1999-02-01,2002-02-20,164.7
1999-02-01,2003-02-21,164.6
1999-02-01,2004-02-20,164.7
1999-03-01,1999-04-13,165.0
1999-03-01,2000-02-18,165.1
1999-03-01,2001-02-21,165.0
1999-03-01,2002-02-20,164.9
1999-03-01,2003-02-21,164.8
1999-04-01,1999-05-14,166.2
1999-04-01,2001-02-21,166.0
1999-04-01,2002-02-20,165.9
1999-04-01,2003-02-21,165.8
1999-04-01,2004-02-20,165.9
1999-05-01,1999-06-16,166.2
1999-05-01,2001-02-21,166.0
1999-06-01,1999-07-15,166.2
1999-06-01,2001-02-21,166.1
1999-06-01,2002-02-20,166.0
1999-06-01,2003-02-21,166.1
1999-06-01,2004-02-20,166.0
1999-07-01,1999-08-17,166.7
1999-07-01,2002-02-20,166.6
1999-07-01,2003-02-21,166.7
1999-08-01,1999-09-15,167.2
1999-08-01,2001-02-21,167.1
1999-09-01,1999-10-19,167.9
1999-09-01,2000-02-18,167.8
1999-09-01,2002-02-20,167.7
1999-09-01,2003-02-21,167.8
1999-10-01,1999-11-17,168.2
1999-10-01,2000-02-18,168.1
1999-10-01,2001-02-21,168.2
1999-10-01,2002-02-20,168.1
1999-11-01,1999-12-14,168.4
1999-11-01,2001-02-21,168.5
1999-11-01,2002-02-20,168.4
1999-12-01,2000-01-14,168.8
1999-12-01,2001-02-21,168.9
1999-12-01,2003-02-21,168.8
2000-01-01,2000-02-18,169.1
2000-01-01,2000-09-28,169.2
2000-01-01,2001-02-21,169.4
2000-01-01,2002-02-20,169.3
2000-02-01,2000-03-17,170.0
2000-02-01,2000-09-28,170.1
2000-02-01,2001-02-21,170.2
2000-02-01,2002-02-20,170.0
2000-02-01,2003-02-21,169.9
2000-02-01,2005-02-18,170.0
2000-03-01,2000-04-14,171.2
2000-03-01,2000-09-28,171.3
2000-03-01,2001-02-21,171.2
2000-03-01,2002-02-20,171.0
2000-04-01,2000-05-16,171.2
2000-04-01,2000-09-28,171.3
2000-04-01,2001-02-21,171.1
2000-04-01,2002-02-20,171.0
2000-04-01,2003-02-21,170.9
2000-05-01,2000-06-14,171.3
2000-05-01,2000-09-28,171.5
2000-05-01,2001-02-21,171.3
2000-05-01,2002-02-20,171.2
2000-06-01,2000-07-18,172.3
2000-06-01,2000-09-28,172.4
2000-06-01,2001-02-21,172.2
2000-06-01,2003-02-21,172.3
2000-06-01,2004-02-20,172.2
2000-07-01,2000-08-16,172.7
2000-07-01,2000-09-28,172.8
2000-07-01,2001-02-21,172.7
2000-07-01,2002-02-20,172.6
2000-07-01,2003-02-21,172.7
2000-08-01,2000-09-15,172.6
2000-08-01,2000-09-28,172.7
2000-08-01,2001-02-21,172.8
2000-08-01,2002-02-20,172.7
2000-09-01,2000-10-18,173.6
2000-10-01,2000-11-16,173.9
2000-11-01,2000-12-15,174.2
2000-11-01,2001-02-21,174.3
2000-11-01,2002-02-20,174.2
2000-12-01,2001-01-17,174.5
2000-12-01,2001-02-21,174.6
2001-01-01,2001-02-21,175.7
2001-01-01,2002-02-20,175.6
2001-02-01,2001-03-21,176.2
2001-02-01,2002-02-20,176.0
2001-02-01,2004-02-20,175.9
2001-02-01,2005-02-18,176.0
2001-03-01,2001-04-17,176.3
2001-03-01,2002-02-20,176.1
2001-03-01,2003-02-21,176.0
2001-03-01,2005-02-18,176.1
2001-04-01,2001-05-16,176.8
2001-04-01,2002-02-20,176.6
2001-04-01,2003-02-21,176.5
2001-04-01,2005-02-18,176.6
2001-04-01,2006-02-17,176.4
2001-05-01,2001-06-15,177.5
2001-05-01,2002-02-20,177.4
2001-05-01,2006-02-17,177.3
2001-06-01,2001-07-18,177.9
2001-06-01,2002-02-20,177.8
2001-06-01,2003-02-21,177.9
2001-06-01,2004-02-20,177.8
2001-06-01,2006-02-17,177.7
2001-07-01,2001-08-16,177.4
2001-07-01,2002-02-20,177.3
2001-07-01,2003-02-21,177.5
2001-07-01,2004-02-20,177.4
2001-08-01,2001-09-18,177.5
2001-08-01,2002-02-20,177.4
2001-08-01,2003-02-21,177.5
2001-08-01,2006-02-17,177.4
2001-09-01,2001-10-19,178.2
2001-09-01,2002-02-20,178.1
2001-10-01,2001-11-16,177.6
2001-10-01,2005-02-18,177.5
2001-10-01,2006-02-17,177.6
2001-11-01,2001-12-14,177.6
2001-11-01,2002-02-20,177.5
2001-11-01,2003-02-21,177.4
2001-11-01,2004-02-20,177.5
2001-12-01,2002-01-16,177.3
2001-12-01,2004-02-20,177.2
2001-12-01,2005-02-18,177.3
2001-12-01,2006-02-17,177.4
2002-01-01,2002-02-20,177.6
2002-01-01,2005-02-18,177.7
2002-02-01,2002-03-21,178.0
2002-02-01,2003-02-21,177.9
2002-02-01,2006-02-17,178.0
2002-03-01,2002-04-16,178.6
2002-03-01,2003-02-21,178.5
2002-03-01,2005-02-18,178.6
2002-03-01,2007-02-16,178.5
2002-04-01,2002-05-15,179.5
2002-04-01,2003-02-21,179.3
2002-04-01,2004-02-20,179.4
2002-04-01,2006-02-17,179.3
2002-05-01,2002-06-18,179.5
2002-05-01,2006-02-17,179.4
2002-05-01,2007-02-16,179.5
2002-06-01,2002-07-19,179.7
2002-06-01,2003-02-21,179.8
2002-06-01,2004-02-20,179.7
2002-06-01,2005-02-18,179.6
2002-07-01,2002-08-16,179.9
2002-07-01,2003-02-21,180.1
2002-07-01,2005-02-18,180.0
2002-08-01,2002-09-18,180.5
2002-08-01,2004-02-20,180.6
2002-08-01,2005-02-18,180.5
2002-09-01,2002-10-18,180.8
2002-09-01,2003-02-21,180.9
2002-09-01,2005-02-18,180.8
2002-10-01,2002-11-19,181.3
2002-10-01,2003-02-21,181.2
2002-10-01,2005-02-18,181.1
2002-10-01,2006-02-17,181.2
2002-11-01,2002-12-17,181.5
2002-11-01,2003-02-21,181.4
2002-11-01,2006-02-17,181.5
2002-12-01,2003-01-16,181.6
2002-12-01,2006-02-17,181.7
2002-12-01,2007-02-16,181.8
2003-01-01,2003-02-21,182.2
2003-01-01,2005-02-18,182.3
2003-01-01,2008-02-15,182.6
2003-02-01,2003-03-21,183.3
2003-02-01,2004-02-20,183.2
2003-02-01,2005-02-18,183.3
2003-02-01,2008-02-15,183.6
2003-03-01,2003-04-16,183.9
2003-03-01,2004-02-20,184.0
2003-03-01,2005-02-18,184.1
2003-03-01,2007-02-16,184.0
2003-03-01,2008-02-15,183.9
2003-04-01,2003-05-16,183.3
2003-04-01,2004-02-20,183.4
2003-04-01,2005-02-18,183.5
2003-04-01,2006-02-17,183.3
2003-04-01,2008-02-15,183.2
2003-05-01,2003-06-17,183.3
2003-05-01,2006-02-17,183.2
2003-05-01,2008-02-15,182.9
2003-06-01,2003-07-16,183.6
2003-06-01,2004-02-20,183.5
2003-06-01,2005-02-18,183.4
2003-06-01,2008-02-15,183.1
2003-07-01,2003-08-15,183.9
2003-07-01,2004-02-20,183.8
2003-07-01,2008-02-15,183.7
2003-08-01,2003-09-16,184.5
2003-08-01,2005-02-18,184.4
2003-08-01,2006-02-17,184.5
2003-09-01,2003-10-16,185.0
2003-09-01,2004-02-20,185.1
2003-09-01,2005-02-18,185.0
2003-09-01,2008-02-15,185.1
2003-10-01,2003-11-18,185.0
2003-10-01,2004-02-20,184.9
2003-10-01,2005-02-18,184.8
2003-10-01,2006-02-17,184.9
2003-11-01,2003-12-16,184.6
2003-11-01,2006-02-17,184.7
2003-11-01,2008-02-15,185.0
2003-12-01,2004-01-15,185.0
2003-12-01,2004-02-20,184.9
2003-12-01,2005-02-18,185.0
2003-12-01,2006-02-17,185.1
2003-12-01,2007-02-16,185.2
2003-12-01,2008-02-15,185.5
2004-01-01,2004-02-20,185.8
2004-01-01,2005-02-18,185.9
2004-01-01,2008-02-15,186.2
2004-01-01,2009-02-18,186.3
2004-02-01,2004-03-17,186.3
2004-02-01,2005-02-18,186.5
2004-02-01,2008-02-15,186.7
2004-03-01,2004-04-14,187.2
2004-03-01,2005-02-18,187.3
2004-03-01,2007-02-16,187.2
2004-03-01,2008-02-15,187.1
2004-04-01,2004-05-14,187.6
2004-04-01,2005-02-18,187.7
2004-04-01,2006-02-17,187.5
2004-04-01,2008-02-15,187.4
2004-05-01,2004-06-15,188.8
2004-05-01,2006-02-17,188.6
2004-05-01,2008-02-15,188.2
2004-06-01,2004-07-16,189.4
2004-06-01,2005-02-18,189.3
2004-06-01,2006-02-17,189.2
2004-06-01,2007-02-16,189.3
2004-06-01,2008-02-15,188.9
2004-07-01,2004-08-17,189.3
2004-07-01,2005-02-18,189.2
2004-07-01,2007-02-16,189.3
2004-07-01,2008-02-15,189.1
2004-08-01,2004-09-16,189.4
2004-08-01,2005-02-18,189.3
2004-08-01,2006-02-17,189.4
2004-08-01,2009-02-18,189.2
2004-09-01,2004-10-19,189.7
2004-09-01,2005-02-18,189.6
2004-09-01,2006-02-17,189.7
2004-09-01,2008-02-15,189.8
2004-10-01,2004-11-17,190.9
2004-10-01,2005-02-18,190.7
2004-10-01,2006-02-17,190.8
2004-11-01,2004-12-17,191.2
2004-11-01,2007-02-16,191.3
2004-11-01,2008-02-15,191.6
2004-11-01,2009-02-18,191.7
2004-12-01,2005-01-19,191.1
2004-12-01,2005-02-18,191.2
2004-12-01,2007-02-16,191.3
2004-12-01,2008-02-15,191.7
2005-01-01,2005-02-23,191.3
2005-01-01,2006-02-17,191.4
2005-01-01,2007-02-16,191.3
2005-01-01,2008-02-15,191.7
2005-01-01,2009-02-18,191.8
2005-01-01,2010-02-17,191.6
2005-02-01,2005-03-23,192.0
2005-02-01,2006-02-17,192.1
2005-02-01,2008-02-15,192.3
2005-02-01,2009-02-18,192.4
2005-03-01,2005-04-20,193.2
2005-03-01,2007-02-16,193.0
2005-03-01,2008-02-15,192.9
2005-03-01,2009-02-18,193.1
2005-04-01,2005-05-18,194.2
2005-04-01,2006-02-17,194.1
2005-04-01,2007-02-16,193.9
2005-04-01,2008-02-15,193.8
2005-04-01,2010-02-17,193.7
2005-05-01,2005-06-15,194.1
2005-05-01,2006-02-17,194.0
2005-05-01,2008-02-15,193.5
2005-05-01,2010-02-17,193.6
2005-06-01,2005-07-14,194.1
2005-06-01,2006-02-17,193.9
2005-06-01,2007-02-16,194.0
2005-06-01,2008-02-15,193.6
2005-06-01,2010-02-17,193.7
2005-07-01,2005-08-16,195.1
2005-07-01,2008-02-15,194.9
2005-07-01,2009-02-18,194.7
2005-07-01,2010-02-17,194.9
2005-08-01,2005-09-15,196.1
2005-08-01,2006-02-17,196.2
2005-08-01,2009-02-18,196.0
2005-08-01,2010-02-17,196.1
2005-09-01,2005-10-14,198.5
2005-09-01,2006-02-17,198.6
2005-09-01,2008-02-15,198.8
2005-09-01,2009-02-18,198.7
2005-09-01,2010-02-17,198.8
2005-10-01,2005-11-16,198.9
2005-10-01,2006-02-17,199.1
2005-10-01,2007-02-16,199.2
2005-10-01,2010-02-17,199.1
2005-11-01,2005-12-15,197.8
2005-11-01,2007-02-16,197.9
2005-11-01,2008-02-15,198.3
2005-11-01,2009-02-18,198.4
2005-11-01,2010-02-17,198.1
2005-12-01,2006-01-18,197.7
2005-12-01,2007-02-16,197.8
2005-12-01,2008-02-15,198.2
2005-12-01,2009-02-18,198.3
2005-12-01,2010-02-17,198.1
2006-01-01,2006-02-22,199.0
2006-01-01,2008-02-15,199.4
2006-01-01,2010-02-17,199.2
2006-01-01,2011-02-15,199.3
2006-02-01,2006-03-16,199.1
2006-02-01,2008-02-15,199.3
2006-02-01,2009-02-18,199.5
2006-02-01,2010-02-17,199.4
2006-03-01,2006-04-19,199.8
2006-03-01,2007-02-16,199.6
2006-03-01,2009-02-18,199.8
2006-03-01,2010-02-17,199.7
2006-04-01,2006-05-17,201.0
2006-04-01,2007-02-16,200.8
2006-04-01,2008-02-15,200.6
2006-04-01,2009-02-18,200.7
2006-04-01,2010-02-17,200.6
2006-04-01,2011-02-15,200.7
2006-05-01,2006-06-14,201.9
2006-05-01,2008-02-15,201.3
2006-05-01,2010-02-17,201.4
2006-05-01,2011-02-15,201.3
2006-06-01,2006-07-19,202.3
2006-06-01,2007-02-16,202.4
2006-06-01,2008-02-15,201.9
2006-06-01,2009-02-18,201.7
2006-06-01,2010-02-17,201.9
2006-06-01,2011-02-15,201.8
2006-07-01,2006-08-16,203.2
2006-07-01,2008-02-15,202.9
2006-07-01,2009-02-18,202.7
2006-07-01,2010-02-17,202.9
2006-08-01,2006-09-15,203.7
2006-08-01,2007-02-16,203.8
2006-08-01,2009-02-18,203.6
2006-08-01,2010-02-17,203.7
2006-08-01,2011-02-15,203.8
2006-09-01,2006-10-18,202.7
2006-09-01,2008-02-15,202.9
2006-09-01,2009-02-18,202.8
2006-09-01,2010-02-17,202.9
2006-09-01,2011-02-15,202.8
2006-10-01,2006-11-16,201.7
2006-10-01,2007-02-16,201.8
2006-10-01,2008-02-15,201.9
2006-10-01,2010-02-17,201.8
2006-10-01,2011-02-15,201.9
2006-11-01,2006-12-15,201.7
2006-11-01,2007-02-16,201.9
2006-11-01,2008-02-15,202.1
2006-11-01,2009-02-18,202.3
2006-11-01,2010-02-17,202.0
2006-12-01,2007-01-18,202.8
2006-12-01,2008-02-15,203.3
2006-12-01,2010-02-17,203.1
2007-01-01,2007-02-21,203.153
2007-01-01,2008-02-15,203.552
2007-01-01,2009-02-18,203.574
2007-01-01,2010-02-17,203.372
2007-01-01,2011-02-15,203.379
2007-01-01,2012-02-15,203.437
2007-02-01,2007-03-16,203.906
2007-02-01,2008-02-15,204.158
2007-02-01,2009-02-18,204.357
2007-02-01,2010-02-17,204.258
2007-02-01,2011-02-15,204.238
2007-02-01,2012-02-15,204.226
2007-03-01,2007-04-17,205.146
2007-03-01,2008-02-15,205.098
2007-03-01,2009-02-18,205.348
2007-03-01,2010-02-17,205.312
2007-03-01,2011-02-15,205.247
2007-03-01,2012-02-15,205.288
2007-04-01,2007-05-15,205.999
2007-04-01,2008-02-15,205.751
2007-04-01,2009-02-18,205.92
2007-04-01,2010-02-17,205.959
2007-04-01,2011-02-15,206.01
2007-04-01,2012-02-15,205.904
2007-05-01,2007-06-15,207.387
2007-05-01,2008-02-15,206.7
2007-05-01,2009-02-18,206.682
2007-05-01,2010-02-17,206.85
2007-05-01,2011-02-15,206.813
2007-05-01,2012-02-15,206.755
2007-06-01,2007-07-18,207.784
2007-06-01,2008-02-15,207.246
2007-06-01,2009-02-18,207.023
2007-06-01,2010-02-17,207.202
2007-06-01,2011-02-15,207.162
2007-06-01,2012-02-15,207.234
2007-07-01,2007-08-15,208.028
2007-07-01,2008-02-15,207.708
2007-07-01,2009-02-18,207.338
2007-07-01,2010-02-17,207.651
2007-07-01,2011-02-15,207.655
2007-07-01,2012-02-15,207.603
2007-08-01,2007-09-19,207.738
2007-08-01,2008-02-15,207.749
2007-08-01,2009-02-18,207.52
2007-08-01,2010-02-17,207.671
2007-08-01,2011-02-15,207.689
2007-08-01,2012-02-15,207.667
2007-09-01,2007-10-17,208.292
2007-09-01,2008-02-15,208.509
2007-09-01,2009-02-18,208.382
2007-09-01,2010-02-17,208.503
2007-09-01,2011-02-15,208.467
2007-09-01,2012-02-15,208.547
2007-10-01,2007-11-15,208.903
2007-10-01,2008-02-15,209.055
2007-10-01,2009-02-18,209.133
2007-10-01,2010-02-17,209.073
2007-10-01,2011-02-15,209.156
2007-10-01,2012-02-15,209.19
2007-11-01,2007-12-14,210.565
2007-11-01,2008-02-15,210.93
2007-11-01,2009-02-18,211.166
2007-11-01,2010-02-17,210.74
2007-11-01,2011-02-15,210.81
2007-11-01,2012-02-15,210.834
2007-12-01,2008-01-16,211.16
2007-12-01,2008-02-15,211.68
2007-12-01,2009-02-18,211.737
2007-12-01,2010-02-17,211.434
2007-12-01,2011-02-15,211.416
2007-12-01,2012-02-15,211.445
2008-01-01,2008-02-20,212.516
2008-01-01,2009-02-18,212.495
2008-01-01,2010-02-17,212.225
2008-01-01,2011-02-15,212.18
2008-01-01,2012-02-15,212.199
2008-01-01,2013-02-19,212.174
2008-02-01,2008-03-14,212.571
2008-02-01,2009-02-18,212.86
2008-02-01,2010-02-17,212.703
2008-02-01,2011-02-15,212.684
2008-02-01,2012-02-15,212.623
2008-02-01,2013-02-19,212.687
2008-03-01,2008-04-16,213.301
2008-03-01,2009-02-18,213.667
2008-03-01,2010-02-17,213.543
2008-03-01,2011-02-15,213.464
2008-03-01,2012-02-15,213.441
2008-03-01,2013-02-19,213.448
2008-04-01,2008-05-14,213.743
2008-04-01,2009-02-18,213.997
2008-04-01,2010-02-17,214.106
2008-04-01,2011-02-15,214.118
2008-04-01,2012-02-15,213.971
2008-04-01,2013-02-19,213.942
2008-05-01,2008-06-13,215.132
2008-05-01,2009-02-18,215.044
2008-05-01,2010-02-17,215.287
2008-05-01,2011-02-15,215.304
2008-05-01,2012-02-15,215.206
2008-05-01,2013-02-19,215.208
2008-06-01,2008-07-16,217.403
2008-06-01,2009-02-18,217.034
2008-06-01,2010-02-17,217.279
2008-06-01,2011-02-15,217.235
2008-06-01,2012-02-15,217.47
2008-06-01,2013-02-19,217.463
2008-07-01,2008-08-14,219.181
2008-07-01,2009-02-18,218.61
2008-07-01,2010-02-17,219.102
2008-07-01,2011-02-15,219.133
2008-07-01,2012-02-15,219.09
2008-07-01,2013-02-19,219.016
2008-08-01,2008-09-16,218.88
2008-08-01,2009-02-18,218.576
2008-08-01,2010-02-17,218.779
2008-08-01,2011-02-15,218.78
2008-08-01,2012-02-15,218.749
2008-08-01,2013-02-19,218.69
2008-09-01,2008-10-16,218.813
2008-09-01,2009-02-18,218.675
2008-09-01,2010-02-17,218.846
2008-09-01,2011-02-15,218.852
2008-09-01,2012-02-15,218.872
2008-09-01,2013-02-19,218.877
2008-10-01,2008-11-19,216.71
2008-10-01,2009-02-18,216.889
2008-10-01,2010-02-17,216.832
2008-10-01,2011-02-15,216.93
2008-10-01,2012-02-15,216.966
2008-10-01,2013-02-19,216.995
2008-11-01,2008-12-16,213.06
2008-11-01,2009-02-18,213.263
2008-11-01,2010-02-17,212.923
2008-11-01,2011-02-15,213.002
2008-11-01,2012-02-15,213.074
2008-11-01,2013-02-19,213.153
2008-12-01,2009-01-16,211.49
2008-12-01,2009-02-18,211.577
2008-12-01,2010-02-17,211.339
2008-12-01,2011-02-15,211.327
2008-12-01,2012-02-15,211.401
2008-12-01,2013-02-19,211.398
2009-01-01,2009-02-20,212.174
2009-01-01,2010-02-17,211.959
2009-01-01,2011-02-15,211.903
2009-01-01,2012-02-15,211.962
2009-01-01,2013-02-19,211.952
2009-01-01,2014-02-18,211.933
2009-02-01,2009-03-18,213.007
2009-02-01,2010-02-17,212.877
2009-02-01,2011-02-15,212.879
2009-02-01,2012-02-15,212.823
2009-02-01,2014-02-18,212.705
2009-03-01,2009-04-15,212.714
2009-03-01,2010-02-17,212.643
2009-03-01,2011-02-15,212.572
2009-03-01,2012-02-15,212.561
2009-03-01,2013-02-19,212.523
2009-03-01,2014-02-18,212.495
2009-04-01,2009-05-15,212.671
2009-04-01,2010-02-17,212.81
2009-04-01,2011-02-15,212.799
2009-04-01,2012-02-15,212.705
2009-04-01,2013-02-19,212.657
2009-04-01,2014-02-18,212.709
2009-05-01,2009-06-17,212.876
2009-05-01,2010-02-17,213.05
2009-05-01,2011-02-15,213.078
2009-05-01,2012-02-15,212.977
2009-05-01,2013-02-19,212.998
2009-05-01,2014-02-18,213.022
2009-06-01,2009-07-15,214.459
2009-06-01,2010-02-17,214.558
2009-06-01,2011-02-15,214.527
2009-06-01,2012-02-15,214.744
2009-06-01,2013-02-19,214.791
2009-06-01,2014-02-18,214.79
2009-07-01,2009-08-14,214.469
2009-07-01,2010-02-17,214.774
2009-07-01,2011-02-15,214.782
2009-07-01,2012-02-15,214.726
2009-07-01,2013-02-19,214.72
2009-07-01,2014-02-18,214.726
2009-08-01,2009-09-16,215.428
2009-08-01,2010-02-17,215.566
2009-08-01,2011-02-15,215.519
2009-08-01,2012-02-15,215.479
2009-08-01,2013-02-19,215.442
2009-08-01,2014-02-18,215.445
2009-09-01,2009-10-15,215.791
2009-09-01,2010-02-17,215.911
2009-09-01,2011-02-15,215.956
2009-09-01,2012-02-15,215.883
2009-09-01,2013-02-19,215.88
2009-09-01,2014-02-18,215.861
2009-10-01,2009-11-18,216.385
2009-10-01,2010-02-17,216.357
2009-10-01,2011-02-15,216.445
2009-10-01,2012-02-15,216.476
2009-10-01,2013-02-19,216.482
2009-10-01,2014-02-18,216.509
2009-11-01,2009-12-16,217.25
2009-11-01,2010-02-17,216.859
2009-11-01,2011-02-15,216.956
2009-11-01,2012-02-15,217.113
2009-11-01,2013-02-19,217.165
2009-11-01,2014-02-18,217.234
2009-12-01,2010-01-15,217.541
2009-12-01,2010-02-17,217.224
2009-12-01,2011-02-15,217.158
2009-12-01,2012-02-15,217.33
2009-12-01,2013-02-19,217.365
2009-12-01,2014-02-18,217.347
2010-01-01,2010-02-19,217.587
2010-01-01,2011-02-15,217.458
2010-01-01,2012-02-15,217.469
2010-01-01,2013-02-19,217.478
2010-01-01,2014-02-18,217.466
2010-01-01,2015-02-20,217.488
2010-02-01,2010-03-18,217.591
2010-02-01,2011-02-15,217.562
2010-02-01,2012-02-15,217.397
2010-02-01,2013-02-19,217.356
2010-02-01,2014-02-18,217.251
2010-02-01,2015-02-20,217.281
2010-03-01,2010-04-14,217.729
2010-03-01,2011-02-15,217.611
2010-03-01,2012-02-15,217.44
2010-03-01,2013-02-19,217.38
2010-03-01,2014-02-18,217.305
2010-03-01,2015-02-20,217.353
2010-04-01,2010-05-19,217.579
2010-04-01,2011-02-15,217.625
2010-04-01,2012-02-15,217.373
2010-04-01,2013-02-19,217.281
2010-04-01,2014-02-18,217.376
2010-04-01,2015-02-20,217.403
2010-05-01,2010-06-17,217.224
2010-05-01,2011-02-15,217.32
2010-05-01,2012-02-15,217.182
2010-05-01,2013-02-19,217.23
2010-05-01,2014-02-18,217.299
2010-05-01,2015-02-20,217.29
2010-06-01,2010-07-16,216.929
2010-06-01,2011-02-15,216.865
2010-06-01,2012-02-15,217.206
2010-06-01,2013-02-19,217.329
2010-06-01,2014-02-18,217.285
2010-06-01,2015-02-20,217.199
2010-07-01,2010-08-13,217.597
2010-07-01,2011-02-15,217.621
2010-07-01,2012-02-15,217.649
2010-07-01,2013-02-19,217.69
2010-07-01,2014-02-18,217.677
2010-07-01,2015-02-20,217.605
2010-08-01,2010-09-17,218.15
2010-08-01,2011-02-15,218.068
2010-08-01,2012-02-15,218.062
2010-08-01,2013-02-19,218.02
2010-08-01,2014-02-18,218.012
2010-08-01,2015-02-20,217.923
2010-09-01,2010-10-15,218.372
2010-09-01,2011-02-15,218.427
2010-09-01,2012-02-15,218.364
2010-09-01,2013-02-19,218.319
2010-09-01,2014-02-18,218.281
2010-09-01,2015-02-20,218.275
2010-10-01,2010-11-17,218.879
2010-10-01,2011-02-15,218.97
2010-10-01,2012-02-15,219.02
2010-10-01,2013-02-19,218.996
2010-10-01,2014-02-18,219.024
2010-10-01,2015-02-20,219.035
2010-11-01,2010-12-15,219.146
2010-11-01,2011-02-15,219.24
2010-11-01,2012-02-15,219.441
2010-11-01,2013-02-19,219.471
2010-11-01,2014-02-18,219.544
2010-11-01,2015-02-20,219.59
2010-12-01,2011-01-14,220.252
2010-12-01,2011-02-15,220.186
2010-12-01,2012-02-15,220.414
2010-12-01,2013-02-19,220.468
2010-12-01,2014-02-18,220.437
2010-12-01,2015-02-20,220.472
2011-01-01,2011-02-17,221.062
2011-01-01,2012-02-15,221.036
2011-01-01,2013-02-19,221.067
2011-01-01,2014-02-18,221.082
2011-01-01,2015-02-20,221.148
2011-01-01,2016-02-19,221.187
2011-02-01,2011-03-17,222.27
2011-02-01,2012-02-15,222.008
2011-02-01,2013-02-19,221.908
2011-02-01,2014-02-18,221.816
2011-02-01,2015-02-20,221.904
2011-02-01,2016-02-19,221.898
2011-03-01,2011-04-15,223.49
2011-03-01,2012-02-15,223.193
2011-03-01,2013-02-19,223.106
2011-03-01,2014-02-18,222.955
2011-03-01,2015-02-20,223.044
2011-03-01,2016-02-19,223.046
2011-04-01,2011-05-13,224.433
2011-04-01,2012-02-15,224.03
2011-04-01,2013-02-19,223.879
2011-04-01,2014-02-18,224.056
2011-04-01,2015-02-20,224.06
2011-04-01,2016-02-19,224.093
2011-05-01,2011-06-15,224.804
2011-05-01,2012-02-15,224.634
2011-05-01,2013-02-19,224.747
2011-05-01,2014-02-18,224.918
2011-05-01,2015-02-20,224.869
2011-05-01,2016-02-19,224.806
2011-06-01,2011-07-15,224.304
2011-06-01,2012-02-15,224.837
2011-06-01,2013-02-19,225.07
2011-06-01,2014-02-18,224.99
2011-06-01,2015-02-20,224.841
2011-06-01,2016-02-19,224.806
2011-07-01,2011-08-18,225.425
2011-07-01,2012-02-15,225.515
2011-07-01,2013-02-19,225.594
2011-07-01,2014-02-18,225.553
2011-07-01,2015-02-20,225.419
2011-07-01,2016-02-19,225.395
2011-08-01,2011-09-15,226.268
2011-08-01,2012-02-15,226.266
2011-08-01,2013-02-19,226.187
2011-08-01,2014-02-18,226.149
2011-08-01,2015-02-20,226.082
2011-08-01,2016-02-19,226.106
2011-09-01,2011-10-19,226.955
2011-09-01,2012-02-15,226.87
2011-09-01,2013-02-19,226.753
2011-09-01,2014-02-18,226.674
2011-09-01,2015-02-20,226.676
2011-09-01,2016-02-19,226.597
2011-10-01,2011-11-16,226.763
2011-10-01,2012-02-15,226.804
2011-10-01,2013-02-19,226.728
2011-10-01,2014-02-18,226.761
2011-10-01,2015-02-20,226.811
2011-10-01,2016-02-19,226.75
2011-11-01,2011-12-16,226.72
2011-11-01,2012-02-15,227.014
2011-11-01,2013-02-19,227.049
2011-11-01,2014-02-18,227.136
2011-11-01,2015-02-20,227.157
2011-11-01,2016-02-19,227.169
2011-12-01,2012-01-19,226.747
2011-12-01,2012-02-15,227.033
2011-12-01,2013-02-19,227.137
2011-12-01,2014-02-18,227.093
2011-12-01,2015-02-20,227.145
2011-12-01,2016-02-19,227.223
2012-01-01,2012-02-17,227.505
2012-01-01,2013-02-19,227.605
2012-01-01,2014-02-18,227.666
2012-01-01,2015-02-20,227.759
2012-01-01,2016-02-19,227.86
2012-01-01,2017-02-13,227.842
2012-02-01,2012-03-16,228.433
2012-02-01,2013-02-19,228.253
2012-02-01,2014-02-18,228.138
2012-02-01,2015-02-20,228.285
2012-02-01,2016-02-19,228.377
2012-02-01,2017-02-13,228.329
2012-03-01,2012-04-13,229.098
2012-03-01,2013-02-19,228.95
2012-03-01,2014-02-18,228.732
2012-03-01,2015-02-20,228.866
2012-03-01,2016-02-19,228.894
2012-03-01,2017-02-13,228.807
2012-04-01,2012-05-15,229.177
2012-04-01,2013-02-19,228.951
2012-04-01,2014-02-18,229.184
2012-04-01,2015-02-20,229.172
2012-04-01,2016-02-19,229.286
2012-04-01,2017-02-13,229.187
2012-05-01,2012-06-14,228.527
2012-05-01,2013-02-19,228.648
2012-05-01,2014-02-18,228.884
2012-05-01,2015-02-20,228.785
2012-05-01,2016-02-19,228.722
2012-05-01,2017-02-13,228.713
2012-06-01,2012-07-17,228.618
2012-06-01,2013-02-19,228.924
2012-06-01,2014-02-18,228.825
2012-06-01,2015-02-20,228.626
2012-06-01,2016-02-19,228.506
2012-06-01,2017-02-13,228.524
2012-07-01,2012-08-15,228.723
2012-07-01,2013-02-19,228.836
2012-07-01,2014-02-18,228.779
2012-07-01,2015-02-20,228.584
2012-07-01,2016-02-19,228.475
2012-07-01,2017-02-13,228.59
2012-08-01,2012-09-14,230.102
2012-08-01,2013-02-19,230.026
2012-08-01,2014-02-18,229.952
2012-08-01,2015-02-20,229.911
2012-08-01,2016-02-19,229.844
2012-08-01,2017-02-13,229.918
2012-09-01,2012-10-16,231.414
2012-09-01,2013-02-19,231.227
2012-09-01,2014-02-18,231.086
2012-09-01,2015-02-20,231.104
2012-09-01,2016-02-19,230.987
2012-09-01,2017-02-13,231.015
2012-10-01,2012-11-15,231.751
2012-10-01,2013-02-19,231.623
2012-10-01,2014-02-18,231.652
2012-10-01,2015-02-20,231.741
2012-10-01,2016-02-19,231.655
2012-10-01,2017-02-13,231.638
2012-11-01,2012-12-14,231.025
2012-11-01,2013-02-19,231.071
2012-11-01,2014-02-18,231.19
2012-11-01,2015-02-20,231.202
2012-11-01,2016-02-19,231.278
2012-11-01,2017-02-13,231.249
2012-12-01,2013-01-16,230.979
2012-12-01,2013-02-19,231.137
2012-12-01,2014-02-18,231.099
2012-12-01,2015-02-20,231.165
2012-12-01,2016-02-19,231.272
2012-12-01,2017-02-13,231.221
2013-01-01,2013-02-21,231.198
2013-01-01,2014-02-18,231.321
2013-01-01,2015-02-20,231.444
2013-01-01,2016-02-19,231.641
2013-01-01,2017-02-13,231.612
2013-01-01,2018-02-14,231.679
2013-02-01,2013-03-15,232.77
2013-02-01,2014-02-18,232.599
2013-02-01,2015-02-20,232.803
2013-02-01,2016-02-19,233.005
2013-02-01,2017-02-13,232.985
2013-02-01,2018-02-14,232.937
2013-03-01,2013-04-16,232.34
2013-03-01,2014-02-18,232.075
2013-03-01,2015-02-20,232.245
2013-03-01,2016-02-19,232.313
2013-03-01,2017-02-13,232.299
2013-03-01,2018-02-14,232.282
2013-04-01,2013-05-16,231.485
2013-04-01,2014-02-18,231.707
2013-04-01,2015-02-20,231.672
2013-04-01,2016-02-19,231.856
2013-04-01,2017-02-13,231.795
2013-04-01,2018-02-14,231.797
2013-05-01,2013-06-18,231.831
2013-05-01,2014-02-18,232.124
2013-05-01,2015-02-20,231.99
2013-05-01,2016-02-19,231.895
2013-05-01,2017-02-13,231.916
2013-05-01,2018-02-14,231.893
2013-06-01,2013-07-16,232.944
2013-06-01,2014-02-18,232.86
2013-06-01,2015-02-20,232.583
2013-06-01,2016-02-19,232.357
2013-06-01,2017-02-13,232.374
2013-06-01,2018-02-14,232.445
2013-07-01,2013-08-15,233.318
2013-07-01,2014-02-18,233.252
2013-07-01,2015-02-20,232.98
2013-07-01,2016-02-19,232.749
2013-07-01,2017-02-13,232.889
2013-07-01,2018-02-14,232.9
2013-08-01,2013-09-17,233.526
2013-08-01,2014-02-18,233.433
2013-08-01,2015-02-20,233.413
2013-08-01,2016-02-19,233.249
2013-08-01,2017-02-13,233.323
2013-08-01,2018-02-14,233.456
2013-09-01,2013-10-30,233.947
2013-09-01,2014-02-18,233.743
2013-09-01,2015-02-20,233.773
2013-09-01,2016-02-19,233.642
2013-09-01,2017-02-13,233.632
2013-09-01,2018-02-14,233.544
2013-10-01,2013-11-20,233.808
2013-10-01,2014-02-18,233.782
2013-10-01,2015-02-20,233.903
2013-10-01,2016-02-19,233.799
2013-10-01,2017-02-13,233.718
2013-10-01,2018-02-14,233.669
2013-11-01,2013-12-17,233.887
2013-11-01,2014-02-18,234.033
2013-11-01,2015-02-20,234.038
2013-11-01,2016-02-19,234.21
2013-11-01,2017-02-13,234.121
2013-11-01,2018-02-14,234.1
2013-12-01,2014-01-16,234.582
2013-12-01,2014-02-18,234.594
2013-12-01,2015-02-20,234.697
2013-12-01,2016-02-19,234.847
2013-12-01,2017-02-13,234.723
2013-12-01,2018-02-14,234.719
2014-01-01,2014-02-20,234.933
2014-01-01,2015-02-20,235.128
2014-01-01,2016-02-19,235.436
2014-01-01,2017-02-13,235.385
2014-01-01,2018-02-14,235.347
2014-01-01,2019-02-11,235.288
2014-02-01,2014-03-18,235.169
2014-02-01,2015-02-20,235.356
2014-02-01,2016-02-19,235.621
2014-02-01,2017-02-13,235.672
2014-02-01,2018-02-14,235.522
2014-02-01,2019-02-11,235.547
2014-03-01,2014-04-15,235.64
2014-03-01,2015-02-20,235.79
2014-03-01,2016-02-19,235.897
2014-03-01,2017-02-13,235.978
2014-03-01,2018-02-14,235.956
2014-03-01,2019-02-11,236.028
2014-04-01,2014-05-15,236.254
2014-04-01,2015-02-20,236.24
2014-04-01,2016-02-19,236.495
2014-04-01,2017-02-13,236.471
2014-04-01,2018-02-14,236.463
2014-04-01,2019-02-11,236.468
2014-05-01,2014-06-17,237.083
2014-05-01,2015-02-20,236.95
2014-05-01,2016-02-19,236.803
2014-05-01,2017-02-13,236.832
2014-05-01,2018-02-14,236.867
2014-05-01,2019-02-11,236.918
2014-06-01,2014-07-22,237.693
2014-06-01,2015-02-20,237.348
2014-06-01,2016-02-19,237.016
2014-06-01,2017-02-13,237.029
2014-06-01,2018-02-14,237.188
2014-06-01,2019-02-11,237.231
2014-07-01,2014-08-19,237.909
2014-07-01,2015-02-20,237.596
2014-07-01,2016-02-19,237.259
2014-07-01,2017-02-13,237.424
2014-07-01,2018-02-14,237.485
2014-07-01,2019-02-11,237.498
2014-08-01,2014-09-17,237.428
2014-08-01,2015-02-20,237.409
2014-08-01,2016-02-19,237.163
2014-08-01,2017-02-13,237.256
2014-08-01,2018-02-14,237.439
2014-08-01,2019-02-11,237.46
2014-09-01,2014-10-22,237.633
2014-09-01,2015-02-20,237.626
2014-09-01,2016-02-19,237.51
2014-09-01,2017-02-13,237.486
2014-09-01,2018-02-14,237.452
2014-09-01,2019-02-11,237.477
2014-10-01,2014-11-20,237.642
2014-10-01,2015-02-20,237.753
2014-10-01,2016-02-19,237.651
2014-10-01,2017-02-13,237.506
2014-10-01,2018-02-14,237.447
2014-10-01,2019-02-11,237.43
2014-11-01,2014-12-17,237.032
2014-11-01,2015-02-20,237.067
2014-11-01,2016-02-19,237.261
2014-11-01,2017-02-13,237.118
2014-11-01,2018-02-14,237.042
2014-11-01,2019-02-11,236.983
2014-12-01,2015-01-16,236.149
2014-12-01,2015-02-20,236.284
2014-12-01,2016-02-19,236.464
2014-12-01,2017-02-13,236.29
2014-12-01,2018-02-14,236.27
2014-12-01,2019-02-11,236.252
2015-01-01,2015-02-26,234.677
2015-01-01,2016-02-19,234.954
2015-01-01,2017-02-13,234.913
2015-01-01,2018-02-14,234.836
2015-01-01,2019-02-11,234.718
2015-01-01,2020-02-11,234.747
2015-02-01,2015-03-24,235.186
2015-02-01,2016-02-19,235.415
2015-02-01,2017-02-13,235.489
2015-02-01,2018-02-14,235.274
2015-02-01,2019-02-11,235.236
2015-02-01,2020-02-11,235.342
2015-03-01,2015-04-17,235.74
2015-03-01,2016-02-19,235.859
2015-03-01,2017-02-13,235.989
2015-03-01,2018-02-14,235.956
2015-03-01,2019-02-11,236.005
2015-03-01,2020-02-11,235.976
2015-04-01,2015-05-22,235.982
2015-04-01,2016-02-19,236.197
2015-04-01,2017-02-13,236.201
2015-04-01,2018-02-14,236.165
2015-04-01,2019-02-11,236.156
2015-04-01,2020-02-11,236.222
2015-05-01,2015-06-18,237.031
2015-05-01,2016-02-19,236.876
2015-05-01,2017-02-13,236.891
2015-05-01,2018-02-14,236.952
2015-05-01,2019-02-11,236.974
2015-05-01,2020-02-11,237.001
2015-06-01,2015-07-17,237.786
2015-06-01,2016-02-19,237.423
2015-06-01,2017-02-13,237.419
2015-06-01,2018-02-14,237.618
2015-06-01,2019-02-11,237.684
2015-06-01,2020-02-11,237.657
2015-07-01,2015-08-19,238.099
2015-07-01,2016-02-19,237.734
2015-07-01,2017-02-13,237.876
2015-07-01,2018-02-14,237.993
2015-07-01,2019-02-11,238.053
2015-07-01,2020-02-11,238.034
2015-08-01,2015-09-16,237.931
2015-08-01,2016-02-19,237.703
2015-08-01,2017-02-13,237.811
2015-08-01,2018-02-14,237.989
2015-08-01,2019-02-11,238.028
2015-08-01,2020-02-11,238.033
2015-09-01,2015-10-15,237.566
2015-09-01,2016-02-19,237.489
2015-09-01,2017-02-13,237.467
2015-09-01,2019-02-11,237.506
2015-09-01,2020-02-11,237.498
2015-10-01,2015-11-17,238.042
2015-10-01,2016-02-19,237.949
2015-10-01,2017-02-13,237.792
2015-10-01,2018-02-14,237.764
2015-10-01,2019-02-11,237.781
2015-10-01,2020-02-11,237.733
2015-11-01,2015-12-15,238.111
2015-11-01,2016-02-19,238.302
2015-11-01,2017-02-13,238.153
2015-11-01,2018-02-14,238.072
2015-11-01,2019-02-11,238.016
2015-11-01,2020-02-11,238.017
2015-12-01,2016-01-20,237.847
2015-12-01,2016-02-19,238.041
2015-12-01,2017-02-13,237.846
2015-12-01,2018-02-14,237.827
2015-12-01,2019-02-11,237.817
2015-12-01,2020-02-11,237.761
2016-01-01,2016-02-19,238.107
2016-01-01,2017-02-13,238.106
2016-01-01,2018-02-14,237.99
2016-01-01,2019-02-11,237.833
2016-01-01,2020-02-11,237.827
2016-01-01,2021-02-08,237.652
2016-02-01,2016-03-16,237.707
2016-02-01,2017-02-13,237.808
2016-02-01,2018-02-14,237.532
2016-02-01,2019-02-11,237.469
2016-02-01,2020-02-11,237.514
2016-02-01,2021-02-08,237.336
2016-03-01,2016-04-14,237.92
2016-03-01,2017-02-13,238.078
2016-03-01,2018-02-14,238.022
2016-03-01,2019-02-11,238.038
2016-03-01,2020-02-11,237.99
2016-03-01,2021-02-08,238.08
2016-04-01,2016-05-17,238.89
2016-04-01,2017-02-13,238.908
2016-04-01,2018-02-14,238.843
2016-04-01,2019-02-11,238.827
2016-04-01,2020-02-11,238.835
2016-04-01,2021-02-08,238.992
2016-05-01,2016-06-16,239.41
2016-05-01,2016-10-18,239.403
2016-05-01,2017-02-13,239.362
2016-05-01,2018-02-14,239.439
2016-05-01,2019-02-11,239.464
2016-05-01,2020-02-11,239.44
2016-05-01,2021-02-08,239.557
2016-06-01,2016-07-15,239.927
2016-06-01,2016-10-18,239.907
2016-06-01,2017-02-13,239.842
2016-06-01,2018-02-14,240.074
2016-06-01,2019-02-11,240.167
2016-06-01,2020-02-11,240.144
2016-06-01,2021-02-08,240.222
2016-07-01,2016-08-16,239.828
2016-07-01,2016-10-18,239.81
2016-07-01,2017-02-13,239.898
2016-07-01,2018-02-14,240.058
2016-07-01,2019-02-11,240.15
2016-07-01,2020-02-11,240.111
2016-07-01,2021-02-08,240.101
2016-08-01,2016-09-16,240.305
2016-08-01,2016-10-18,240.301
2016-08-01,2017-02-13,240.389
2016-08-01,2018-02-14,240.569
2016-08-01,2019-02-11,240.602
2016-08-01,2020-02-11,240.595
2016-08-01,2021-02-08,240.545
2016-09-01,2016-10-18,241.002
2016-09-01,2017-02-13,241.006
2016-09-01,2018-02-14,241.017
2016-09-01,2019-02-11,241.051
2016-09-01,2020-02-11,241.068
2016-09-01,2021-02-08,241.176
2016-10-01,2016-11-17,241.863
2016-10-01,2017-02-13,241.694
2016-10-01,2018-02-14,241.667
2016-10-01,2019-02-11,241.691
2016-10-01,2020-02-11,241.641
2016-10-01,2021-02-08,241.741
2016-11-01,2016-12-15,242.348
2016-11-01,2017-02-13,242.199
2016-11-01,2018-02-14,242.081
2016-11-01,2019-02-11,242.029
2016-11-01,2020-02-11,241.993
2016-11-01,2021-02-08,242.026
2016-12-01,2017-01-18,243.032
2016-12-01,2017-02-13,242.821
2016-12-01,2018-02-14,242.784
2016-12-01,2019-02-11,242.772
2016-12-01,2020-02-11,242.712
2016-12-01,2021-02-08,242.637
2017-01-01,2017-02-15,244.158
2017-01-01,2018-02-14,244.028
2017-01-01,2019-02-11,243.78
2017-01-01,2020-02-11,243.717
2017-01-01,2021-02-08,243.62
2017-01-01,2022-02-08,243.618
2017-02-01,2017-03-15,244.456
2017-02-01,2018-02-14,244.102
2017-02-01,2019-02-11,243.961
2017-02-01,2020-02-11,244.028
2017-02-01,2021-02-08,243.872
2017-02-01,2022-02-08,244.006
2017-03-01,2017-04-14,243.752
2017-03-01,2018-02-14,243.717
2017-03-01,2019-02-11,243.749
2017-03-01,2020-02-11,243.721
2017-03-01,2021-02-08,243.766
2017-03-01,2022-02-08,243.892
2017-04-01,2017-05-12,244.158
2017-04-01,2018-02-14,244.087
2017-04-01,2019-02-11,244.051
2017-04-01,2020-02-11,244.058
2017-04-01,2021-02-08,244.274
2017-04-01,2022-02-08,244.193
2017-05-01,2017-06-14,243.846
2017-05-01,2018-02-14,243.911
2017-05-01,2019-02-11,243.962
2017-05-01,2020-02-11,243.926
2017-05-01,2021-02-08,244.069
2017-05-01,2022-02-08,244.004
2017-06-01,2017-07-14,243.79
2017-06-01,2018-02-14,244.032
2017-06-01,2019-02-11,244.182
2017-06-01,2020-02-11,244.179
2017-06-01,2021-02-08,244.218
2017-06-01,2022-02-08,244.163
2017-07-01,2017-08-11,244.048
2017-07-01,2018-02-14,244.236
2017-07-01,2019-02-11,244.39
2017-07-01,2020-02-11,244.328
2017-07-01,2021-02-08,244.28
2017-07-01,2022-02-08,244.243
2017-08-01,2017-09-14,245.03
2017-08-01,2018-02-14,245.262
2017-08-01,2019-02-11,245.297
2017-08-01,2020-02-11,245.304
2017-08-01,2021-02-08,245.205
2017-08-01,2022-02-08,245.183
2017-09-01,2017-10-13,246.373
2017-09-01,2018-02-14,246.392
2017-09-01,2019-02-11,246.418
2017-09-01,2020-02-11,246.445
2017-09-01,2021-02-08,246.551
2017-09-01,2022-02-08,246.435
2017-10-01,2017-11-15,246.639
2017-10-01,2018-02-14,246.583
2017-10-01,2019-02-11,246.587
2017-10-01,2020-02-11,246.57
2017-10-01,2021-02-08,246.657
2017-10-01,2022-02-08,246.626
2017-11-01,2017-12-13,247.592
2017-11-01,2018-02-14,247.411
2017-11-01,2019-02-11,247.332
2017-11-01,2020-02-11,247.333
2017-11-01,2021-02-08,247.378
2017-11-01,2022-02-08,247.284
2017-12-01,2018-01-12,247.963
2017-12-01,2018-02-14,247.91
2017-12-01,2019-02-11,247.901
2017-12-01,2020-02-11,247.847
2017-12-01,2021-02-08,247.736
2017-12-01,2022-02-08,247.805
2018-01-01,2018-02-14,249.245
2018-01-01,2019-02-11,248.884
2018-01-01,2020-02-11,248.816
2018-01-01,2021-02-08,248.721
2018-01-01,2022-02-08,248.743
2018-01-01,2023-02-10,248.859
2018-02-01,2018-03-13,249.619
2018-02-01,2019-02-11,249.369
2018-02-01,2020-02-11,249.475
2018-02-01,2021-02-08,249.3
2018-02-01,2022-02-08,249.439
2018-02-01,2023-02-10,249.529
2018-03-01,2018-04-11,249.462
2018-03-01,2019-02-11,249.498
2018-03-01,2020-02-11,249.413
2018-03-01,2021-02-08,249.517
2018-03-01,2022-02-08,249.581
2018-03-01,2023-02-10,249.577
2018-04-01,2018-05-10,250.013
2018-04-01,2019-02-11,249.956
2018-04-01,2020-02-11,249.957
2018-04-01,2021-02-08,250.275
2018-04-01,2022-02-08,250.146
2018-04-01,2023-02-10,250.227
2018-05-01,2018-06-12,250.535
2018-05-01,2019-02-11,250.646
2018-05-01,2020-02-11,250.64
2018-05-01,2021-02-08,250.786
2018-05-01,2022-02-08,250.779
2018-05-01,2023-02-10,250.792
2018-06-01,2018-07-12,250.857
2018-06-01,2019-02-11,251.134
2018-06-01,2020-02-11,251.176
2018-06-01,2021-02-08,251.152
2018-06-01,2022-02-08,251.118
2018-06-01,2023-02-10,251.018
2018-07-01,2018-08-10,251.286
2018-07-01,2019-02-11,251.597
2018-07-01,2020-02-11,251.482
2018-07-01,2021-02-08,251.345
2018-07-01,2022-02-08,251.323
2018-07-01,2023-02-10,251.214
2018-08-01,2018-09-13,251.846
2018-08-01,2019-02-11,251.879
2018-08-01,2020-02-11,251.905
2018-08-01,2021-02-08,251.735
2018-08-01,2022-02-08,251.749
2018-08-01,2023-02-10,251.663
2018-09-01,2018-10-11,251.994
2018-09-01,2019-02-11,252.01
2018-09-01,2020-02-11,252.261
2018-09-01,2021-02-08,252.183
2018-09-01,2022-02-08,252.239
2018-09-01,2023-02-10,252.182
2018-10-01,2018-11-14,252.827
2018-10-01,2019-02-11,252.794
2018-10-01,2020-02-11,252.777
2018-10-01,2021-02-08,252.899
2018-10-01,2022-02-08,252.862
2018-10-01,2023-02-10,252.772
2018-11-01,2018-12-12,252.876
2018-11-01,2019-02-11,252.76
2018-11-01,2020-02-11,252.662
2018-11-01,2021-02-08,252.822
2018-11-01,2022-02-08,252.657
2018-11-01,2023-02-10,252.594
2018-12-01,2019-01-11,252.733
2018-12-01,2019-02-11,252.723
2018-12-01,2020-02-11,252.653
2018-12-01,2021-02-08,252.493
2018-12-01,2022-02-08,252.551
2018-12-01,2023-02-10,252.767
2019-01-01,2019-02-13,252.673
2019-01-01,2020-02-11,252.55
2019-01-01,2021-02-08,252.441
2019-01-01,2022-02-08,252.47
2019-01-01,2023-02-10,252.718
2019-01-01,2024-02-09,252.561
2019-02-01,2019-03-12,253.113
2019-02-01,2020-02-11,253.181
2019-02-01,2021-02-08,252.969
2019-02-01,2022-02-08,253.135
2019-02-01,2023-02-10,253.322
2019-02-01,2024-02-09,253.319
2019-03-01,2019-04-10,254.148
2019-03-01,2020-02-11,254.095
2019-03-01,2021-02-08,254.147
2019-03-01,2022-02-08,254.273
2019-03-01,2023-02-10,254.202
2019-03-01,2024-02-09,254.277
2019-04-01,2019-05-10,254.958
2019-04-01,2020-02-11,254.943
2019-04-01,2021-02-08,255.326
2019-04-01,2022-02-08,255.163
2019-04-01,2023-02-10,255.211
2019-04-01,2024-02-09,255.233
2019-05-01,2019-06-12,255.155
2019-05-01,2020-02-11,255.167
2019-05-01,2021-02-08,255.371
2019-05-01,2022-02-08,255.325
2019-05-01,2023-02-10,255.29
2019-05-01,2024-02-09,255.296
2019-06-01,2019-07-11,255.305
2019-06-01,2020-02-11,255.402
2019-06-01,2021-02-08,255.423
2019-06-01,2022-02-08,255.361
2019-06-01,2023-02-10,255.159
2019-06-01,2024-02-09,255.213
2019-07-01,2019-08-13,256.161
2019-07-01,2020-02-11,256.087
2019-07-01,2021-02-08,255.925
2019-07-01,2022-02-08,255.9
2019-07-01,2023-02-10,255.685
2019-07-01,2024-02-09,255.802
2019-08-01,2019-09-12,256.3
2019-08-01,2020-02-11,256.294
2019-08-01,2021-02-08,256.118
2019-08-01,2022-02-08,256.179
2019-08-01,2023-02-10,256.059
2019-08-01,2024-02-09,256.036
2019-09-01,2019-10-10,256.358
2019-09-01,2020-02-11,256.593
2019-09-01,2021-02-08,256.532
2019-09-01,2022-02-08,256.596
2019-09-01,2023-02-10,256.511
2019-09-01,2024-02-09,256.43
2019-10-01,2019-11-13,257.271
2019-10-01,2020-02-11,257.229
2019-10-01,2021-02-08,257.387
2019-10-01,2022-02-08,257.305
2019-10-01,2023-02-10,257.244
2019-10-01,2024-02-09,257.155
2019-11-01,2019-12-11,257.936
2019-11-01,2020-02-11,257.824
2019-11-01,2021-02-08,257.989
2019-11-01,2022-02-08,257.788
2019-11-01,2023-02-10,257.803
2019-11-01,2024-02-09,257.879
2019-12-01,2020-01-14,258.501
2019-12-01,2020-02-11,258.444
2019-12-01,2021-02-08,258.203
2019-12-01,2022-02-08,258.263
2019-12-01,2023-02-10,258.616
2019-12-01,2024-02-09,258.63
2020-01-01,2020-02-13,258.82
2020-01-01,2021-02-08,258.687
2020-01-01,2022-02-08,258.682
2020-01-01,2023-02-10,259.037
2020-01-01,2024-02-09,258.906
2020-01-01,2025-02-12,259.127
2020-02-01,2020-03-11,259.05
2020-02-01,2021-02-08,258.824
2020-02-01,2022-02-08,259.007
2020-02-01,2023-02-10,259.248
2020-02-01,2024-02-09,259.246
2020-02-01,2025-02-12,259.25
2020-03-01,2020-04-10,257.953
2020-03-01,2021-02-08,257.989
2020-03-01,2022-02-08,258.165
2020-03-01,2023-02-10,258.124
2020-03-01,2024-02-09,258.15
2020-03-01,2025-02-12,258.076
2020-04-01,2020-05-12,255.902
2020-04-01,2021-02-08,256.192
2020-04-01,2022-02-08,256.094
2020-04-01,2023-02-10,256.092
2020-04-01,2024-02-09,256.126
2020-04-01,2025-02-12,256.032
2020-05-01,2020-06-10,255.768
2020-05-01,2021-02-08,255.942
2020-05-01,2022-02-08,255.944
2020-05-01,2023-02-10,255.868
2020-05-01,2024-02-09,255.848
2020-05-01,2025-02-12,255.802
2020-06-01,2020-07-14,257.214
2020-06-01,2021-02-08,257.282
2020-06-01,2022-02-08,257.217
2020-06-01,2023-02-10,256.986
2020-06-01,2024-02-09,257.004
2020-06-01,2025-02-12,257.042
2020-07-01,2020-08-12,258.723
2020-07-01,2021-02-08,258.604
2020-07-01,2022-02-08,258.543
2020-07-01,2023-02-10,258.278
2020-07-01,2024-02-09,258.408
2020-07-01,2025-02-12,258.352
2020-08-01,2020-09-11,259.681
2020-08-01,2021-02-08,259.511
2020-08-01,2022-02-08,259.58
2020-08-01,2023-02-10,259.411
2020-08-01,2024-02-09,259.366
2020-08-01,2025-02-12,259.316
2020-09-01,2020-10-13,260.209
2020-09-01,2021-02-08,260.149
2020-09-01,2022-02-08,260.19
2020-09-01,2023-02-10,260.029
2020-09-01,2024-02-09,259.951
2020-09-01,2025-02-12,259.997
2020-10-01,2020-11-12,260.325
2020-10-01,2021-02-08,260.462
2020-10-01,2022-02-08,260.352
2020-10-01,2023-02-10,260.286
2020-10-01,2024-02-09,260.249
2020-10-01,2025-02-12,260.319
2020-11-01,2020-12-10,260.817
2020-11-01,2021-02-08,260.927
2020-11-01,2022-02-08,260.721
2020-11-01,2023-02-10,260.813
2020-11-01,2024-02-09,260.895
2020-11-01,2025-02-12,260.911
2020-12-01,2021-01-13,261.775
2020-12-01,2021-02-08,261.56
2020-12-01,2022-02-08,261.564
2020-12-01,2023-02-10,262.035
2020-12-01,2024-02-09,262.005
2020-12-01,2025-02-12,262.045
2021-01-01,2021-02-10,262.231
2021-01-01,2022-02-08,262.2
2021-01-01,2023-02-10,262.65
2021-01-01,2024-02-09,262.518
2021-01-01,2025-02-12,262.639
2021-01-01,2026-02-13,262.687
2021-02-01,2021-03-10,263.161
2021-02-01,2022-02-08,263.346
2021-02-01,2023-02-10,263.638
2021-02-01,2024-02-09,263.583
2021-02-01,2025-02-12,263.573
2021-02-01,2026-02-13,263.579
2021-03-01,2021-04-13,264.793
2021-03-01,2022-02-08,265.028
2021-03-01,2023-02-10,264.914
2021-03-01,2024-02-09,264.91
2021-03-01,2025-02-12,264.847
2021-03-01,2026-02-13,264.961
2021-04-01,2021-05-12,266.832
2021-04-01,2022-02-08,266.727
2021-04-01,2023-02-10,266.67
2021-04-01,2024-02-09,266.752
2021-04-01,2025-02-12,266.625
2021-04-01,2026-02-13,266.614
2021-05-01,2021-06-10,268.551
2021-05-01,2022-02-08,268.599
2021-05-01,2023-02-10,268.444
2021-05-01,2024-02-09,268.452
2021-05-01,2025-02-12,268.404
2021-05-01,2026-02-13,268.383
2021-06-01,2021-07-13,270.981
2021-06-01,2022-02-08,270.955
2021-06-01,2023-02-10,270.559
2021-06-01,2024-02-09,270.664
2021-06-01,2025-02-12,270.71
2021-06-01,2026-02-13,270.654
2021-07-01,2021-08-11,272.265
2021-07-01,2022-02-08,272.184
2021-07-01,2023-02-10,271.764
2021-07-01,2024-02-09,271.994
2021-07-01,2025-02-12,271.965
2021-07-01,2026-02-13,271.903
2021-08-01,2021-09-14,273.012
2021-08-01,2022-02-08,273.092
2021-08-01,2023-02-10,272.87
2021-08-01,2024-02-09,272.789
2021-08-01,2025-02-12,272.752
2021-08-01,2026-02-13,272.676
2021-09-01,2021-10-13,274.138
2021-09-01,2022-02-08,274.214
2021-09-01,2023-02-10,274.028
2021-09-01,2024-02-09,273.887
2021-09-01,2025-02-12,273.942
2021-09-01,2026-02-13,273.91
2021-10-01,2021-11-10,276.724
2021-10-01,2022-02-08,276.59
2021-10-01,2023-02-10,276.522
2021-10-01,2024-02-09,276.434
2021-10-01,2025-02-12,276.528
2021-10-01,2026-02-13,276.55
2021-11-01,2021-12-10,278.88
2021-11-01,2022-02-08,278.524
2021-11-01,2023-02-10,278.711
2021-11-01,2024-02-09,278.799
2021-11-01,2025-02-12,278.824
2021-11-01,2026-02-13,278.919
2021-12-01,2022-01-12,280.192
2021-12-01,2022-02-08,280.126
2021-12-01,2023-02-10,280.887
2021-12-01,2024-02-09,280.808
2021-12-01,2025-02-12,280.806
2021-12-01,2026-02-13,280.845
2022-01-01,2022-02-10,281.933
2022-01-01,2023-02-10,282.599
2022-01-01,2024-02-09,282.39
2022-01-01,2025-02-12,282.542
2022-01-01,2026-02-13,282.543
2022-02-01,2022-03-10,284.182
2022-02-01,2023-02-10,284.61
2022-02-01,2024-02-09,284.535
2022-02-01,2025-02-12,284.525
2022-02-01,2026-02-13,284.5
2022-03-01,2022-04-12,287.708
2022-03-01,2023-02-10,287.472
2022-03-01,2024-02-09,287.553
2022-03-01,2025-02-12,287.467
2022-03-01,2026-02-13,287.674
2022-04-01,2022-05-11,288.663
2022-04-01,2023-02-10,288.611
2022-04-01,2024-02-09,288.764
2022-04-01,2025-02-12,288.582
2022-04-01,2026-02-13,288.561
2022-05-01,2022-06-10,291.474
2022-05-01,2023-02-10,291.268
2022-05-01,2024-02-09,291.359
2022-05-01,2025-02-12,291.299
2022-05-01,2026-02-13,291.298
2022-06-01,2022-07-13,295.328
2022-06-01,2023-02-10,294.728
2022-06-01,2024-02-09,294.996
2022-06-01,2025-02-12,295.072
2022-06-01,2026-02-13,294.957
2022-07-01,2022-08-10,295.271
2022-07-01,2023-02-10,294.628
2022-07-01,2024-02-09,294.977
2022-07-01,2025-02-12,294.94
2022-07-01,2026-02-13,294.913
2022-08-01,2022-09-13,295.62
2022-08-01,2023-02-10,295.32
2022-08-01,2024-02-09,295.209
2022-08-01,2025-02-12,295.162
2022-08-01,2026-02-13,295.097
2022-09-01,2022-10-13,296.761
2022-09-01,2023-02-10,296.539
2022-09-01,2024-02-09,296.341
2022-09-01,2025-02-12,296.421
2022-09-01,2026-02-13,296.349
2022-10-01,2022-11-10,298.062
2022-10-01,2023-02-10,297.987
2022-10-01,2024-02-09,297.863
2022-10-01,2025-02-12,297.979
2022-10-01,2026-02-13,298.007
2022-11-01,2022-12-13,298.349
2022-11-01,2023-02-10,298.598
2022-11-01,2024-02-09,298.648
2022-11-01,2025-02-12,298.708
2022-11-01,2026-02-13,298.786
2022-12-01,2023-01-12,298.112
2022-12-01,2023-02-10,298.99
2022-12-01,2024-02-09,298.812
2022-12-01,2025-02-12,298.808
2022-12-01,2026-02-13,298.832
2023-01-01,2023-02-14,300.536
2023-01-01,2024-02-09,300.356
2023-01-01,2025-02-12,300.456
2023-01-01,2026-02-13,300.42
2023-02-01,2023-03-14,301.648
2023-02-01,2024-02-09,301.509
2023-02-01,2025-02-12,301.476
2023-02-01,2026-02-13,301.45
2023-03-01,2023-04-12,301.808
2023-03-01,2024-02-09,301.744
2023-03-01,2025-02-12,301.643
2023-03-01,2026-02-13,301.821
2023-04-01,2023-05-10,302.918
2023-04-01,2024-02-09,303.032
2023-04-01,2025-02-12,302.858
2023-04-01,2026-02-13,302.845
2023-05-01,2023-06-13,303.294
2023-05-01,2024-02-09,303.365
2023-05-01,2025-02-12,303.316
2023-05-01,2026-02-13,303.334
2023-06-01,2023-07-12,303.841
2023-06-01,2024-02-09,304.003
2023-06-01,2025-02-12,304.099
2023-06-01,2026-02-13,304.014
2023-07-01,2023-08-10,304.348
2023-07-01,2024-02-09,304.628
2023-07-01,2025-02-12,304.615
2023-07-01,2026-02-13,304.609
2023-08-01,2023-09-13,306.269
2023-08-01,2024-02-09,306.187
2023-08-01,2025-02-12,306.138
2023-08-01,2026-02-13,306.082
2023-09-01,2023-10-12,307.481
2023-09-01,2024-02-09,307.288
2023-09-01,2025-02-12,307.374
2023-09-01,2026-02-13,307.276
2023-10-01,2023-11-14,307.619
2023-10-01,2024-02-09,307.531
2023-10-01,2025-02-12,307.653
2023-10-01,2026-02-13,307.696
2023-11-01,2023-12-12,307.917
2023-11-01,2024-02-09,308.024
2023-11-01,2025-02-12,308.087
2023-11-01,2026-02-13,308.148
2023-12-01,2024-01-11,308.85
2023-12-01,2024-02-09,308.742
2023-12-01,2025-02-12,308.735
2023-12-01,2026-02-13,308.741
2024-01-01,2024-02-13,309.685
2024-01-01,2025-02-12,309.794
2024-01-01,2026-02-13,309.698
2024-02-01,2024-03-12,311.054
2024-02-01,2025-02-12,311.022
2024-02-01,2026-02-13,310.967
2024-03-01,2024-04-10,312.23
2024-03-01,2025-02-12,312.107
2024-03-01,2026-02-13,312.345
2024-04-01,2024-05-15,313.207
2024-04-01,2025-02-12,313.016
2024-04-01,2026-02-13,313.023
2024-05-01,2024-06-12,313.225
2024-05-01,2025-02-12,313.14
2024-05-01,2026-02-13,313.175
2024-06-01,2024-07-11,313.049
2024-06-01,2025-02-12,313.131
2024-06-01,2026-02-13,313.044
2024-07-01,2024-08-14,313.534
2024-07-01,2025-02-12,313.566
2024-07-01,2026-02-13,313.569
2024-08-01,2024-09-11,314.121
2024-08-01,2025-02-12,314.131
2024-08-01,2026-02-13,314.062
2024-09-01,2024-10-10,314.686
2024-09-01,2025-02-12,314.851
2024-09-01,2026-02-13,314.732
2024-10-01,2024-11-13,315.454
2024-10-01,2025-02-12,315.564
2024-10-01,2026-02-13,315.631
2024-11-01,2024-12-11,316.441
2024-11-01,2025-02-12,316.449
2024-11-01,2026-02-13,316.528
2024-12-01,2025-01-15,317.685
2024-12-01,2025-02-12,317.603
2024-12-01,2026-02-13,317.604
2025-01-01,2025-02-12,319.086
2025-01-01,2026-02-13,318.961
2025-02-01,2025-03-12,319.775
2025-02-01,2026-02-13,319.679
2025-03-01,2025-04-10,319.615
2025-03-01,2026-02-13,319.785
2025-04-01,2025-05-13,320.321
2025-04-01,2026-02-13,320.302
2025-05-01,2025-06-11,320.58
2025-05-01,2026-02-13,320.62
2025-06-01,2025-07-15,321.5
2025-06-01,2026-02-13,321.435
2025-07-01,2025-08-12,322.132
2025-07-01,2026-02-13,322.169
2025-08-01,2025-09-11,323.364
2025-08-01,2026-02-13,323.291
2025-09-01,2025-10-24,324.368
2025-09-01,2026-02-13,324.245
2025-11-01,2025-12-18,325.031
2025-11-01,2026-02-13,325.063
2025-12-01,2026-01-13,326.03
2025-12-01,2026-02-13,326.031
2026-01-01,2026-02-13,326.588
2026-02-01,2026-03-11,327.46
2026-03-01,2026-04-10,330.293
2026-04-01,2026-05-12,332.407
2026-05-01,2026-06-10,333.979
2026-06-01,2026-07-14,332.568
2026-07-01,2026-08-12,332.813
2026-08-01,2026-09-11,334.131
