country,year,value
BRA,2005,92.9
BRA,2006,97.8
BRA,2007,101.4
BRA,2008,104.9
BRA,2009,101.7
BRA,2010,118.5
BRA,2011,127.3
BRA,2012,120.4
BRA,2013,117.1
BRA,2014,113.2
BRA,2015,100.0
BRA,2016,102.4
BRA,2017,108.2
BRA,2018,106.9
BRA,2019,107.0
BRA,2020,107.7
BRA,2021,123.2
BRA,2022,114.5
BRA,2023,117.2
BRA,2024,120.8
CHL,2005,79.5
CHL,2006,103.3
CHL,2007,106.9
CHL,2008,91.3
CHL,2009,94.8
CHL,2010,115.4
CHL,2011,117.2
CHL,2012,109.1
CHL,2013,105.7
CHL,2014,102.7
CHL,2015,100.0
CHL,2016,103.8
CHL,2017,114.3
CHL,2018,111.3
CHL,2019,109.4
CHL,2020,121.8
CHL,2021,136.7
CHL,2022,124.4
CHL,2023,127.9
CHL,2024,134.9
CHN,2005,93.8
CHN,2006,94.9
CHN,2007,93.9
CHN,2008,88.9
CHN,2009,96.6
CHN,2010,87.0
CHN,2011,83.8
CHN,2012,86.1
CHN,2013,87.2
CHN,2014,89.6
CHN,2015,100.0
CHN,2016,99.8
CHN,2017,94.3
CHN,2018,91.5
CHN,2019,92.7
CHN,2020,98.5
CHN,2021,89.2
CHN,2022,89.5
CHN,2023,90.2
CHN,2024,84.7
COL,2005,114.0
COL,2006,119.0
COL,2007,125.0
COL,2008,132.4
COL,2009,125.0
COL,2010,145.0
COL,2011,166.4
COL,2012,157.2
COL,2013,145.9
COL,2014,132.8
COL,2015,100.0
COL,2016,98.9
COL,2017,115.6
COL,2018,126.5
COL,2019,124.8
COL,2020,105.3
COL,2021,126.4
COL,2022,154.1
COL,2023,139.2
COL,2024,140.1
CZE,2005,114.1
CZE,2006,109.9
CZE,2007,106.8
CZE,2008,103.4
CZE,2009,106.3
CZE,2010,103.3
CZE,2011,102.4
CZE,2012,99.9
CZE,2013,99.4
CZE,2014,99.7
CZE,2015,100.0
CZE,2016,98.5
CZE,2017,97.9
CZE,2018,98.8
CZE,2019,99.0
CZE,2020,99.6
CZE,2021,96.9
CZE,2022,93.8
CZE,2023,98.4
CZE,2024,100.6
HUN,2005,98.1
HUN,2006,92.8
HUN,2007,93.2
HUN,2008,94.5
HUN,2009,99.0
HUN,2010,98.7
HUN,2011,98.9
HUN,2012,98.4
HUN,2013,99.9
HUN,2014,99.9
HUN,2015,100.0
HUN,2016,100.8
HUN,2017,101.7
HUN,2018,100.7
HUN,2019,101.5
HUN,2020,103.8
HUN,2021,99.6
HUN,2022,93.4
HUN,2023,101.5
HUN,2024,99.3
IDN,2005,101.4
IDN,2006,102.1
IDN,2007,104.5
IDN,2008,106.8
IDN,2009,97.9
IDN,2010,108.3
IDN,2011,111.7
IDN,2012,102.8
IDN,2013,100.0
IDN,2014,100.8
IDN,2015,100.0
IDN,2016,105.1
IDN,2017,108.1
IDN,2018,103.7
IDN,2019,98.5
IDN,2020,102.2
IDN,2021,115.0
IDN,2022,125.1
IDN,2023,108.4
IDN,2024,110.2
IND,2005,85.9
IND,2006,83.8
IND,2007,79.8
IND,2008,79.8
IND,2009,92.9
IND,2010,91.4
IND,2011,88.0
IND,2012,88.1
IND,2013,90.4
IND,2014,91.7
IND,2015,100.0
IND,2016,105.0
IND,2017,100.4
IND,2018,95.6
IND,2019,97.9
IND,2020,103.1
IND,2021,91.0
IND,2022,81.4
IND,2023,87.5
IND,2024,91.3
ISR,2005,85.0
ISR,2006,83.6
ISR,2007,81.9
ISR,2008,83.1
ISR,2009,90.9
ISR,2010,87.8
ISR,2011,81.7
ISR,2012,87.3
ISR,2013,89.9
ISR,2014,90.6
ISR,2015,100.0
ISR,2016,101.7
ISR,2017,93.6
ISR,2018,90.5
ISR,2019,92.6
ISR,2020,90.5
ISR,2021,94.9
ISR,2022,91.3
ISR,2023,92.1
ISR,2024,93.3
KOR,2005,131.2
KOR,2006,119.3
KOR,2007,111.7
KOR,2008,99.6
KOR,2009,103.9
KOR,2010,96.3
KOR,2011,86.5
KOR,2012,85.0
KOR,2013,87.8
KOR,2014,89.3
KOR,2015,100.0
KOR,2016,101.0
KOR,2017,100.6
KOR,2018,95.4
KOR,2019,91.5
KOR,2020,94.9
KOR,2021,92.3
KOR,2022,85.5
KOR,2023,85.4
KOR,2024,88.3
MEX,2005,92.4
MEX,2006,99.9
MEX,2007,102.2
MEX,2008,100.4
MEX,2009,106.0
MEX,2010,105.1
MEX,2011,100.9
MEX,2012,100.2
MEX,2013,97.7
MEX,2014,97.7
MEX,2015,100.0
MEX,2016,103.2
MEX,2017,102.7
MEX,2018,102.0
MEX,2019,105.2
MEX,2020,107.9
MEX,2021,103.5
MEX,2022,98.9
MEX,2023,101.4
MEX,2024,104.4
MYS,2005,94.2
MYS,2006,100.9
MYS,2007,104.7
MYS,2008,112.2
MYS,2009,98.4
MYS,2010,100.3
MYS,2011,105.8
MYS,2012,105.5
MYS,2013,103.3
MYS,2014,103.5
MYS,2015,100.0
MYS,2016,96.7
MYS,2017,97.7
MYS,2018,97.4
MYS,2019,98.5
MYS,2020,99.0
MYS,2021,104.9
MYS,2022,111.9
MYS,2023,111.7
MYS,2024,116.1
PER,2005,78.5
PER,2006,100.9
PER,2007,107.2
PER,2008,93.2
PER,2009,93.3
PER,2010,111.4
PER,2011,117.9
PER,2012,114.6
PER,2013,108.4
PER,2014,103.6
PER,2015,100.0
PER,2016,103.3
PER,2017,111.0
PER,2018,108.2
PER,2019,109.5
PER,2020,121.8
PER,2021,132.9
PER,2022,119.6
PER,2023,128.8
PER,2024,145.0
PHL,2005,113.9
PHL,2006,111.8
PHL,2007,109.2
PHL,2008,96.0
PHL,2009,102.7
PHL,2010,100.1
PHL,2011,92.7
PHL,2012,92.5
PHL,2013,90.7
PHL,2014,94.7
PHL,2015,100.0
PHL,2016,103.9
PHL,2017,101.1
PHL,2018,98.0
PHL,2019,99.3
PHL,2020,101.6
PHL,2021,95.4
PHL,2022,88.1
PHL,2023,93.9
PHL,2024,98.2
POL,2005,111.5
POL,2006,108.5
POL,2007,108.6
POL,2008,106.4
POL,2009,108.4
POL,2010,105.3
POL,2011,102.2
POL,2012,99.4
POL,2013,99.6
POL,2014,99.2
POL,2015,100.0
POL,2016,99.2
POL,2017,97.6
POL,2018,96.0
POL,2019,96.8
POL,2020,99.1
POL,2021,97.0
POL,2022,95.1
POL,2023,99.5
POL,2024,99.8
ROU,2005,110.0
ROU,2006,110.6
ROU,2007,103.7
ROU,2008,101.8
ROU,2009,102.5
ROU,2010,102.7
ROU,2011,103.0
ROU,2012,102.6
ROU,2013,101.2
ROU,2014,99.3
ROU,2015,100.0
ROU,2016,98.9
ROU,2017,95.8
ROU,2018,94.5
ROU,2019,94.0
ROU,2020,94.7
ROU,2021,93.3
ROU,2022,92.7
ROU,2023,93.0
ROU,2024,93.1
THA,2005,96.2
THA,2006,95.1
THA,2007,95.4
THA,2008,93.6
THA,2009,98.2
THA,2010,98.5
THA,2011,93.7
THA,2012,92.4
THA,2013,93.9
THA,2014,93.8
THA,2015,100.0
THA,2016,102.5
THA,2017,100.7
THA,2018,98.5
THA,2019,98.6
THA,2020,101.5
THA,2021,96.8
THA,2022,89.5
THA,2023,90.2
THA,2024,90.7
TUR,2005,100.2
TUR,2006,95.5
TUR,2007,98.1
TUR,2008,94.4
TUR,2009,98.4
TUR,2010,93.9
TUR,2011,91.1
TUR,2012,91.0
TUR,2013,92.6
TUR,2014,93.9
TUR,2015,100.0
TUR,2016,104.0
TUR,2017,98.6
TUR,2018,95.0
TUR,2019,94.7
TUR,2020,99.6
TUR,2021,88.6
TUR,2022,76.0
TUR,2023,86.7
TUR,2024,86.8
WLD,2005,100.2
WLD,2006,100.2
WLD,2007,100.7
WLD,2008,100.0
WLD,2009,100.0
WLD,2010,100.1
WLD,2011,100.2
WLD,2012,99.6
WLD,2013,100.5
WLD,2014,100.4
WLD,2015,100.0
WLD,2016,99.4
WLD,2017,99.5
WLD,2018,99.7
WLD,2019,99.6
WLD,2020,99.7
WLD,2021,101.3
WLD,2022,101.0
WLD,2023,100.4
WLD,2024,100.2
ZAF,2005,79.7
ZAF,2006,84.6
ZAF,2007,87.3
ZAF,2008,89.4
ZAF,2009,95.1
ZAF,2010,101.4
ZAF,2011,105.0
ZAF,2012,104.3
ZAF,2013,98.7
ZAF,2014,97.5
ZAF,2015,100.0
ZAF,2016,103.8
ZAF,2017,108.5
ZAF,2018,106.3
ZAF,2019,112.0
ZAF,2020,123.6
ZAF,2021,128.7
ZAF,2022,117.8
ZAF,2023,113.2
ZAF,2024,117.1
