date,inr_usd,log_inr,gap_reer,gap_feer,ect,fair_inr,misalignment_pct,ect_lo,ect_hi,fair_inr_strong,fair_inr_weak
2000-01-01,43.55027,3.773915903049672,,,,,,,,,
2000-02-01,43.61245,3.7753426600519315,,,,,,,,,
2000-03-01,43.58847,3.7747926658407587,,,,,,,,,
2000-04-01,43.64028,3.7759805770762758,,,,,,,,,
2000-05-01,43.98503,3.7838493487551044,,,,,,,,,
2000-06-01,44.69095,3.7997710202714465,,,,,,,,,
2000-07-01,44.7825,3.80181743810712,,,,,,,,,
2000-08-01,45.6881,3.821837870118703,,,,,,,,,
2000-09-01,45.889,3.826225436929388,,,,,,,,,
2000-10-01,46.3475,3.83616735312461,,,,,,,,,
2000-11-01,46.78227,3.845504284989421,,,,,,,,,
2000-12-01,46.75053,3.8448255925688297,,,,,,,,,
2001-01-01,46.54545,3.8404292545848824,,,,,,,,,
2001-02-01,46.51889,3.8398584666607194,,,,,,,,,
2001-03-01,46.6205,3.8420403585608236,,,,,,,,,
2001-04-01,46.78647,3.845594058561296,,0.23461499790820842,,,,,,,
2001-05-01,46.92,3.848444023785275,,0.23461499790820842,,,,,,,
2001-06-01,47.0045,3.8502433418076802,,0.23461499790820842,,,,,,,
2001-07-01,47.14182,3.853160505163209,,0.263599648863931,,,,,,,
2001-08-01,47.127,3.8528460851859125,,0.263599648863931,,,,,,,
2001-09-01,47.646,3.863798681141129,,0.263599648863931,,,,,,,
2001-10-01,48.02048,3.8716275865782177,,0.3179530900326316,,,,,,,
2001-11-01,47.99737,3.871146217740106,,0.3179530900326316,,,,,,,
2001-12-01,47.92263,3.869587835439734,,0.3179530900326316,,,,,,,
2002-01-01,48.31522,3.877746624892214,,0.3299777540116063,,,,,,,
2002-02-01,48.6915,3.8855044768673372,,0.3299777540116063,,,,,,,
2002-03-01,48.73944,3.8864885585947397,,0.3299777540116063,,,,,,,
2002-04-01,48.9195,3.8901760899981372,,0.33209003193236813,,,,,,,
2002-05-01,49.0,3.8918202981106265,,0.33209003193236813,,,,,,,
2002-06-01,48.9665,3.8911363908299594,,0.33209003193236813,,,,,,,
2002-07-01,48.76391,3.886990490077376,,0.3672291318417603,,,,,,,
2002-08-01,48.58667,3.883349213449464,,0.3672291318417603,,,,,,,
2002-09-01,48.44158,3.8803585358242927,,0.3672291318417603,,,,,,,
2002-10-01,48.37286,3.8789389126453306,,0.3629223891982813,,,,,,,
2002-11-01,48.25526,3.876504837387274,,0.3629223891982813,,,,,,,
2002-12-01,48.14,3.874113432354926,,0.3629223891982813,,,,,,,
2003-01-01,47.93261,3.8697960661016375,,0.3919242239378057,,,,,,,
2003-02-01,47.73579,3.8656814310145284,,0.3919242239378057,,,,,,,
2003-03-01,47.64105,3.8636947845464826,,0.3919242239378057,,,,,,,
2003-04-01,47.3775,3.858147432458828,,0.39052285423578587,,,,,,,
2003-05-01,47.08316,3.851915399935735,,0.39052285423578587,,,,,,,
2003-06-01,46.70905,3.843937936049859,,0.39052285423578587,,,,,,,
2003-07-01,46.22957,3.833619636637387,,0.36754842049317504,,,,,,,
2003-08-01,45.9355,3.8272382386103088,,0.36754842049317504,,,,,,,
2003-09-01,45.85048,3.8253856675680677,,0.36754842049317504,,,,,,,
2003-10-01,45.39045,3.8153017304972208,,0.3452140027132797,,,,,,,
2003-11-01,45.52,3.8181517898180757,,0.3452140027132797,,,,,,,
2003-12-01,45.59091,3.819708354543799,,0.3452140027132797,,,,,,,
2004-01-01,45.45667,3.8167595645315413,,0.35819276913868864,,,,,,,
2004-02-01,45.27167,3.8126814505399325,,0.35819276913868864,,,,,,,
2004-03-01,45.01476,3.8069904359900795,,0.35819276913868864,,,,,,,
2004-04-01,43.93333,3.78267325752776,,0.3768771349105499,,,,,,,
2004-05-01,45.258,3.8123794500995487,,0.3768771349105499,,,,,,,
2004-06-01,45.51591,3.8180619351661527,,0.3768771349105499,,,,,,,
2004-07-01,46.04364,3.8295896424139624,0.04944505332982008,0.4178877344909503,0.23366639391038518,36.44933625332619,26.322300301965807,-0.17609959134439784,0.6431594118820856,24.201877929195756,54.90965694906638
2004-08-01,46.34238,3.8360568772019916,0.056773533830173584,0.4178877344909503,0.23733063416056194,36.55164686480921,26.786024639062166,-0.14078302591021358,0.6565726773536578,24.034353431202295,53.3481821491645
2004-09-01,46.0981,3.8307717344027092,0.045690631958602346,0.4178877344909503,0.23178918322477632,36.561016550015246,26.085389165637917,-0.1513083904745311,0.6560780532618553,23.919491754637082,53.62847220401559
2004-10-01,45.78368,3.823927695741121,0.04536003522849885,0.43811169939132055,0.2417358673099097,35.95225572706262,27.345778655932552,-0.14888506863828233,0.6620042082856388,23.61597730591862,53.133773634693945
2004-11-01,45.12684,3.8094771914450107,0.0509950979271494,0.43811169939132055,0.24455339865923498,35.336760385598566,27.705085320700086,-0.12759251215417655,0.6634159203472636,23.24433092450799,51.26815009916388
2004-12-01,43.98043,3.7837447622502602,0.0524365795760966,0.43811169939132055,0.24527413948370858,34.41424655776948,27.797160766464103,-0.12209015900040043,0.6734733261314265,22.42713110805742,49.6915511291839
2005-01-01,43.75684,3.7786479434404954,0.053657919871145765,0.35142255843067677,0.20254023915091127,35.7341818071433,22.450935734739442,-0.15803156986331074,0.6155122897186358,23.64462115400227,51.24814966677412
2005-02-01,43.677,3.7768216477592986,0.03734901844869576,0.35142255843067677,0.19438578843968626,35.961030258552526,21.456475762710948,-0.18631623441051998,0.593810318538498,24.11927538245176,52.62218938261071
2005-03-01,43.69,3.7771192429633444,0.039537442563150726,0.35142255843067677,0.19548000049691375,35.932394503167814,21.589447639366945,-0.16042245343700973,0.6019736754218277,23.930303090235558,51.29235400852599
2005-04-01,43.74118,3.778289992479612,0.044589067626017886,0.2924480090155945,0.16851853832080618,36.95760534254041,18.355016767418352,-0.22196860854712328,0.5588431420087663,25.014279716720026,54.61227099656978
2005-05-01,43.49143,3.772563907191072,0.02680257658006102,0.2924480090155945,0.15962529279782775,37.07484155547844,17.307123039001617,-0.22283799766119514,0.5462490268248661,25.18666985028689,54.347678830909814
2005-06-01,43.58591,3.7747339329882683,0.019582328606573718,0.2924480090155945,0.1560151688110841,37.28976022556577,16.884393292820388,-0.21801384696937617,0.5576431651525928,24.955413380855234,54.203624557141225
2005-07-01,43.53737,3.7736196497559935,-4.3795746709207606e-05,0.2607683241514925,0.13036226420239164,38.21611883153516,13.924101481686435,-0.23299477106372823,0.526578188956073,25.714150945168058,54.96048216100829
2005-08-01,43.62591,3.775651239903887,-0.0176787286799005,0.2607683241514925,0.12154479773579599,38.63298488118753,12.923995218510242,-0.2516584037587358,0.5023236359917151,26.399038892756646,56.109752774259164
2005-09-01,43.9165,3.782290103679747,-0.00046480406784166206,0.2607683241514925,0.1301517600418254,38.55702613209633,13.900122508261159,-0.2555399584545711,0.5174791200078681,26.175162990014872,56.70316686285073
2005-10-01,44.8225,3.8027102454874453,0.00375327663524061,0.1958570767612126,0.09980517669822661,40.564977402956245,10.495562600100161,-0.28757257145060533,0.4814312184045183,27.695751530579294,59.75678954678186
2005-11-01,45.7285,3.822721735907413,0.012989501326678976,0.1958570767612126,0.1044232890439458,41.19424025157217,11.007023605089493,-0.2594121420742622,0.48276183950323504,28.217995039648844,59.27181381907615
2005-12-01,45.64545,3.8209039306605277,0.019194720766731344,0.1958570767612126,0.10752589876397198,40.99204534464713,11.35196991569616,-0.2932752270154907,0.4990455922702336,27.711800640873683,61.201956482525965
2006-01-01,44.3985,3.7932056850837106,0.030961467422105926,0.2059304819801853,0.11844597470114561,39.43917889330974,12.57460536920949,-0.2539603450306062,0.4948742605442418,27.06743715844758,57.23502465363111
2006-02-01,44.33105,3.7916853344678816,0.014163398265284677,0.2059304819801853,0.11004694012273498,39.711403741621304,11.633046991831385,-0.2441578847323182,0.5022086666210204,26.82881959743931,56.59061842148902
2006-03-01,44.4819,3.7950823648573704,0.01032666756492251,0.2059304819801853,0.1081285747725539,39.92304755489242,11.419099303076408,-0.26915776226277627,0.5113557320231223,26.6749956158689,58.22065141573568
2006-04-01,44.94941,3.8055376351362695,0.01662237208141981,0.21787630470464486,0.11724933839303234,39.97636069313572,12.43997507686636,-0.24716823624239664,0.5001684191287366,27.258604044033074,57.5529774959516
2006-05-01,45.40909,3.8157123052702175,0.02414362812388582,0.21787630470464486,0.12100996641426534,40.233594827537615,12.863616076682383,-0.24172366137554385,0.5394672087307892,26.47617035461819,57.82585341819412
2006-06-01,46.05545,3.82984610531853,0.04837797644950115,0.21787630470464486,0.133127140577073,40.31481280194391,14.239523388731424,-0.25762537421821025,0.5263845684897013,27.20665294143132,59.58902897562382
2006-07-01,46.45619,3.8385097179528955,0.046239542462247485,0.22332430152788293,0.13478192199506522,40.59836504453639,14.428721326677984,-0.2247867976204598,0.5022884733571845,28.112694744684685,58.16573964856133
2006-08-01,46.53909,3.8402926046103563,0.05085645733590205,0.22332430152788293,0.1370903794318925,40.57703333633122,14.693180288098029,-0.22978785927025422,0.5140932831146173,27.832358579948103,58.56167450190601
2006-09-01,46.12095,3.8312672936275685,0.054609635381083876,0.22332430152788293,0.13896696845448342,40.13706915665215,14.908614328547953,-0.20154353829071134,0.5302929782895703,27.13906805367598,56.41927367302797
2006-10-01,45.46842,3.81701801904757,0.036634578858447675,0.22528346476548475,0.13095902181196623,39.887340674934364,13.992106845500585,-0.23601154711519756,0.49978514514708694,27.583916680425066,57.571610110053854
2006-11-01,44.85045,3.8033336218992866,0.014185862144382,0.22528346476548475,0.11973466345493337,39.78933686560539,12.719772514654615,-0.25750051973364774,0.4939344585976535,27.368676425620492,58.022690040118626
2006-12-01,44.6345,3.798507102597036,0.014504553388381858,0.22528346476548475,0.1198940090769333,39.59144634421674,12.737735348029066,-0.24595853281228286,0.4976403582162292,27.136148835162544,57.080675991065796
2007-01-01,44.333,3.7917293207283853,0.029059604860211863,0.2097871517664474,0.11942337831332964,39.342522933622284,12.684689984924248,-0.23237097690098105,0.4952102536969559,27.01842571203694,55.929965815363445
2007-02-01,44.16056,3.7878320830478547,0.012699977769957016,0.2097871517664474,0.11124356476820221,39.5113715682706,11.76670980326815,-0.2507743310279885,0.4905204964361939,27.03984683064753,56.74720556909095
2007-03-01,44.0255,3.7847690115011963,0.015567591651558743,0.2097871517664474,0.11267737170900308,39.334092631117805,11.927076627593912,-0.25462890993131915,0.49030423773918386,26.962978913438388,56.79213918006543
2007-04-01,42.15105,3.7412595951696184,0.016844731033326177,0.21441496667874577,0.11562984885603597,37.54836165802636,12.258027084890832,-0.2260544680701848,0.5133732330784805,25.226281357896763,52.84240869156524
2007-05-01,40.77952,3.708179994601313,-0.02711610214274529,0.21441496667874577,0.09364943226800024,37.13390977741347,9.817469381594579,-0.2656414203954638,0.47897897481951934,25.25946709185111,53.18739408587855
2007-06-01,40.7719,3.707993118639566,-0.05416243981830693,0.21441496667874577,0.08012626343021942,37.63245546033781,8.34238558515259,-0.28987531332910366,0.4574032308849286,25.80555781088144,54.481894309473944
2007-07-01,40.41636,3.6992346534918306,-0.047739798434943026,0.20393987317767126,0.07810003737136412,37.379955670824486,8.123081674881337,-0.2737269776923285,0.4590487291497605,25.538469529118426,53.141684078586216
2007-08-01,40.81762,3.7091138509293384,-0.04803675463608581,0.20393987317767126,0.07795155927079273,37.75667539276318,8.107028956854357,-0.27676607818947246,0.470256000315809,25.504575070821332,53.832637548683074
2007-09-01,40.34,3.697343532526066,-0.04247897931373856,0.20393987317767126,0.08073044693196635,37.21132258729987,8.407864045573966,-0.2858917681277539,0.45486190087352957,25.597165729183587,53.69045831157258
2007-10-01,39.51318,3.6766342871374023,-0.04178208048519494,0.20144835985555026,0.07983313968517766,36.48134913728441,8.310632513360128,-0.2688395354213028,0.4542056907497317,25.08897725232011,51.70082932864305
2007-11-01,39.44,3.6747805297344347,-0.04546019984630245,0.20144835985555026,0.0779940800046239,36.480812948481905,8.111625844788751,-0.282646763652329,0.4311654368482928,25.626195573221242,52.322542093717644
2007-12-01,39.44,3.6747805297344347,-0.028750621012467725,0.20144835985555026,0.08634886942154127,36.17729312617397,9.018659473628453,-0.2704509504908835,0.4524128752178972,25.087448329689714,51.68830154709273
2008-01-01,39.37478,3.673125509828601,-0.028851513914736948,0.21057878118098172,0.09086363363312239,35.954774190402,9.511965758669572,-0.2708287919502815,0.448602527930305,25.141578306969468,51.622328501067976
2008-02-01,39.72952,3.6820944882030595,-0.02551666165023292,0.21057878118098172,0.0925310597653744,36.21826061184971,9.69472119542234,-0.2652172640341027,0.4588520657943098,25.109403625479917,51.79593919311502
2008-03-01,40.35667,3.6977566846483807,-0.01554709789625175,0.21057878118098172,0.09751584164236499,36.60704993400825,10.242890570945251,-0.2635066365456425,0.4602337737353879,25.470550716297595,52.52363827881867
2008-04-01,40.02778,3.6895737130604127,0.001258287556632709,0.21990829763493763,0.11058329259578517,35.837341930279656,11.692937712491913,-0.24130618098538884,0.4632983135709254,25.18567547810905,50.95179012795893
2008-05-01,42.1255,3.7406532580382863,-0.010216485581186596,0.21990829763493763,0.10484590602687552,37.93246539018095,11.053946973097206,-0.239334971420233,0.46846245181162977,26.369045577839085,53.516404306727125
2008-06-01,42.82,3.757005283161537,0.037679844442834565,0.21990829763493763,0.1287940710388861,37.64541668805629,13.745586494159978,-0.2304576835943896,0.49496975003180016,26.102615841784495,53.91792412814972
2008-07-01,42.83652,3.757391009787013,0.0372458810145897,0.20567278114992366,0.12145933108225668,37.93718170134897,12.914344394952316,-0.23129547981694928,0.47677090464364125,26.592257583866665,53.983934314489964
2008-08-01,42.93895,3.75977933942693,0.038963541125572654,0.20567278114992366,0.12231816113774815,37.99525100216072,13.011360281731355,-0.22962523286828881,0.48215760481477843,26.512643558188476,54.022713164871405
2008-09-01,45.564,3.8191179310376655,0.014970882817705089,0.20567278114992366,0.11032183198381437,40.80465218507494,11.66373822606892,-0.23588249702362415,0.4640695511950035,28.646990094054942,57.68518768895363
2008-10-01,48.64222,3.884491878063741,0.05510253209424221,0.22271050630186998,0.13890651919805608,42.33378042121113,14.901668398194978,-0.2051008977778061,0.504047029523679,29.38383956446488,59.71556912972598
2008-11-01,49.00333,3.8918882549851794,0.07484182879047463,0.22271050630186998,0.1487761675461723,42.229206864414095,16.041322199906993,-0.19813813770742578,0.5162688571624754,29.242390846138502,59.74146842155003
2008-12-01,48.6419,3.884485299394992,0.06453759934374936,0.22271050630186998,0.14362405282280966,42.13426253220616,15.44500147076171,-0.19609748966270807,0.4958526460275281,29.62541635007366,59.17994922864975
2009-01-01,48.8345,3.888437030288615,0.08795787355184803,0.20346128083403256,0.1457095771929403,42.21296718453186,15.686016068291142,-0.21131581437678623,0.487427069542515,29.994377899384414,60.325376016205375
2009-02-01,49.22222,3.8963451475621884,0.08739382593127587,0.20346128083403256,0.14542755338265423,42.56011700382077,15.653394457494452,-0.1907045191253148,0.51852580207834,29.30679339062584,59.56389885800418
2009-03-01,51.23158,3.936356138779451,0.08886101201919683,0.20346128083403256,0.1461611464266147,44.265030777014765,15.7382681107334,-0.20764782919561617,0.5021816466356225,31.005806461141443,63.05478602745971
2009-04-01,50.06188,3.9132598402325383,0.1287234489911553,0.15334724375512607,0.1410353463731407,43.47667093369805,15.146534738927908,-0.21506200164157174,0.4760038765974176,31.101497328436633,62.07366605237154
2009-05-01,48.534,3.8822645832638707,0.11217102538535784,0.15334724375512607,0.13275913457024197,42.50005834247849,14.197490292597159,-0.23424945490469906,0.4835889317808947,29.92444340134162,61.345022693079294
2009-06-01,47.77364,3.8664740229498267,0.09748175506310375,0.15334724375512607,0.12541449940911492,42.142617614335066,13.361823978749499,-0.22000327431882638,0.4887621095911222,29.303645068649217,59.52981605873686
2009-07-01,48.47652,3.881079557006377,0.09008591836336688,0.12240985093727297,0.10624788465031992,43.590170267482456,11.20975142453775,-0.2624881200278752,0.47010945739487536,30.294618806913018,63.027281795900734
2009-08-01,48.337,3.878197312944049,0.09619868360520911,0.12240985093727297,0.10930426727124104,43.33207165339889,11.550170937208204,-0.2292475357159411,0.47024406534740687,30.203362148256815,60.79118826762547
2009-09-01,48.43895,3.880304242149379,0.09313763025419686,0.12240985093727297,0.10777374059573491,43.48997716532478,11.37957101210234,-0.22586295896110825,0.4787707442225521,30.010085182742177,60.71356815103866
2009-10-01,46.72105,3.8441948125824963,0.10189216288844438,0.06316505755788947,0.08252861022316693,43.02004639794447,8.60297445479361,-0.2756713077394093,0.4272898695921984,30.47494720585552,61.5510012845526
2009-11-01,46.569,3.840935083712416,0.07518785508001624,0.06316505755788947,0.06917645631895286,43.45642132783196,7.162528751935149,-0.27646419967713043,0.4198533595960884,30.60250058600107,61.399352125136126
2009-12-01,46.63,3.8422441108202294,0.06391078698029684,0.06316505755788947,0.06353792226909316,43.75938869621092,6.559989500122154,-0.2980098135587774,0.4106072784203306,30.927224024171082,62.81877064149672
2010-01-01,45.963,3.8278367250017262,0.05482727719157765,0.024145736056824706,0.03948650662420118,44.18344707510309,4.027646194901968,-0.30760588687243196,0.40616896979800965,30.62043985866863,62.51725582740793
2010-02-01,46.32579,3.8356988254528908,0.02277221988313549,0.024145736056824706,0.0234589779699801,45.25168230576977,2.3736304143841203,-0.32881776604489776,0.3564921860446316,32.433980024264805,64.36156199583954
2010-03-01,45.498,3.8176683689468534,0.021190858528870038,0.024145736056824706,0.022668297292847372,44.47823959257268,2.292717555300028,-0.3265465227948904,0.3662572562678671,31.544874288889744,63.06808718315122
2010-04-01,44.49895,3.7954655933881982,-0.000998707554492384,0.04000222976889872,0.01950176110720317,43.639549258563484,1.9693162648050766,-0.33991095285034273,0.3631199424397435,30.94915358533645,62.51312572159517
2010-05-01,45.8045,3.8243823395687113,-0.03880771921469073,0.04000222976889872,0.0005972552771039974,45.77715118858383,0.05974336695504512,-0.3656340448622581,0.34611612300662714,32.40349270618973,66.02387271513277
2010-06-01,46.56455,3.8408395220162626,-0.03692101988138141,0.04000222976889872,0.0015406049437586555,46.49286765533134,0.15417922852181132,-0.34979690654104195,0.35271938872515757,32.72437238944684,66.06482312382592
2010-07-01,46.83636,3.846659824352019,0.0009830422814243178,0.0217733973954029,0.01137821983841361,46.30646594186421,1.1443197993149523,-0.27437177553434355,0.31767996381491104,34.089174158866214,61.622779538640785
2010-08-01,46.56714,3.840895142181658,0.02055510277979078,0.0217733973954029,0.021164250087596842,45.59193751900446,2.138980122503109,-0.2780725638950472,0.31638159970392987,33.937260564437175,61.49572782114348
2010-09-01,46.059,3.8299231833448717,0.024210671432262743,0.0217733973954029,0.022992034413832824,45.01209128637706,2.3258388661888008,-0.27325887891336653,0.30480552490934265,33.95776879916041,60.53259996186334
2010-10-01,44.4107,3.7934804313955057,0.018226577303483538,0.00940684362895306,0.0138167104662183,43.80130979493731,1.3912602338049807,-0.2831566021351034,0.30734884296411497,32.659363165245956,58.94689969748767
2010-11-01,45.01825,3.8070679631104487,0.008665793964265589,0.00940684362895306,0.009036318796609325,44.61328320150966,0.9077269580478609,-0.2712054249617023,0.29480964122099956,33.52389009686827,59.04343668734731
2010-12-01,45.1568,3.810140877603427,0.0138877379454172,0.00940684362895306,0.01164729078718513,44.63389673395897,1.171538459117305,-0.2820647718396122,0.3053549371990559,33.27432040243937,59.87180238389077
2011-01-01,45.39338,3.815366279437291,-0.010284125737321403,-0.005133400650922343,-0.0077087631941218735,45.74465904090926,-0.7679126881131926,-0.3068217998150912,0.28172460792544257,34.24846244253698,61.69408623606876
2011-02-01,45.43579,3.8163001204727647,-0.005654259810483175,-0.005133400650922343,-0.0053938302307027595,45.68152506850629,-0.5379309647341679,-0.28952936789941036,0.2766057739527295,34.4563858669186,60.693067867483954
2011-03-01,44.99136,3.80647047133596,0.006664592575964967,-0.005133400650922343,0.0007655959625213122,44.95692797862576,0.07658891059152406,-0.29260180753207304,0.28516562131274054,33.8285408498801,60.28433459585297
2011-04-01,44.37,3.792563565390818,0.0005855464995825344,0.016147433470813623,0.008366489985198079,44.000327426662054,0.8401586873509004,-0.28627741109966454,0.308156538155144,32.603088633238684,59.07695857060594
2011-05-01,44.90452,3.8045384578329577,-0.0121497063265128,0.016147433470813623,0.001998863572150412,44.81485163801377,0.20008626316676548,-0.2851163140566938,0.2938869914587011,33.470065305088404,59.719271373783414
2011-06-01,44.85364,3.8034047446318473,0.001480134303391445,0.016147433470813623,0.008813783887102534,44.46004678122316,0.8852739645408114,-0.2798112569594603,0.3058897804009747,33.03326104204486,59.335987964111986
2011-07-01,44.4174,3.7936312845604996,-0.01152480906540898,0.05623459475276407,0.022354892843677546,43.435470143198906,2.260663585691236,-0.2149182597649906,0.26665170810108946,34.02105427884315,55.06694045367747
2011-08-01,45.2788,3.812838931776965,-0.026168085802779295,0.05623459475276407,0.015033254474992389,44.603203210130694,1.5146822229033408,-0.2271086693687148,0.26263999717169123,34.820243750088494,56.823365248221776
2011-09-01,47.632,3.8635048042734206,-0.004770040161838018,0.05623459475276407,0.025732277295463027,46.42195553622126,2.6066210477380336,-0.21341213265537887,0.28070865464925426,35.97398900341134,58.963401444365566
2011-10-01,49.25792,3.897070166871946,0.017707346204366203,0.06417816396291816,0.04094275508364218,47.28189306718271,4.179246651587221,-0.20268401230474495,0.28984879000985014,36.86348065583585,60.32545652115445
2011-11-01,50.85644,3.9290067614764976,0.042789943085607796,0.06417816396291816,0.05348405352426298,48.20789035412796,5.494016905565036,-0.19310958990386026,0.2975290696690483,37.76858573196682,61.68966120924734
2011-12-01,52.6769,3.9641770292817875,0.06744597225401439,0.06417816396291816,0.06581206810846627,49.321740182201545,6.802598216129474,-0.1684826104941047,0.30276444629410776,38.91627653319449,62.34351392035485
2012-01-01,51.3392,3.9384545929296904,0.09404472864500502,0.07780323184667307,0.08592398024583904,47.11213507225663,8.972348464488512,-0.1512252124609513,0.3258760509079751,37.06149433248284,59.720766374934946
2012-02-01,49.1671,3.8952247006322476,0.06082555298497194,0.07780323184667307,0.0693143924158225,45.87454133678046,7.177311352385529,-0.16882133740144364,0.3018073412089243,36.35811260553433,58.2093525192213
2012-03-01,50.3213,3.9184284467166637,0.03280546076446633,0.07780323184667307,0.0553043463055697,47.613869764973884,5.6862217845141005,-0.18411235300708037,0.3063928126192742,37.04137881445353,60.4937951167687
2012-04-01,51.8121,3.9476237127209606,0.047084717402968934,0.0626041107649715,0.054844414083970214,49.04701356520559,5.6376244623301375,-0.19370911466165475,0.29587566341047844,38.541980479821405,62.88658257649706
2012-05-01,54.47353,3.9977148956111477,0.061357835959161555,0.0626041107649715,0.061980973362066524,51.19971277923091,6.394210129430844,-0.16909697423799197,0.3105752959597152,39.93046632827477,64.50945936363031
2012-06-01,56.03021,4.025891009562317,0.09591687279624139,0.0626041107649715,0.07926049178060644,51.76066603069509,8.248626412134996,-0.15695040083265632,0.3278248435621436,40.36916156963966,65.55184854820862
2012-07-01,55.49475,4.016288421683443,0.10754291756256329,0.026785487213741913,0.0671642023881526,51.88990275385382,6.947107346194548,-0.14096242708396975,0.2928624184272487,41.40600850436576,63.89562219380194
2012-08-01,55.55979,4.017459738181376,0.08736248965107585,0.026785487213741913,0.05707398843240888,52.477565252817584,5.8734141577136745,-0.16882951996616777,0.276816274035632,42.12508742940003,65.77825141893372
2012-09-01,54.60552,4.000134976541808,0.09031444062757288,0.026785487213741913,0.058549963920657394,51.50016505526473,6.029796101435636,-0.16463036579994325,0.28893994586250427,40.902657262406514,64.37757398011955
2012-10-01,53.02393,3.970743321086371,0.08039988537035736,0.017248892309001104,0.04882438883967923,50.497252670985134,5.003593651871374,-0.17771287854376697,0.2680852197545199,40.55496041061534,63.33614641786428
2012-11-01,54.77581,4.003248673140335,0.06171176765649111,0.017248892309001104,0.03948032998274611,52.6553760804674,4.027003655414374,-0.18515632397409323,0.2619338654035686,42.15337733192686,65.91756835580102
2012-12-01,54.6478,4.000908957636582,0.08823623369967315,0.017248892309001104,0.05274256300433713,51.84022512026245,5.415823085691374,-0.17396108546995429,0.2681061440084001,41.7960908000829,65.03138783470173
2013-01-01,54.3168,3.994833571353166,0.09426397949718979,0.004171978569241754,0.04921797903321577,51.70815946245654,5.0449301709094785,-0.1699403228124623,0.28397403367728,40.888937008727,64.37812452814791
2013-02-01,53.77372,3.9847848719881203,0.10143484148975457,0.004171978569241754,0.05280341002949816,51.00794791019141,5.422237520078665,-0.17011734992160243,0.27458390589955894,40.86201758173498,63.74573130721016
2013-03-01,54.40462,3.9964490767264365,0.0886733921765801,0.004171978569241754,0.04642268537291093,51.936737497544804,4.751708754466644,-0.17535120890948952,0.27001973072469654,41.53055186921922,64.83206334152433
2013-04-01,54.37571,3.9959175467948644,0.08801772610566427,-0.027846815817897237,0.03008545514388352,52.76415574184537,3.054259535657766,-0.19387946258428873,0.25180536130144404,42.27146133782504,66.00939031323169
2013-05-01,55.01081,4.007529711374489,0.08289649453689041,-0.027846815817897237,0.027524839359496588,53.517294963919426,2.790714734531119,-0.2014674612070106,0.2552641859222434,42.6175237980151,67.2890266828452
2013-06-01,58.3973,4.067269655888697,0.08627138206874108,-0.027846815817897237,0.02921228312542192,56.71605756041493,2.964314714213301,-0.19414980853231317,0.25907459233386343,45.06901869491519,70.91056707699045
2013-07-01,59.7754,4.090594205082768,0.12666169801163374,-0.022616846952845625,0.052022425529394054,56.745240190759766,5.339936528691713,-0.15511614918479594,0.2544153855843059,46.34803144080895,69.80532904946598
2013-08-01,63.2088,4.1464435319660815,0.1289282447661737,-0.022616846952845625,0.05315569890666404,59.93662973873756,5.459383144373908,-0.1407227796642035,0.25631875786149805,48.916989716554546,72.75999694265128
2013-09-01,63.75214,4.155002752102573,0.1772760289239672,-0.022616846952845625,0.07732959098556079,59.008007858856104,8.039810719405406,-0.12683068159613092,0.27696583565387534,48.329247536354806,72.37300955604718
2013-10-01,61.61556,4.120914436044719,0.18552621023276483,-0.033632465326304074,0.07594687245323038,57.109333582427745,7.890525304534113,-0.13318176332646928,0.2729911009054744,46.89557564802146,70.39316704060812
2013-11-01,62.63296,4.1372916571161955,0.15037279109152735,-0.033632465326304074,0.05837016288261164,59.081715505485604,6.010733547817626,-0.15037069372278702,0.25908286403856984,48.33755491840196,72.79609770691663
2013-12-01,61.91031,4.12568672478722,0.147247969383276,-0.033632465326304074,0.05680775202848597,58.491355422244,5.8452305525745984,-0.1396910749080488,0.2528241764529504,48.07982009013644,71.19181113789179
2014-01-01,62.07597,4.1283589575307,0.15408897235115582,0.01056776442837032,0.08232836838976307,57.17007454201389,8.58122977324578,-0.10847545323499075,0.28241903627233406,46.80265449334549,69.18848249001307
2014-02-01,62.25401,4.131222950940771,0.16226658801638827,0.01056776442837032,0.0864171762223793,57.10009467510046,9.0261064438252,-0.11417068847665002,0.28054650093685757,47.024862443462105,69.7832241657941
2014-03-01,61.01399,4.111103182140232,0.16791299755970002,0.01056776442837032,0.08924038099403517,55.80496261281202,9.334344372434122,-0.09949763494689678,0.2879955547457676,45.746149644070286,67.3970209298208
2014-04-01,60.35662,4.1002706349825,0.14597768801839894,0.07735104084907962,0.11166436443373928,53.979603947974475,11.813751094157144,-0.08594785393697134,0.31860292200911433,43.88917528275118,65.77359650757106
2014-05-01,59.30502,4.082693956720876,0.13063153252254533,0.07735104084907962,0.10399128668581248,53.44764999220855,10.959078666031763,-0.09571828493284638,0.3113437731841612,43.43867544384967,65.2621503843105
2014-06-01,59.7307,4.089846126079528,0.10949052250973246,0.07735104084907962,0.09342078167940604,54.403328867125964,9.792362423052348,-0.10145140063763723,0.28257251564979013,45.02750883442617,66.10851289684761
2014-07-01,60.05857,4.095320252747923,0.11012191753704759,0.1340676660331048,0.12209479178507619,53.15570628699252,12.986119826417685,-0.04631241859237964,0.2985827628870111,44.555584066244194,62.90544156553792
2014-08-01,60.89517,4.109153861225792,0.09547649803179326,0.1340676660331048,0.11477208203244903,54.292265638246796,12.16177715947393,-0.06427911189384736,0.29946264322996147,45.13649937555915,64.9380002973235
2014-09-01,60.86492,4.108656982476402,0.09471159606585378,0.1340676660331048,0.11438963104947929,54.28605345098608,12.118888979383735,-0.05958621915391568,0.2926203798884424,45.4238184341549,64.60185991515196
2014-10-01,61.34199,4.116464600285727,0.08676943388082048,0.16664948134444696,0.12670945761263372,54.04165524791203,13.50871789288881,-0.04649798184360181,0.3170928231321257,44.673111007067064,64.26162120010837
2014-11-01,61.70418,4.122351675780302,0.08514526590968785,0.16664948134444696,0.1258973736270674,54.404904288102045,13.416576699123528,-0.04698388002123392,0.3073183491858509,45.37826866090413,64.6724665830219
2014-12-01,62.75295,4.139205588859057,0.07534812666470447,0.16664948134444696,0.12099880400457572,55.60131126350783,12.862356253792019,-0.04322515876094561,0.3013262054033161,46.4269162879212,65.52493437088303
2015-01-01,62.22593,4.130771793903318,0.08503708178019398,0.14837973770808502,0.1167084097441395,55.371409368503166,12.379169520282929,-0.05367328368375113,0.3031315339082281,45.953970765893324,65.65705623361613
2015-02-01,62.03761,4.127740814033083,0.05383280359555265,0.14837973770808502,0.10110627065181883,56.07188584779888,10.63942127502977,-0.07622168354165437,0.2742373582313553,47.15799008988278,66.95109969207583
2015-03-01,62.44984,4.134363674518665,0.04714451447684098,0.14837973770808502,0.097762126092463,56.63354901706093,10.270045024349272,-0.07435630565795581,0.2780180379135919,47.292212275546525,67.27037726057554
2015-04-01,62.75316,4.13920893530968,0.03822699374808014,0.12324079497390962,0.08073389436099487,57.88597000391647,8.408237774635596,-0.09557050110468496,0.25522641607273994,48.6174499648414,69.04644792176974
2015-05-01,63.80033,4.15575836275116,0.04454400331141084,0.12324079497390962,0.08389239914266022,58.666329758956934,8.751187030341256,-0.07853837321163598,0.26021178330933487,49.18292839489419,69.01312721278627
2015-06-01,63.86074,4.156704775067916,0.065433861778315,0.12324079497390962,0.0943373283761123,58.11172476554022,9.893038380214957,-0.0753116047022157,0.26967930685319014,48.76561570057263,68.85593199942878
2015-07-01,63.63498,4.153163319151512,0.055942357270723164,0.11971651533426955,0.08782943630249636,58.28436542418925,9.180188437961668,-0.05623072774034126,0.23860547328869192,50.126902792948854,67.31573726892644
2015-08-01,65.07233,4.1754994204576406,0.03884615265658642,0.11971651533426955,0.07928133399542799,60.1125168229923,8.250882576772467,-0.061327878726342426,0.23217457357840793,51.589844798047196,69.18799045221618
2015-09-01,66.21781,4.19294945999264,0.04131478176461556,0.11971651533426955,0.08051564854944256,61.095231041853395,8.384580712424782,-0.06671742984567447,0.23720650515172975,52.23448739702963,70.78639985742514
2015-10-01,65.05801,4.175279333427087,0.05010718389400104,0.09951877885568475,0.0748129813748429,60.368433976866754,7.76825853214993,-0.07547681841755596,0.22869704864723778,51.7581695186017,70.15844273053773
2015-11-01,66.11709,4.191427261095024,0.03300746769591534,0.09951877885568475,0.06626312327580004,61.87796493110123,6.850782946108325,-0.08302375570642209,0.2288501226571396,52.59269009129806,71.84068915059635
2015-12-01,66.59551,4.19863715785627,0.029744489375116423,0.09951877885568475,0.06463163411540059,62.427477546034964,6.676599180050902,-0.08056957926929789,0.22044530753166441,53.42035485115645,72.18315707145193
2016-01-01,67.25233,4.20845166472191,0.0371012202148675,0.07690100558508704,0.05700111289997727,63.52608137086647,5.8656988574183,-0.09409967300804384,0.20235706859190722,54.93191976978334,73.888066836002
2016-02-01,68.23767,4.2229967584035455,0.033824878592557006,0.07690100558508704,0.055362942088822024,64.5625044828887,5.6924147328971,-0.09670456100917141,0.20757444358538174,55.4467064244766,75.16617426182619
2016-03-01,67.02185,4.205018685628577,0.06338981394091903,0.07690100558508704,0.07014540976300304,62.48167263286567,7.266414575377711,-0.07582248393994101,0.2244785187213621,53.54595016736696,72.3012320316918
2016-04-01,66.46953,4.196743647169458,0.05604686685957283,0.04403098708065883,0.05003892697011583,63.22531155101608,5.131201997108703,-0.09633672048179116,0.21160891010563318,53.792536838104,73.1915785817329
2016-05-01,66.90673,4.203299559981877,0.055106673528366734,0.04403098708065883,0.049568830304512784,63.671097403192746,5.081791784297085,-0.09769307091453257,0.19941875397680028,54.81044653598685,73.77298671269428
2016-06-01,67.29686,4.209113578801449,0.04606342287539,0.04403098708065883,0.04504720497802442,64.33259180501464,4.6077238796312425,-0.11541232879742187,0.19609630398245378,55.31351510712709,75.52969631513905
2016-07-01,67.20763,4.207786782750404,0.04832270282962181,0.058815697232322425,0.05356920003097212,63.702103417729056,5.502999735006098,-0.07537267191494205,0.1899256689608651,55.58209482050663,72.46904134014574
2016-08-01,66.93964,4.2037913178183155,0.03231420393814499,0.058815697232322425,0.04556495058523371,63.95798396571195,4.661898092170191,-0.08320508276351683,0.17886802792785078,55.976014690727894,72.74763526550791
2016-09-01,66.73773,4.2007704601586315,0.036876486906064265,0.058815697232322425,0.047846092069193345,63.61977617050191,4.900919206540322,-0.08178281466076458,0.18629133381764135,55.39443438494762,72.42512537965993
2016-10-01,66.74769,4.200919689939959,0.037893160438125406,0.07485639440541297,0.05637477742176919,63.088904397119975,5.7994121753159655,-0.077511953601932,0.19065280429752945,55.161590435616006,72.12723004669527
2016-11-01,67.62566,4.213987496823271,0.02475635065988424,0.07485639440541297,0.04980637253264861,64.33997442355171,5.106756112177679,-0.07917775915327677,0.18739171752530387,56.06971231467303,73.19779195598244
2016-12-01,67.90043,4.218042367387014,0.02365265316160059,0.07485639440541297,0.04925452378350678,64.63705438292999,5.048769081797522,-0.07884106842873531,0.1849478265215469,56.43528259659282,73.47046111265335
2017-01-01,68.08037,4.220688919032959,0.020248905756899305,0.1020874607507048,0.06116818325380205,64.0408227688325,6.307769101825911,-0.06737836606126593,0.1972925460432449,55.890609188006096,72.8255813095836
2017-02-01,67.07545,4.205818105197122,0.03190967318829152,0.1020874607507048,0.06699856696949816,62.72872885962228,6.929394584266246,-0.058667195464818384,0.197134539841223,55.074321076346806,71.12830086091651
2017-03-01,65.87666,4.187784205785017,0.02355237740318117,0.1020874607507048,0.06281991907694298,61.86559978668919,6.483506548293128,-0.06708340198138488,0.19725681035399137,54.08340518389721,70.44748987047865
2017-04-01,64.50709,4.166775140241314,0.0064528455451347,0.11501406377683862,0.06073345466098666,60.70594813356954,6.261564119000207,-0.064689476287938,0.19896833725494428,52.868452662554766,68.81795030664954
2017-05-01,64.42484,4.16549927302739,-0.010165327700303095,0.11501406377683862,0.05242436803826776,61.13441135794305,5.382285637448003,-0.08010840252703846,0.18613711151378937,53.482909887448535,69.7981618960725
2017-06-01,64.44299,4.165780956984046,-0.005501049493915389,0.11501406377683862,0.054756507141461616,61.009186417479675,5.628338589902104,-0.07364320916354086,0.19242367637893937,53.16271371502745,69.36789595312295
2017-07-01,64.45588,4.165980958738024,0.015506765798020794,0.13443959081931428,0.07497317830866754,59.80012674460602,7.785524059635751,-0.03772894422649705,0.1972973318616716,52.91482931398244,66.93419034084096
2017-08-01,63.96839,4.158389055097803,0.004520315298861988,0.13443959081931428,0.06947995305908813,59.674757112134095,7.195057165960139,-0.039608040663109266,0.19007543529269083,52.89525407467459,66.55289837682518
2017-09-01,64.44095,4.165749300596133,0.002781352441554752,0.13443959081931428,0.06861047163043452,60.16789046074169,7.101893562391726,-0.04121544187732259,0.1857182020837767,53.51869855352025,67.15240532278611
2017-10-01,65.08128,4.175636950258221,0.023161366470596967,0.11229333079153846,0.06772734863106772,60.81944771907355,7.007351169336418,-0.043574393524400096,0.1828659455711829,54.204883436272276,67.97985041117062
2017-11-01,64.86261,4.172271340587583,0.017757806631111706,0.11229333079153846,0.06502556871132509,60.77908735793094,6.718631061406044,-0.046055474196028096,0.1848028020478784,53.91822454800166,67.91974684772464
2017-12-01,64.24232,4.162662183556752,0.003940324949108565,0.11229333079153846,0.05811682787032351,60.61517993516003,5.983880718856116,-0.05244929613489671,0.17216723100814696,54.08165059080408,67.70171281632734
2018-01-01,63.6369,4.153193490780942,0.005487714039297487,0.1253970292390314,0.06544237163916444,59.60569475824895,6.763120970405523,-0.04702034193277213,0.18757990160620858,52.75262790263526,66.7005922847652
2018-02-01,64.37384,4.164707339404073,0.020701582675124897,0.1253970292390314,0.07304930595707815,59.83902460283107,7.57835781459979,-0.038369242146869514,0.1933833004041941,53.054730888443835,66.89181290548261
2018-03-01,65.02133,4.174715369911094,0.05133505808302097,0.1253970292390314,0.08836604366102618,59.52219845496628,9.238791052374019,-0.021138622612374175,0.20464595668379532,52.98820879460652,66.41042137085066
2018-04-01,65.63635,4.184129658338201,0.05824916798584834,0.13347991857574218,0.09586454328079526,59.636339716919984,10.060996888073092,-0.01729947462475024,0.21485182221549914,52.9462811383868,66.78170280802964
2018-05-01,67.53936,4.212710539046372,0.06254365311356747,0.13347991857574218,0.09801178584465482,61.23376500834651,10.297578453315758,-0.013775210034563952,0.22020827282720967,54.19031845611907,68.47616640841383
2018-06-01,67.79307,4.216459977332927,0.06778330140853672,0.13347991857574218,0.10063160999213945,61.30297461780571,10.586917556051546,-0.00927090886476168,0.21829555551503166,54.49802278397076,68.42449579657216
2018-07-01,68.69336,4.229652542446561,0.06547328145456799,0.049531042073994815,0.0575021617642814,64.85476469932969,5.918756036609252,-0.04412129716913393,0.16007832871149946,58.532035148762304,71.79205674313184
2018-08-01,69.54651,4.241995737383592,0.05724779714941697,0.049531042073994815,0.05338941961170589,65.93084025990987,5.4840340663589116,-0.04604204513111132,0.15651126302462098,59.470742823027834,72.82343279877327
2018-09-01,72.21528,4.279651657856421,0.05846212638181836,0.049531042073994815,0.05399658422790658,68.41930855638287,5.54809968663883,-0.04758889166896518,0.15751904266108968,61.69066452664189,75.73501094722224
2018-10-01,73.6323,4.2990837881601704,0.09949087239384724,0.07257959470736339,0.08603523355060531,67.56219321358148,8.984472672799937,-0.013341934449916396,0.19080776659695478,60.84173726063489,74.62128010343007
2018-11-01,71.85424,4.274639622614107,0.11073648210040243,0.07257959470736339,0.09165803840388291,65.5610378449507,9.598997151223386,-0.006492486223588904,0.19484130823758375,59.13354226177168,72.32227035958917
2018-12-01,70.73107,4.258884938884837,0.07861110769779955,0.07257959470736339,0.07559535120258147,65.58123398231751,7.852606157229403,-0.025122471463879817,0.18148366296636012,58.9919666357086,72.53051793664966
2019-01-01,70.73287,4.258910387066191,0.07140498221761682,0.06520021948786923,0.06830260085274303,66.06293089954416,7.068925094402778,-0.029120989042882066,0.17233158393255146,59.53585899089972,72.82296626381776
2019-02-01,71.221768,4.265798502029012,0.08244114188132112,0.06520021948786923,0.07382068068459519,66.1535014639922,7.661373054858611,-0.02925123058777678,0.17482023229945212,59.798362027057024,73.33586153863236
2019-03-01,69.47865,4.241019511132325,0.09422991749870047,0.06520021948786923,0.07971506849328486,64.15515476078367,8.29784490282368,-0.018555505825641465,0.17983285898717496,58.04314725378438,70.77989680571235
2019-04-01,69.42741,4.240281746310197,0.06669764646824738,0.06596815347943959,0.06633289997384348,64.97150871472832,6.858238901048597,-0.029906693159527983,0.1690574291111922,58.628698793286944,71.53511438823537
2019-05-01,69.77312,4.245248835311636,0.05927249919764144,0.06596815347943959,0.0626203263385405,65.53789395197543,6.462255334490985,-0.03617315071550386,0.16521084454731244,59.147716874170946,72.34323797492516
2019-06-01,69.43886,4.240446653166642,0.05149978555881596,0.06596815347943959,0.05873396951912777,65.47790016501695,6.04930797261467,-0.0401507847520941,0.16077826143740098,59.12585997448027,72.28361208048459
2019-07-01,68.8083,4.231324377197819,0.04898180254449258,0.11197404427494798,0.08047792340972028,63.487716979106665,8.380491966098425,-0.005871612996994714,0.17305402489985802,57.874122615374795,69.21350414539899
2019-08-01,71.1457,4.264729887010324,0.031483456806715715,0.11197404427494798,0.07172875054083185,66.22123199154312,7.436388391393511,-0.012174536993149666,0.16725656608556408,60.18801950260815,72.01716000367014
2019-09-01,71.33366,4.267368305782508,0.04948058054874771,0.11197404427494798,0.08072731241184784,65.80139201631583,8.407524239475684,-0.004473498781266717,0.17239796350599448,60.037558553736034,71.65348587804324
2019-10-01,71.03945,4.2632353565368275,0.046889647360438325,0.11730198405644919,0.08209581570844376,65.44038272917709,8.555981852970639,-0.002140987165711726,0.17836651386923835,59.43414201650014,71.19170748320778
2019-11-01,71.4517,4.269021696954972,0.03945319446966611,0.11730198405644919,0.07837758926305766,66.06533044644355,8.1530956057549,-0.004419056423967747,0.1716060459958269,60.184548561678504,71.76814777921679
2019-12-01,71.1926,4.265388880432295,0.040342654428489944,0.11730198405644919,0.07882231924246957,65.79649445747633,8.201205226839448,-0.006499241837155077,0.174408857403416,59.79846687157632,71.6568047799741
2020-01-01,71.31378,4.2670895766286066,0.029329760428473683,0.14207703265871321,0.08570339654359345,65.45652488709008,8.948313591369917,-0.00533169714075038,0.1810349706723226,59.50465863994768,71.69501889897332
2020-02-01,71.48852,4.269536877368355,0.039947241216536256,0.14207703265871321,0.09101213693762474,65.26949270940727,9.528229855073423,0.00508080034067554,0.18749909165109518,59.266118529911324,71.1262222638388
2020-03-01,74.3507,4.308793087791232,0.04192587264955705,0.14207703265871321,0.09200145265413513,67.8155578296601,9.636641472086627,0.004779329949100186,0.18745923382565594,61.641408090264875,73.99620128071435
2020-04-01,76.236488,4.333840193227207,0.07024954967767094,0.17707403215700426,0.1236617909173376,67.36855744435847,13.163307768562182,0.03380858016786757,0.22276963141960174,61.011999735813056,73.70212361237495
2020-05-01,75.65988,4.326248033160803,0.058803489034823464,0.17707403215700426,0.11793876059591386,67.24275447742247,12.51752041984493,0.02680348192829872,0.21736363152166252,60.87876342321665,73.65886860696894
2020-06-01,75.72684,4.327132655066431,0.05438181566654965,0.17707403215700426,0.11572792391177696,67.45122412749299,12.269037337061285,0.026415120265085953,0.21641826451847893,60.99027288448291,73.75269484336336
2020-07-01,74.99339,4.317399976319007,0.06168251560056959,0.18607393824200166,0.12387822692128563,66.25571659682795,13.187803033422153,0.04231837464199468,0.2161653928121716,60.41482872538304,71.88600508889603
2020-08-01,74.67192,4.31310411785484,0.04858013102287373,0.18607393824200166,0.1173270346324377,66.40531398816465,12.448711579480975,0.034070048581833996,0.20816039134529582,60.63933206471653,72.1706944367084
2020-09-01,73.481741,4.297036953588285,0.05349858510374261,0.18607393824200166,0.11978626167287214,65.18638915934369,12.72558880409662,0.03933914208852458,0.21146887367091624,59.475715115542606,70.6471530297491
2020-10-01,73.45811,4.29671531177304,0.032587736546835444,0.22400928458263486,0.12829851056473515,64.6130757442738,13.68923264190851,0.04769063866927474,0.2263658114343791,58.57743184694661,70.03706998594342
2020-11-01,74.21979,4.307030826202418,0.02493088162606405,0.22400928458263486,0.12447008310434945,65.53345286972296,13.254813762896056,0.04278180610185893,0.2235799890467768,59.34992380058179,71.1114966113959
2020-12-01,73.59365,4.298558744838828,0.04139662213167039,0.22400928458263486,0.13270295335715263,64.44781273923381,14.191074719279806,0.05080241591012517,0.2307889603175707,58.42651346643082,69.94829518658912
2021-01-01,73.109395,4.291956881069234,0.062291405410329403,0.26796422941015574,0.16512781741024257,61.981072963623326,17.954387531993653,0.07866363124536017,0.26806954944123157,55.91805590243561,67.57872738176246
2021-02-01,72.75646,4.287117699360219,0.07013857943590818,0.26796422941015574,0.16905140442303196,61.4403198634796,18.418100950100637,0.08637134490301972,0.2711233381990901,55.478433583953745,66.7361212595963
2021-03-01,72.7928,4.287617049212703,0.06778816192136627,0.26796422941015574,0.167876195665761,61.543291472027654,18.279016703364668,0.08390129308574994,0.26888433523698324,55.63056130332999,66.93458211867582
2021-04-01,74.472212,4.3104260625176245,0.05500908335176646,0.2562569508664382,0.15563301710910232,63.73877215119462,16.839734256795236,0.07269216004563415,0.25753202685121956,57.56380792988784,69.25074495427143
2021-05-01,73.26774,4.294120402875635,0.07475326229058066,0.2562569508664382,0.16550510657850942,62.09188451724116,17.998898841048415,0.081025508733772,0.26815635618923195,56.03430243484835,67.56532408655701
2021-06-01,73.55826,4.298077745296487,0.050083212622559437,0.2562569508664382,0.1531700817444988,63.111794113794424,16.55231963041639,0.06909548557464139,0.256703152477342,56.90450959967664,68.64733145528179
2021-07-01,74.52697,4.311161073297284,0.032266883961654,0.2353869315206177,0.13382690774113587,65.19183073168399,14.319492432629355,0.055800996814951806,0.22825748885301603,59.31745327946284,70.48219159941222
2021-08-01,74.18459,4.306556446663754,0.029065920940436918,0.2353869315206177,0.13222642623052733,64.99627889146002,14.136672537644678,0.05632948304479139,0.2265656715389577,59.14492424282058,70.12132553057147
2021-09-01,73.56341,4.298147755377287,0.02239690702288044,0.2353869315206177,0.1288919192717491,64.66731111914523,13.756716843328022,0.050968106274406996,0.2230793033488259,58.85450916100001,69.90796904465816
2021-10-01,74.91528,4.316357875057368,0.0170540626123854,0.1746276873000601,0.09584087495622275,68.06866670155021,10.058391959503222,0.019857990490871724,0.18194872870634538,62.45267977321959,73.44228682899669
2021-11-01,74.49651,4.3107522786506385,0.023091592705559272,0.1746276873000601,0.09885964000280968,67.48414211498198,10.391134369123488,0.024118271058160612,0.18617195186055124,61.84185043576006,72.72127680884398
2021-12-01,75.37252,4.322442752350175,0.00909294139651795,0.1746276873000601,0.09186031434828902,68.75726735912377,9.621168634181343,0.015315453343788199,0.17617210077926482,63.19787338220389,74.22695053664421
2022-01-01,74.4416,4.310014925363587,0.02239690702288044,0.12595426585368613,0.07417558643828329,69.11966922215882,7.699589476818636,0.0019255281374941993,0.15560283202145875,63.714495358674995,74.29839851808647
2022-02-01,75.00313,4.317529845998832,0.018634153796358355,0.12595426585368613,0.07229420982502224,69.7721990610504,7.4971564739883645,0.000128339457073752,0.15344974842649017,64.33347469541008,74.99350475667943
2022-03-01,76.24447,4.333944888267322,0.033369585692356374,0.12595426585368613,0.07966192577302125,70.40631511608001,8.292089813668756,0.006973011806179992,0.16031500916639307,64.95078823696461,75.7146657229897
2022-04-01,76.16783,4.332939195072487,0.03326928981944732,0.09311607256055156,0.06319268118999943,71.50350817511271,6.523206964145478,-0.005366688730254018,0.1405292060141476,66.18209705008726,76.57769786777389
2022-05-01,77.31928,4.347943342346437,0.016462171503065726,0.09311607256055156,0.05478912203180864,73.19698417435438,5.6317837027634265,-0.011581971402004551,0.13240926468099817,67.73032946922955,78.21999565261652
2022-06-01,78.07458,4.357664523711829,0.0046973299234798205,0.09311607256055156,0.04890670124201569,74.34807804489915,5.012237105645667,-0.017487198762592512,0.12409221030624111,68.96315065094983,79.45189327567314
2022-07-01,79.60155,4.377033565022562,0.021249892870060627,0.07156456255326654,0.046407227711663585,75.99186820893783,4.750089550552228,-0.01649878642132156,0.11900854309864387,70.67027329704752,80.92577296947684
2022-08-01,79.55505,4.376449234855631,0.02430152687677456,0.07156456255326654,0.04793304471502055,75.83168324962938,4.910041015592004,-0.016374095300933516,0.11879145472842459,70.644324983852,80.86841521008779
2022-09-01,80.23155,4.384916829035508,0.01693446836202739,0.07156456255326654,0.044249515457646965,76.758744403838,4.524312667089925,-0.02045068916174379,0.11655527786605016,71.40454702700782,81.88923309679315
2022-10-01,82.340117,4.410858437278325,-0.0016815433562440418,0.041557495772092376,0.019937976207924167,80.71467951857345,2.013806523325812,-0.0442629498920881,0.08757317440996627,75.43604889900702,86.06659759182381
2022-11-01,81.81052,4.404405841696581,0.0030365820010187505,0.041557495772092376,0.022297038886555563,80.006573720963,2.2547475727789257,-0.044138045515647685,0.0895076682652224,74.806005817225,85.50235224589994
2022-12-01,82.46421,4.412364381032486,0.01605405744675803,0.041557495772092376,0.028805776609425203,80.12265150514425,2.922467555514441,-0.03492952429063687,0.09534525590651279,74.96483411606528,85.39554262307081
2023-01-01,81.89959,4.405493984741487,0.058192879622324334,0.01457283493562614,0.036382857278975236,78.97340320279837,3.705281371359148,-0.030302828159211762,0.10251742700619729,73.91949220104976,84.41936453475427
2023-02-01,82.60855,4.414113186065933,0.06669398064737031,0.01457283493562614,0.040633407791498224,79.31916513147729,4.147024067979421,-0.026137104275791027,0.10777256816822248,74.16858055919198,84.79616267854466
2023-03-01,82.28857,4.410232215899489,0.07164346486984208,0.01457283493562614,0.04310814990273411,78.81663400307478,4.40508027377795,-0.0232213033184881,0.11087934414585379,73.65211590982766,84.22177676464064
2023-04-01,82.02078,4.406972629794335,0.06105265074709987,0.028564589713552604,0.04480862023032624,78.42666697930505,4.58276904926147,-0.02112361722265888,0.11267393921842506,73.28080390140083,83.77178422377224
2023-05-01,82.34332,4.410897336150716,0.05972388272821494,0.028564589713552604,0.04414423622088377,78.787401128888,4.5133090064677805,-0.021050822394942055,0.11235039652932932,73.59278121608757,84.09508799421684
2023-06-01,82.233657,4.409564670814056,0.05037041884707527,0.028564589713552604,0.03946750428031394,79.0513124684219,4.025669444576696,-0.027108188506333238,0.10791243975179765,73.82166343878862,84.49335222039917
2023-07-01,82.151943,4.408570496059936,0.038272819763834676,0.06075484539987548,0.04951383258185508,78.18334641901373,5.076012683976305,-0.013190408557250736,0.11769151782965118,73.03063263229157,83.24273889841645
2023-08-01,82.78539,4.4162515965468465,0.014581060641659427,0.06075484539987548,0.037667953020767454,79.72503433198081,3.8386382566806487,-0.022195182600418088,0.10521696102138892,74.51754757166026,84.64336967326966
2023-09-01,83.0475,4.419412733258236,0.014968132448311522,0.06075484539987548,0.0378614889240935,79.96197781122757,3.8587367061588607,-0.023594959884357673,0.10285977018943163,74.92989649870688,85.03030251558634
2023-10-01,83.23534,4.421672017257719,0.020792260734300072,0.0625184422293996,0.04165535148184984,79.83936397894257,4.253510864581922,-0.02106417628919944,0.10697850065797362,74.79069782358498,85.00721995642776
2023-11-01,83.29801,4.4224246593316145,0.01014047027686793,0.0625184422293996,0.03632945625313377,80.32614850121024,3.6997435508127063,-0.0249171065330367,0.10194408474108715,75.22477072014756,85.39962979779128
2023-12-01,83.2787,4.422192814194482,0.018361417007291436,0.0625184422293996,0.04043992961834552,79.97810298947155,4.126875841207367,-0.0213135045131947,0.10953427945753455,74.63865486480915,85.07271137041833
2024-01-01,83.120981,4.420297148934994,0.03441658321572483,0.08709080863339333,0.06075369592455908,78.22141451847925,6.2637150090954385,-0.00041815267654870397,0.13087338096469087,72.9244349950783,83.1557455286163
2024-02-01,82.96364,4.418402439525743,0.029985479515264757,0.08709080863339333,0.05853814407432904,78.2465152945321,6.028542852946095,-0.003528384703125269,0.12731882727023275,73.04557871379812,83.2568846740737
2024-03-01,82.997627777778,4.418812026397527,0.027924331413524683,0.08709080863339333,0.057507570023459006,78.3592840512807,5.919328874242713,-0.004060417889271299,0.12704974248949447,73.09516950344137,83.33531794802028
2024-04-01,83.406011111111,4.423720382440169,0.028414695764054976,0.09519668330721243,0.0618056895356337,78.40711634193117,6.375562579523764,-0.0018342231445353588,0.1331122752545269,73.01085342746731,83.55913673743729
2024-05-01,83.39294,4.423563653503317,0.020208319111867823,0.09519668330721243,0.057702501209540125,78.71715822385363,5.939977867150037,-0.004208577885156779,0.1273688515988654,73.41988427811296,83.74464525341747
2024-06-01,83.470915789474,4.424498257282919,0.01816720453824061,0.09519668330721243,0.05668194392272652,78.87121349923501,5.831915202222171,-0.004741122257351411,0.1299674572759027,73.29781504125205,83.86760123018544
2024-07-01,83.594654545455,4.425979577202513,0.011397114073158576,0.1014800500953585,0.05643858208425854,79.00735861214243,5.806162886462518,-0.0057228079103520645,0.12648232334958115,73.66275072466031,84.07442219541568
2024-08-01,83.89629,4.429581393186757,0.0032937282944667245,0.1014800500953585,0.05238688919491261,79.61436202235944,5.378336105284598,-0.010491808018251999,0.12233596364684425,74.23571952384553,84.78114752884836
2024-09-01,83.808215,4.428531033709564,0.027122680524886533,0.1014800500953585,0.06430136531012251,78.5888371533465,6.641373044455645,0.0020386813539875516,0.13268178886335363,73.39451790190293,83.63753079923406
2024-10-01,84.029514,4.431168094274705,0.031215056888171056,0.11254101790606348,0.07187803739711726,78.20159602560523,7.452428429320768,0.00855593039558351,0.14284384790795834,72.8442970681386,83.31363022005863
2024-11-01,84.364361,4.435145049390596,0.009675614030566493,0.11254101790606348,0.06110831596831499,79.36335465346873,6.301404934768207,-1.306214689393917e-05,0.13342938700893625,73.82634619281602,84.36546298687314
2024-12-01,84.986229,4.442489231600287,-0.004084982697361461,0.11254101790606348,0.05422801760435101,80.50032438115272,5.572529866597087,-0.007199235805725613,0.12306246736253558,75.14553983247455,85.60027257294583
2025-01-01,86.265748,4.457432624752011,0.002439554655477849,0.09882641828223883,0.05063298646885834,82.00659232852817,5.193674740695409,-0.012417045887922303,0.11967805787589014,76.53549092250852,87.34359172020702
2025-02-01,87.05475,4.466537231066693,0.025373918785136063,0.09882641828223883,0.062100168533687446,81.81307423273513,6.4068925613940175,-0.0025639437832636856,0.13242285939415666,76.2573932675131,87.27823987036633
2025-03-01,86.637663,4.461734628644728,0.04964194670391464,0.09882641828223883,0.07423418249307673,80.43910561249704,7.705900432761603,0.012046242387102783,0.1442447781504258,75.00013027196255,85.60026562662206
2025-04-01,85.561217,4.449232108049465,0.05472695691315721,0.09618201502613007,0.07545448596964363,79.34279337204798,7.837414544750243,0.012133191317758155,0.1465308437197292,73.89914545309615,84.52935890923334
2025-05-01,85.189685,4.444880358430821,0.05292929339099661,0.09618201502613007,0.07455565420856333,79.06930166786795,7.7405303993209,0.01029880519382699,0.14734101345479872,73.51866686867695,84.31683539857981
2025-06-01,85.903433,4.453223793267297,0.05893411527743808,0.09618201502613007,0.07755806515178407,79.49274249447726,8.064497845156282,0.016582681003742952,0.14884529675389552,74.02319547946328,84.49066984772296
2025-07-01,86.114622,4.455679222798891,0.07708991231205875,0.09166343603280716,0.08437667417243296,79.14665695660217,8.803865269026478,0.021170449906543935,0.15411617941534178,73.8150797495844,84.31069901354674
2025-08-01,87.518389473684,4.4718489366954435,0.07729337111235335,0.09166343603280716,0.08447840357258025,80.42865620342577,8.814934383991657,0.021086345770550134,0.15356507633337996,75.0597047637191,85.69226723691028
2025-09-01,88.32259047619,4.480995912671456,0.08772504680954274,0.09166343603280716,0.08969424142117495,80.74545464159408,9.383978167227692,0.02729360904802181,0.16093426418448992,75.1932637000758,85.94454851863445
2025-10-01,88.4164,4.4820574727988145,0.1020139625253016,0.07945008341768472,0.09073202297149316,80.7473746764357,9.497553764806588,0.027097230137517296,0.16163210103516334,75.22061821476875,86.052729549613
2025-11-01,88.825605263158,4.486674955992043,0.10034677447632578,0.07945008341768472,0.08989842894700525,81.18873670728603,9.40631529149858,0.026780651315933983,0.15849138633751858,75.80646427269279,86.47836825412354
2025-12-01,90.091277272727,4.5008233483042925,0.09795505077602051,0.07945008341768472,0.08870256709685262,82.44412417942196,9.275558651896954,0.02682238518564827,0.15894796344635287,76.85153047325534,87.70693416415934
2026-01-01,90.799085,4.508649208463963,0.12032640858773025,0.07754234816796358,0.09893437837784691,82.24600607321462,10.399385131445204,0.03843156076505576,0.16850382753557214,76.71869196224891,87.37573807240575
2026-02-01,90.730847368421,4.5078974025892755,0.13046794199934553,0.07754234816796358,0.10400514508365455,81.768514197955,10.960616391743283,0.04198748392958278,0.17320066847705173,76.30181564280655,87.0001566005854
2026-03-01,92.7608,4.530024136757213,0.14364450157911346,0.07754234816796358,0.11059342487353852,83.04899309331795,11.694069422093278,0.048133839988413404,0.17839479742099962,77.60480453133822,88.40162013271399
2026-04-01,93.550242105263,4.5384986406939065,0.15446605332229169,0.06468574193176273,0.10957589762702721,83.84104989248291,11.580475465456441,0.047221016488066855,0.1771627992312097,78.36174340294879,89.2353823636798
2026-05-01,95.51913480204199,4.559326591835703,0.16952557832162096,0.06468574193176273,0.11710566012669185,84.9634302625855,12.423821056698547,0.05491010617160484,0.18547104348249688,79.3489765011664,90.41556987191314
2026-06-01,94.969547619048,4.553556288834524,0.1878788492126846,0.06468574193176273,0.12628229557222367,83.7029308710001,13.46024163169579,0.06268825920676589,0.19433897954958024,78.19590725467816,89.19883951927696
2026-07-01,95.84898507899196,4.562773880797012,0.1714193038861671,0.06468574193176273,0.11805252290896492,85.17614087063669,12.53032140134749,0.05461258834847625,0.186833784750136,79.51455574608536,90.75479347839246
2026-08-01,95.43602090372703,4.558456084796956,0.16898189962162924,0.06468574193176273,0.11683382077669599,84.91258062469812,12.393263991752956,0.05721437875865874,0.18274536700988886,79.49631892730368,90.12897554047144
