,inr_usd,reer,reer_trend,reer_deviation_pct,misalignment_pct,inr_fair_reer
2004-04-01,43.93333,90.868,89.11329145769609,1.9690761205211516,-1.9310522321432266,44.798410709979755
2004-05-01,45.258,89.4499,89.2025166713351,0.2773277457813972,-0.2765607660432212,45.383512991185746
2004-06-01,45.51591,88.9379,89.29175542439182,-0.3962912619535741,0.3978679779844452,45.335534425871344
2004-07-01,46.04364,88.1577,89.38102316510593,-1.3686609548496431,1.387653222697427,45.413458677128475
2004-08-01,46.34238,88.6611,89.47033261135114,-0.9044703285795874,0.9127256613679968,45.9232269233424
2004-09-01,46.0981,89.089,89.55968704177926,-0.5255568183927251,0.5283335111846199,45.85582829230051
2004-10-01,45.78368,89.0713,89.64908349096329,-0.6444945876346142,0.6486752646063243,45.48860666038004
2004-11-01,45.12684,88.3554,89.73851536163181,-1.5412728370400086,1.5653999208105063,44.4313122728655
2004-12-01,43.98043,88.7982,89.82797159830743,-1.1463818897217926,1.1596762077468181,43.476246315458226
2005-01-01,43.75684,89.8529,89.91743047332626,-0.07176636719551377,0.07181790829928758,43.725437305532445
2005-02-01,43.677,90.0899,90.00686231325598,0.09225706197268924,-0.09217202676884417,43.717295116957814
2005-03-01,43.69,89.1764,90.09623694674393,-1.0209493514003798,1.0314802422433766,43.24394722837317
2005-04-01,43.74118,89.9783,90.18552484316037,-0.22977616809432,0.23030535491375126,43.64067319271676
2005-05-01,43.49143,90.3482,90.27468937436825,0.08142994026476558,-0.08136368586397769,43.526845045469294
2005-06-01,43.58591,91.5981,90.36369231327343,1.3660438779406148,-1.3476345980173887,44.181312655199704
2005-07-01,43.53737,93.6529,90.45249599999332,3.5382152417407164,-3.4173036820073777,45.07781586119305
2005-08-01,43.62591,92.5839,90.54107229939602,2.256244209090963,-2.2064610592165357,44.61021706803823
2005-09-01,43.9165,91.752,90.62941777082494,1.238651043763439,-1.2234961953690893,44.46047218563437
2005-10-01,44.8225,91.1678,90.71754473618293,0.49632655417037874,-0.4938753198136525,45.04496596974302
2005-11-01,45.7285,91.1387,90.80547417927276,0.3669666655441661,-0.36562494387920585,45.89630835165336
2005-12-01,45.64545,90.4363,90.89323055808904,-0.5027113188556087,0.5052512741996695,45.41598515630742
2006-01-01,44.3985,91.237,90.98084090181324,0.2815527924864947,-0.2807622983951208,44.52350521657211
2006-02-01,44.33105,91.4411,91.06832871392814,0.40933142326884386,-0.4076627316074166,44.51251091791502
2006-03-01,44.4819,90.8153,91.15571947445275,-0.3734482887254975,0.37484815273720606,44.31578310565742
2006-04-01,44.94941,89.0325,91.24304153972771,-2.42269602418419,2.4828478810857924,43.86042243103575
2006-05-01,45.40909,87.5186,91.33032063940016,-4.173554426081538,4.355326341372168,43.51391691446165
2006-06-01,46.05545,88.2731,91.41756544646961,-3.439673142806321,3.562201221515515,44.471293055551406
2006-07-01,46.45619,87.6963,91.50475522251088,-4.1620298456073845,4.3427775430786575,44.522669507067924
2006-08-01,46.53909,87.5329,91.59184496624813,-4.4315571629154,4.637050716071478,44.476683623549356
2006-09-01,46.12095,89.2017,91.67876029017697,-2.701891127603273,2.776920496108226,44.87481214398366
2006-10-01,45.46842,91.9043,91.76539548777316,0.15136916425686486,-0.15114038432025856,45.537245167354804
2006-11-01,44.85045,92.2705,91.85162573939296,0.4560335837663798,-0.45396335839411606,45.05498311447035
2006-12-01,44.6345,90.9644,91.93732729718667,-1.0582505776371876,1.069569300942641,44.16215514592453
2007-01-01,44.333,91.5488,92.02237964535905,-0.5146352954402578,0.5172974909109174,44.10484673447247
2007-02-01,44.16056,91.6216,92.10665476095986,-0.5266229266698397,0.5294109259823543,43.9280003664942
2007-03-01,44.0255,91.1494,92.19002096687485,-1.12877831674294,1.141665185810159,43.52854970216234
2007-04-01,42.15105,94.1569,92.27234284328333,2.0423857232252374,-2.0015072254042643,43.01193702738953
2007-05-01,40.77952,97.2921,92.3534769408818,5.347522608466115,-5.076078180158716,42.96021405162396
2007-06-01,40.7719,98.0085,92.4332943517029,6.031598989736087,-5.688491965795928,43.23109750849621
2007-07-01,40.41636,98.9737,92.51170427443867,6.985057486771207,-6.529002882140733,43.2394659800604
2007-08-01,40.81762,98.6515,92.5886589263433,6.5481465483584245,-6.145716054653705,43.49041757515206
2007-09-01,40.34,98.8035,92.6641603857491,6.625365825032681,-6.213686371688154,43.012672573818186
2007-10-01,39.51318,99.701,92.73825751216955,7.507950520761897,-6.983623522161708,42.47981000357959
2007-11-01,39.44,98.4035,92.8110465365658,6.025633447879364,-5.683185520265233,41.81650983184362
2007-12-01,39.44,98.4681,92.8826774147638,6.0134168616767125,-5.67231680639334,41.81169161024529
2008-01-01,39.37478,97.2519,92.95334325423671,4.624424033900865,-4.420023409067886,41.19563678961559
2008-02-01,39.72952,95.8941,93.02328025985418,3.086130409641963,-2.993739698423381,40.955624798324784
2008-03-01,40.35667,93.4735,93.09275780436198,0.4089922832001269,-0.4073263498617474,40.52172566605654
2008-04-01,40.02778,93.6252,93.16206741189279,0.49712570896434105,-0.49466659415116077,40.22676838510769
2008-05-01,42.1255,88.8381,93.23150354440484,-4.712359425065293,4.94540466804767,40.140395030394124
2008-06-01,42.82,87.8737,93.30136423741025,-5.817347132887873,6.176665188116881,40.32901195769741
2008-07-01,42.83652,88.2374,93.37191362670244,-5.498991535324038,5.818976564022105,40.48094339117261
2008-08-01,42.93895,90.8741,93.44337396794954,-2.7495517968248673,2.827289588507109,41.75832132873727
2008-09-01,45.564,88.2564,93.51592789865892,-5.624205434135831,5.959372803172247,43.00138703599035
2008-10-01,48.64222,87.5797,93.58973823169315,-6.421685053562753,6.8623644882240376,45.51856982853889
2008-11-01,49.00333,89.6112,93.66492719713777,-4.327903003229638,4.523683643492982,46.882513409247466
2008-12-01,48.6419,87.905,93.74157065132655,-6.226235181225825,6.63963443641038,45.61334090938332
2009-01-01,48.8345,88.1126,93.81971317183404,-6.083063973326441,6.477068173943379,45.8638661239459
2009-02-01,49.22222,89.458,93.89935430096743,-4.729909309846736,4.964736860836849,46.89405363370676
2009-03-01,51.23158,86.4524,93.98044954466691,-8.010229341464248,8.707739223742683,47.12781294674427
2009-04-01,50.06188,86.2497,94.0629201391635,-8.306376335759136,9.05883746745031,45.90355184644387
2009-05-01,48.534,87.8033,94.14662923388619,-6.737712529386064,7.224477022943554,45.263918600987765
2009-06-01,47.77364,88.9404,94.23137969107155,-5.6148808479908885,5.948904762145846,45.091207037251884
2009-07-01,48.47652,90.4031,94.31692542751455,-4.149653320201208,4.329304445881332,46.464912478302
2009-08-01,48.337,90.7601,94.4029795345496,-3.858860761080518,4.01374561569412,46.471742473916514
2009-09-01,48.43895,90.2903,94.4892249042408,-4.4438134702619925,4.650471760799113,46.286413415046525
2009-10-01,46.72105,93.452,94.57531632001378,-1.1877478857303836,1.2020249111990955,46.16612171643396
2009-11-01,46.569,95.2518,94.66087616618232,0.6242535012884076,-0.6203807527182525,46.859708613015
2009-12-01,46.63,95.7093,94.74551815949603,1.0172321173878895,-1.006988704863554,47.104335336337975
2010-01-01,45.963,97.977,94.82886057630206,3.3198115052377464,-3.213141271622877,47.488884962152426
2010-02-01,46.32579,97.1173,94.91052912953582,2.3251064878716754,-2.2722737045451025,47.402913948847804
2010-03-01,45.498,98.1989,94.99017382333189,3.377955895349638,-3.2675785336374497,47.03490237326618
2010-04-01,44.49895,99.9212,95.06746168937786,5.105572636914579,-4.857566072687414,46.7708762149143
2010-05-01,45.8045,99.6772,95.14208451805098,4.766676602601216,-4.549802243591339,47.98785238443847
2010-06-01,46.56455,99.7001,95.2137715514129,4.711848270987362,-4.499823419020743,48.75860094406804
2010-07-01,46.83636,98.9576,95.2822870247004,3.8572887889926966,-3.7140280032050166,48.64297366345226
2010-08-01,46.56714,98.6907,95.347429789882,3.506408319013521,-3.387624376073939,48.199974070886675
2010-09-01,46.059,100.1057,95.40902705782266,4.922671456790906,-4.691713800690012,48.32633324628332
2010-10-01,44.4107,102.0638,95.46693183622538,6.910108072910126,-6.463474967397465,47.479527365935894
2010-11-01,45.01825,101.2164,95.52103337255356,5.9624214964606015,-5.626920763281873,47.702427815330374
2010-12-01,45.1568,102.5215,95.57127181603107,7.272298518060638,-6.779288426299779,48.440737297203604
2011-01-01,45.39338,102.2926,95.61763126161198,6.980897403874353,-6.525368148221878,48.56224528595082
2011-02-01,45.43579,100.6506,95.66014943255423,5.216854246045588,-4.958192566607411,47.806108939839355
2011-03-01,44.99136,100.6183,95.6989155565042,5.140480866359676,-4.889154799371287,47.304132252315
2011-04-01,44.37,100.7618,95.73405736767124,5.251780579004883,-4.9897308626173364,46.70021504290446
2011-05-01,44.90452,100.0369,95.76574055847792,4.460007740360927,-4.269583965038992,46.90726506777192
2011-06-01,44.85364,101.3161,95.79416961565724,5.764370009675646,-5.450200298217922,47.43916977240788
2011-07-01,44.4174,103.3778,95.81958198241941,7.887968055389072,-7.311258333588633,47.92103032303439
2011-08-01,45.2788,102.2133,95.84225770946219,6.64742509494205,-6.2330854111331995,48.28867431388862
2011-09-01,47.632,99.7526,95.86253516706687,4.0579615656456625,-3.899712722207882,49.56488825294834
2011-10-01,49.25792,97.3456,95.88080188479167,1.5277282692821137,-1.5047399319623511,50.01044716870037
2011-11-01,50.85644,94.8053,95.89747540812715,-1.1388990205206007,1.1520193577016835,50.27723650296835
2011-12-01,52.6769,91.7293,95.9129845850185,-4.361958501364372,4.560903206520184,50.3791554821948
2012-01-01,51.3392,94.5509,95.92774983613155,-1.4352987936061878,1.4561996090270535,50.60232908175293
2012-02-01,49.1671,98.3884,95.94215930061522,2.5497036101928883,-2.486310072513409,50.420715323727144
2012-03-01,50.3213,96.3103,95.9565904937771,0.36861408310024935,-0.3672603098764049,50.50679139859913
2012-04-01,51.8121,94.0422,95.97143980623888,-2.010222843518772,2.051461797191978,50.77056133009321
2012-05-01,54.47353,91.1764,95.98710635786226,-5.011825588248097,5.276262670891008,51.74341168463799
2012-06-01,56.03021,90.3804,96.00397438239926,-5.857647476134343,6.222117165225272,52.748157818062225
2012-07-01,55.49475,92.6024,96.02239099395409,-3.561659898855696,3.6931990898228184,53.51821574327978
2012-08-01,55.55979,92.9504,96.04265991485335,-3.219673338488116,3.326784946437389,53.77094625445001
2012-09-01,54.60552,94.2042,96.0650584786042,-1.9370815029677524,1.9753455563596978,53.54776657248064
2012-10-01,53.02393,97.2226,96.0898401586836,1.1788549543279014,-1.165119880888188,53.64900522578436
2012-11-01,54.77581,94.7946,96.11724407009254,-1.3760736513918514,1.3952736443769265,54.022054511253536
2012-12-01,54.6478,94.4151,96.14751806826284,-1.8018333734136194,1.8348951261639712,53.66313770176367
2013-01-01,54.3168,95.3643,96.18089980303937,-0.8490249152499185,0.8562950737743158,53.85563683483353
2013-02-01,53.77372,96.6519,96.21761355684362,0.45135856845983646,-0.44933047685186134,54.0164322927996
2013-03-01,54.40462,96.4249,96.25787731117276,0.17351586539489094,-0.17321530935187068,54.4990206472078
2013-04-01,54.37571,96.3815,96.30191239849961,0.08264384321992058,-0.08257559957086658,54.420648176522114
2013-05-01,55.01081,96.3492,96.34994144005228,-0.0007695282853270591,0.0007695342071123434,55.01038667625706
2013-06-01,58.3973,92.122,96.40218767116075,-4.439927946200739,4.646216616183696,55.80450195747332
2013-07-01,59.7754,92.808,96.45887432143404,-3.7849024748807136,3.9337926918304733,57.51295940603015
2013-08-01,63.2088,88.743,96.52019159434171,-8.057579938328296,8.763724005658723,58.115700411941944
2013-09-01,63.75214,88.6117,96.5863015230267,-8.256451895640204,8.999490499591701,58.4884752284588
2013-10-01,61.61556,91.6186,96.65730613143758,-5.212959405868178,5.499654143850252,58.40356586950165
2013-11-01,62.63296,91.791,96.73324591110374,-5.10914925324183,5.384238009286024,59.432948591876745
2013-12-01,61.91031,91.8846,96.81412247464931,-5.091739044518107,5.364906061134622,58.7579985731478
2014-01-01,62.07597,91.6709,96.89989930008481,-5.396289715318858,5.704099447136235,58.72617081520558
2014-02-01,62.25401,90.9715,96.99050182898192,-6.205764188739726,6.61635988082192,58.39067294136555
2014-03-01,61.01399,92.6292,97.08581515569546,-4.590387533491313,4.811242195436716,58.213211409354365
2014-04-01,60.35662,93.3653,97.18567793166488,-3.9310091908307143,4.091860607382913,57.98399572052523
2014-05-01,59.30502,95.5325,97.28989442086704,-1.8063483687881465,1.8395775478157184,58.233764738620515
2014-06-01,59.7307,95.5816,97.39823940905403,-1.865166578036892,1.900616236863617,58.616622946772516
2014-07-01,60.05857,96.6568,97.5104741218358,-0.8754691529539227,0.8832013079636436,59.53277574594476
2014-08-01,60.89517,96.5206,97.62634576754292,-1.1326304993283243,1.1456059820835307,60.20545273196217
2014-09-01,60.86492,97.3402,97.74559496751424,-0.41474499965852285,0.41647229768815297,60.61248578775384
2014-10-01,61.34199,97.3615,97.86795381109968,-0.5174868701936952,0.5201787268064528,61.024553255834476
2014-11-01,61.70418,98.0225,97.99315125960162,0.029949787328131805,-0.02994082011616994,61.72266027068257
2014-12-01,62.75295,97.0366,98.12091236649974,-1.1050777457608851,1.1174261737321167,62.059481114741544
2015-01-01,62.22593,98.2017,98.25096241173013,-0.05013936812515718,0.0501645202986678,62.194730311887994
2015-02-01,62.03761,99.9518,98.3830183086211,1.5945655239583578,-1.56953820879554,63.02684034094774
2015-03-01,62.44984,100.9753,98.51679659038965,2.495517002884551,-2.434757222420092,64.0082863754742
2015-04-01,62.75316,99.80049612,98.65202589504979,1.164162838553362,-1.1507660478654258,63.483708968737936
2015-05-01,63.80033,97.9177341,98.78845383054924,-0.8813982776193385,0.8892359883042378,63.237994990264546
2015-06-01,63.86074,99.41700742,98.92583686648872,0.496503814442506,-0.4940508332103244,64.1778110100312
2015-07-01,63.63498,100.9044926,99.06392475395249,1.857959747323723,-1.824069274441309,64.8172923136175
2015-08-01,65.07233,100.6024892,99.202471033921,1.4112734808795935,-1.3916337231931974,65.99067853668045
2015-09-01,66.21781,100.017626,99.34124344928709,0.6808678120263423,-0.6762633525344008,66.66866575411876
2015-10-01,65.05801,101.84318,99.4800205455529,2.375511626844684,-2.32039048117616,66.60347059174377
2015-11-01,66.11709,101.5046976,99.61858608722173,1.8933329480573802,-1.858151945056652,67.36890664926676
2015-12-01,66.59551,100.4267786,99.75674207305194,0.6716704184839939,-0.6671891066194813,67.04281234070855
2016-01-01,67.25233,100.6482307,99.89430505513147,0.7547233492964711,-0.7490699435301007,67.75989903745591
2016-02-01,68.23767,97.95985916,100.03109675558319,-2.070593708118662,2.1143737989661737,66.82474509841322
2016-03-01,67.02185,98.65239086,100.16694471385755,-1.5120296003677702,1.5352429278747914,66.00845978928591
2016-04-01,66.46953,99.15870511,100.30166048763336,-1.139517902372389,1.1526525849298253,65.71209780602722
2016-05-01,66.90673,99.87957359,100.4350439482171,-0.5530642855132162,0.556140097771407,66.53669277176525
2016-06-01,67.29686,100.5965447,100.5668861478152,0.029491369695189285,-0.029482674850556112,67.31670676577585
2016-07-01,67.20763,102.1714965,100.6969738525973,1.464316742587668,-1.4431839582605188,68.19176257838636
2016-08-01,66.93964,101.9446432,100.82509405757983,1.1103874019505522,-1.0981932029756392,67.68292932947105
2016-09-01,66.73773,101.8792855,100.95104513526881,0.9194955470618327,-0.9111178589205737,67.35138045556015
2016-10-01,66.74769,102.7870934,101.07463409666671,1.694252290535636,-1.666025613419364,67.87856426670463
2016-11-01,67.62566,102.642463,101.19567511512453,1.4296933967084646,-1.4095412781311323,68.59249959550051
2016-12-01,67.90043,102.5749915,101.3139955774138,1.2446413897699404,-1.2293405089740528,68.74554685561176
2017-01-01,68.08037,101.5124982,101.42943403379287,0.08189355190471037,-0.08182654124369027,68.13612343314287
2017-02-01,67.07545,102.3752804,101.54183876442679,0.8207864321885694,-0.8141043739433917,67.62599619292943
2017-03-01,65.87666,104.0422923,101.65105869040788,2.352394200708674,-2.298328455410359,67.42633872946057
2017-04-01,64.50709,106.0465878,101.75694916370529,4.215573158933439,-4.045051071690131,67.22643357164904
2017-05-01,64.42484,105.7495414,101.85938398716476,3.8191448451381005,-3.6786518043805283,66.88531795584848
2017-06-01,64.44299,105.4512675,101.95827006269569,3.4259088891527956,-3.3124281197514427,66.65074812284584
2017-07-01,64.45588,106.7709746,102.0535443088542,4.622505100723395,-4.418270329383889,67.43535634071614
2017-08-01,63.96839,107.5006409,102.14517059633712,5.242999030102857,-4.981803139801444,67.32225206727242
2017-09-01,64.44095,105.6433857,102.23314919576634,3.3357443559753674,-3.228064380592499,66.59053535256191
2017-10-01,65.08128,105.9591199,102.31752170083713,3.5591149381143383,-3.4367954382781507,67.39759755839603
2017-11-01,64.86261,107.6506383,102.39835601879803,5.129264263029554,-4.8790070956801435,68.18958467479824
2017-12-01,64.24232,107.6348225,102.4757481556491,5.034434426880052,-4.7931275627373315,67.47655747470645
2018-01-01,63.6369,106.2692202,102.54983464425986,3.6269054637118714,-3.499965040432418,65.94495020303685
2018-02-01,64.37384,103.7386379,102.62079182517225,1.0892978459298375,-1.0775600079743763,65.07506285246232
2018-03-01,65.02133,102.9983614,102.68882473789076,0.3014316922014926,-0.3005258121603793,65.21732489531092
2018-04-01,65.63635,102.7563781,102.75414704727541,0.002171253218197222,-0.0021712060758183327,65.63777513136168
2018-05-01,67.53936,101.754017,102.81697480658647,-1.0338349368730682,1.044634735733796,66.84111450017953
2018-06-01,67.79307,102.2995894,102.87752408629927,-0.5617696298896857,0.5649433098304124,67.41222912157015
2018-07-01,68.69336,102.697442,102.93600275505418,-0.23175638131379683,0.23229473919532673,68.53415875466114
2018-08-01,69.54651,102.3487811,102.99261422211889,-0.6251255267007538,0.629057928388832,69.11175701306051
2018-09-01,72.21528,98.31422308,103.04756005601459,-4.593351820694869,4.814498683637036,68.8981781213001
2018-10-01,73.6323,96.98295417,103.10103685741431,-5.934065140271516,6.308410317848234,69.26291135371986
2018-11-01,71.85424,99.71367366,103.15320470432924,-3.3343908744164152,3.449407606881705,69.45833877855874
2018-12-01,70.73107,100.6870795,103.20417646734246,-2.438948745585856,2.4999205258927626,69.00597545549554
2019-01-01,70.73287,99.68380247,103.2540384774457,-3.4577204534479877,3.581560814275897,68.28712508669923
2019-02-01,71.221768,98.71113003,103.30285764358618,-4.444918290090749,4.651681742667391,68.056018607642
2019-03-01,69.47865,101.4173969,103.35067332659371,-1.8705987724767392,1.9062571961889097,68.17898322596659
2019-04-01,69.42741,101.8318838,103.39748945730113,-1.5141621576292397,1.5374415152488163,68.37616643075789
2019-05-01,69.77312,102.3821473,103.44329504928496,-1.0258255489438706,1.0364577978381195,69.05736950874474
2019-06-01,69.43886,103.0862696,103.48806703583112,-0.3882548465148239,0.3897681402093678,69.16926026068536
2019-07-01,68.8083,104.6668946,103.53177416235712,1.096398131710563,-1.0845076105304496,69.5627129156618
2019-08-01,71.1457,102.4718522,103.57438207399157,-1.0644812471137355,1.0759343666782772,70.3883673653722
2019-09-01,71.33366,102.7700241,103.61586517450851,-0.8163239027961233,0.8230425962394206,70.75134628268067
2019-10-01,71.03945,103.7131004,103.65618936050703,0.0549036577980333,-0.05487353022277652,71.07845325652961
2019-11-01,71.4517,103.8286179,103.69531400203464,0.12855344452955553,-0.1283883968230759,71.54355362152492
2019-12-01,71.1926,104.9795028,103.73319890826733,1.2014513240209634,-1.1871878399986824,72.04794443530494
2020-01-01,71.31378,104.0760112,103.76980491696054,0.29508225758398954,-0.29421408402271476,71.52421431199248
2020-02-01,71.48852,103.7744902,103.80510248241198,-0.0294901519096058,0.02949885116561024,71.46743792685406
2020-03-01,74.3507,101.0429696,103.83906442162221,-2.692719582169101,2.7672334183082015,72.3486441416202
2020-04-01,76.236488,102.4142391,103.87166331538587,-1.4031008735854056,1.423067952458057,75.16681317088116
2020-05-01,75.65988,102.6470169,103.90285016969185,-1.2086610402321507,1.2234483841993216,74.7454085073536
2020-06-01,75.72684,101.5053325,103.93256474497174,-2.3353914636164874,2.3912361894600442,73.95832184297348
2020-07-01,74.99339,103.2270672,103.96073711158567,-0.7057182663087525,0.7107340462983558,74.46414794824584
2020-08-01,74.67192,103.0570661,103.98727861124992,-0.8945445285932108,0.9026188561852777,74.00394642524451
2020-09-01,73.481741,105.5668841,104.01209492464743,1.4948157485713098,-1.4728001007207614,74.58015763679238
2020-10-01,73.45811,106.3671939,104.0350845548955,2.241656605636666,-2.1925081029184668,75.10478857519085
2020-11-01,74.21979,104.8518559,104.05615800194145,0.7646812195811536,-0.7588782203506561,74.78733479534257
2020-12-01,73.59365,103.3003957,104.07524376040347,-0.7445075624202047,0.7500920544910139,73.04573971028894
2021-01-01,73.109395,102.9834764,104.09227646454397,-1.0652087764855933,1.0766776412142631,72.33062730802449
2021-02-01,72.75646,103.4846879,104.1071847698595,-0.597938433582279,0.6015352439976862,72.32142116274609
2021-03-01,72.7928,103.9536008,104.11988877629058,-0.15970817703028217,0.15996365206289997,72.6765439461107
2021-04-01,74.472212,102.2146729,104.13030378056118,-1.8396478364243407,1.8741251389957636,73.10218556320466
2021-05-01,73.26774,104.7702598,104.138343796309,0.6068043533772771,-0.6031444466180536,73.71233183594114
2021-06-01,73.55826,104.7942816,104.14390805606928,0.6244950435128516,-0.620619306703396,74.0176276877943
2021-07-01,74.52697,104.879404,104.14690066827232,0.7033366591107981,-0.6984243843792926,75.05114550093451
2021-08-01,74.18459,105.2338976,104.14723075966283,1.043394848245982,-1.0326205387428011,74.9586281902524
2021-09-01,73.56341,106.0359342,104.14481310901736,1.8158572035681164,-1.7834719005876742,74.89921647967536
2021-10-01,74.91528,105.697097,104.13957087988753,1.4956141137828283,-1.4735751163652777,76.03572350105992
2021-11-01,74.49651,106.4656571,104.13144182780873,2.241604678874154,-2.192458428166011,76.16642725375796
2021-12-01,75.37252,105.0581811,104.12037572626481,0.9006934206621686,-0.8926533506634193,76.05139532862727
2022-01-01,74.4416,105.36,104.10634035965991,1.2042106523090013,-1.1898819669135197,75.33803367694925
2022-02-01,75.00313,104.0964417,104.0893107485507,0.006850800911273325,-0.006850331608687643,75.00826831511353
2022-03-01,76.24447,103.3416425,104.06927158679356,-0.6991776493666668,0.7041005631331698,75.71138570688193
2022-04-01,76.16783,105.0322459,104.04620762326762,0.9476926639197192,-0.9387957653225643,76.88966693717684
2022-05-01,77.31928,105.3493913,104.02009799243008,1.277919684008233,-1.2617949578697885,78.30735829865344
2022-06-01,78.07458,104.239494,103.99092943705818,0.23902523449630397,-0.2384552662370032,78.261197947927
2022-07-01,79.60155,103.7234223,103.95869895682202,-0.22631743104032376,0.22683078865401995,79.42139781697172
2022-08-01,79.55505,104.0068009,103.92340546932809,0.08024701490034758,-0.08018267070063478,79.61889055282748
2022-09-01,80.23155,104.9153884,103.88504607677653,0.991810045944419,-0.9820697792159772,81.02729457291692
2022-10-01,82.340117,104.1563771,103.84361852485075,0.3011822773437034,-0.300277893545553,82.58811083954808
2022-11-01,81.81052,103.5273779,103.79912850940642,-0.2618043265958492,0.26249154080661974,81.59633651902944
2022-12-01,82.46421,100.3921038,103.75158413955978,-3.2380038988521154,3.346359138217192,79.7940156650424
2023-01-01,81.89959,100.2387842,103.70099142758606,-3.3386442886649825,3.453959717506283,79.16525401602496
2023-02-01,82.60855,99.38940824,103.6473304638443,-4.108086725233706,4.284080466162465,79.21491912354195
2023-03-01,82.28857,100.1112574,103.59055462413156,-3.3587012220910095,3.4754305504623106,79.5247427937688
2023-04-01,82.02078,100.2732391,103.5305844299068,-3.146263829035101,3.2484692417867667,79.44018986656755
2023-05-01,82.34332,100.8011812,103.4673135561997,-2.576787068847153,2.6449415814977506,80.22150797818057
2023-06-01,82.233657,102.9172548,103.40061054420255,-0.46745927481339766,0.46965471935864755,81.84924814333526
2023-07-01,82.151943,106.1662636,103.33032336309874,2.744538238727734,-2.6712254352156073,84.40663448949282
2023-08-01,82.78539,105.4406355,103.25629625247484,2.1154538045643045,-2.0716294407436053,84.5366766823784
2023-09-01,83.0475,104.1601159,103.17839533417236,0.9514788077950254,-0.9425110152240457,83.83767936290357
2023-10-01,83.23534,105.1540388,103.09650358450237,1.9957371433175553,-1.9566868177179564,84.89649859674665
2023-11-01,83.29801,104.7531731,103.01051155478031,1.691731764959692,-1.6635883130300066,84.70718889474931
2023-12-01,83.2787,103.6058424,102.92032567236497,0.6660654473804373,-0.6616583696008149,83.83339064572762
2024-01-01,83.120981,103.6915013,102.82586581107769,0.8418460492350732,-0.8348181654905917,83.82073169463393
2024-02-01,82.96364,104.7526758,102.72705713422067,1.971845317376042,-1.9337154400206114,84.59955465046471
2024-03-01,82.997627777778,104.5792296,102.62383148438226,1.9054035376912637,-1.8697767454367797,84.57906751365562
2024-04-01,83.406011111111,104.5280007,102.5161363339245,1.9624855540032016,-1.924713332889283,85.04284203033686
2024-05-01,83.39294,104.8459012,102.40393424315786,2.3846417375368523,-2.3291010224462005,85.38156285339906
2024-06-01,83.470915789474,106.3006759,102.28720329603757,3.9237289461778735,-3.775585216163646,86.74608827394536
2024-07-01,83.594654545455,107.468623,102.16594041885651,5.190264543549183,-4.93416816287251,87.93343826063018
2024-08-01,83.89629,105.5326888,102.04017350606034,3.4226865497560377,-3.3094156262411634,86.76779703357431
2024-09-01,83.808215,105.4009975,101.90997136785545,3.4255981875839225,-3.3121376599349106,86.67914769408644
2024-10-01,84.029514,107.3154371,101.7754297628687,5.443364228516856,-5.162358265352762,88.60354650647257
2024-11-01,84.364361,108.0326893,101.63667138665697,6.293021825764655,-5.920446815483493,89.67342865089688
2024-12-01,84.986229,106.9176558,101.49386168174732,5.343962707084682,-5.072870404490004,89.52786138391758
2025-01-01,86.265748,104.491822,101.34721544265683,3.102805088041527,-3.009428390810498,88.94240601818109
2025-02-01,87.05475,102.342402,101.19698931416589,1.1318643900345648,-1.1191966022393363,88.04009171508362
2025-03-01,86.637663,101.7204502,101.04346420499435,0.6699948386886367,-0.6655357832909492,87.21813087046046
2025-04-01,85.561217,101.5589542,100.88692986192294,0.6661163532251546,-0.6617086040031972,86.13115425845547
2025-05-01,85.189685,101.0309967,100.72768125538984,0.30112422010502016,-0.3002201844161001,85.44621177456617
2025-06-01,85.903433,99.92595214,100.56601854120619,-0.636463897538031,0.6405407078928116,85.35668866220924
2025-07-01,86.114622,100.0788096,100.4022442155801,-0.3221388307672046,0.32317991877883756,85.8372133635696
2025-08-01,87.518389473684,98.74886587,100.23665583593571,-1.4842773369962314,1.5066400538658709,86.219373853022
2025-09-01,88.32259047619,97.30965449,100.06954846405968,-2.7579758442208835,2.8361974857729066,85.88667476586654
2025-10-01,88.4164,97.13793203,99.90120568187785,-2.7660063089499975,2.8446906312813436,85.97079679785352
2025-11-01,88.825605263158,97.19855451,99.73188977583787,-2.5401456560503632,2.606350761705256,86.56930550960544
2025-12-01,90.091277272727,95.10709181,99.56184171083136,-4.474354656646263,4.683930310613249,86.06027401284264
2026-01-01,90.799085,94.7813721,99.39128290440996,-4.6381439797326784,4.863730817851253,86.58769270542015
2026-02-01,90.730847368421,93.98910676,99.22040040105514,-5.2723972287049055,5.565851002726507,85.9471566861879
2026-03-01,92.7608,92.56989356,99.04934567494897,-6.541640503323098,6.999524214370245,86.69272193599348
2026-04-01,93.550242105263,90.95792161,98.87822983535338,-8.010163853602403,8.707661834351565,86.05671442718969
