date,value
1990-04-01,23.0
1990-07-01,32.0
1990-10-01,24.0
1991-01-01,22.0
1991-04-01,8.0
1991-07-01,11.0
1991-10-01,39.0
1992-01-01,75.0
1992-04-01,53.0
1992-07-01,213.0
1992-10-01,150.0
1993-01-01,141.0
1993-04-01,247.0
1993-07-01,447.0
1993-10-01,1066.0
1994-01-01,2474.0
1994-04-01,1290.0
1994-07-01,1294.0
1994-10-01,1406.0
1995-01-01,932.0
1995-04-01,796.0
1995-07-01,1044.0
1995-10-01,964.0
1996-01-01,2000.0
1996-04-01,1573.0
1996-07-01,1416.0
1996-10-01,1493.0
1997-01-01,1672.0
1997-04-01,1899.0
1997-07-01,1287.0
1997-10-01,1297.0
1998-01-01,907.0
1998-04-01,481.0
1998-07-01,426.0
1998-10-01,216.0
1999-01-01,1289.0
1999-04-01,1351.0
1999-07-01,1098.0
1999-10-01,746.0
2000-01-01,1996.0
2000-04-01,924.0
2000-07-01,804.0
2000-10-01,704.0
2001-01-01,840.0
2001-04-01,808.0
2001-07-01,1293.0
2001-10-01,1133.0
2002-01-01,1500.0
2002-04-01,1240.0
2002-07-01,532.0
2002-10-01,676.0
2003-01-01,769.0
2003-04-01,386.0
2003-07-01,702.0
2003-10-01,587.0
2004-01-01,713.0
2004-04-01,963.0
2004-07-01,1334.0
2004-10-01,582.0
2005-01-01,834.0
2005-04-01,1350.0
2005-07-01,1076.0
2005-10-01,1368.0
2006-01-01,-760.0
2006-04-01,1738.0
2006-07-01,2116.0
2006-10-01,2898.0
2007-01-01,941.0
2007-04-01,2874.0
2007-07-01,2266.0
2007-10-01,2120.0
2008-01-01,8633.0
2008-04-01,8944.219014
2008-07-01,6159.158998999999
2008-10-01,2940.9047539999997
2009-01-01,4328.0177889999995
2009-04-01,4970.349211
2009-07-01,7425.001746
2009-10-01,2790.970762
2010-01-01,2779.785419
2010-04-01,3643.922320999999
2010-07-01,3694.3193459999998
2010-10-01,1310.381379
2011-01-01,3185.515212
2011-04-01,9256.064035
2011-07-01,6485.066734
2011-10-01,4963.136465
2012-01-01,1356.4089179999999
2012-04-01,3821.004481
2012-07-01,8159.185085
2012-10-01,2105.6777509999997
2013-01-01,5733.481200000002
2013-04-01,6487.772583999999
2013-07-01,8100.536059999999
2013-10-01,6066.295488
2014-01-01,909.5406839999999
2014-04-01,7592.492762999999
2014-07-01,7474.681323
2014-10-01,6913.451677999999
2015-01-01,9270.755858
2015-04-01,10002.775867999999
2015-07-01,6519.436073999999
2015-10-01,10702.248690999999
2016-01-01,8796.530443
2016-04-01,3881.351665560599
2016-07-01,16999.6030694873
2016-10-01,9733.7937626406
2017-01-01,4997.4323398914985
2017-04-01,7143.792978893999
2017-07-01,12411.375399935
2017-10-01,4323.3403345937
2018-01-01,6407.574082132999
2018-04-01,9572.506868797698
2018-07-01,7410.3298523492995
2018-10-01,7309.2503977459
2019-01-01,6419.897138697799
2019-04-01,13992.5180824891
2019-07-01,7314.4625873100595
2019-10-01,9743.0675135183
2020-01-01,11963.139705815
2020-04-01,-527.938365591119
2020-07-01,24424.469697917702
2020-10-01,17380.0263526827
2021-01-01,2678.5382781867397
2021-04-01,11554.0958270009
2021-07-01,8697.26435610762
2021-10-01,4558.644662142749
2022-01-01,13776.5015030252
2022-04-01,13392.4482471604
2022-07-01,6208.9564241812395
2022-10-01,2030.10251166001
2023-01-01,6354.77652982948
2023-04-01,4729.868741167
2023-07-01,-833.4860743049999
2023-10-01,3956.4675568879998
2024-01-01,2298.72925034
2024-04-01,6223.664266186
2024-07-01,-2820.9479814320002
2024-10-01,-2810.1983514679996
2025-01-01,366.378505218
2025-04-01,4867.205844911
2025-07-01,2875.8539809369995
