date,current_account,merch_balance,private_transfers,capital_account,fdi_bop,portfolio_bop,reserve_change,goods_credit,goods_debit,services_credit,services_debit
2011-04-01,-17442.0,-44887.0,14779.0,23824.0,9256.0,2263.0,-5442.0,78764.0,123651.0,33723.0,17427.0
2011-07-01,-18876.0,-44511.0,15618.0,19550.0,6485.0,-1401.0,-276.0,79577.0,124088.0,32295.0,18320.0
2011-10-01,-20156.0,-48645.0,16208.0,7883.0,4963.0,1814.0,12812.0,71459.0,120104.0,37252.0,21144.0
2012-01-01,-21706.0,-51647.0,16864.0,16524.0,1356.0,13896.0,5738.0,80043.0,131690.0,37665.0,20016.0
2012-04-01,-16932.0,-43849.0,16808.0,16374.0,3821.0,-2016.0,-522.0,75001.0,118850.0,35773.0,20791.0
2012-07-01,-20976.0,-47793.0,16076.0,20593.0,8159.0,7633.0,158.0,72573.0,120366.0,35023.0,18695.0
2012-10-01,-31857.0,-58378.0,15670.0,31557.0,2106.0,9773.0,-781.0,74236.0,132613.0,37063.0,20418.0
2013-01-01,-18078.0,-45635.0,15788.0,20457.0,5733.0,11314.0,-2681.0,84772.0,130408.0,37819.0,20859.0
2013-04-01,-21751.0,-50484.0,16792.0,20518.0,6488.0,-245.0,346.0,73909.0,124393.0,36581.0,19686.0
2013-07-01,-5113.0,-33305.0,16283.0,-4789.0,8101.0,-6602.0,10355.0,81243.0,114548.0,36907.0,18488.0
2013-10-01,-4181.0,-33152.0,16208.0,23892.0,6066.0,2390.0,-19103.0,79795.0,112947.0,37857.0,19689.0
2014-01-01,-1212.0,-30668.0,16199.0,9127.0,910.0,9258.0,-7106.0,83660.0,114328.0,40468.0,20884.0
2014-04-01,-7462.0,-35093.0,16630.0,18784.0,7592.0,12440.0,-11179.0,81532.0,116624.0,38161.0,20591.0
2014-07-01,-10945.0,-39652.0,16513.0,17524.0,7475.0,9762.0,-6897.0,83093.0,122745.0,38641.0,19715.0
2014-10-01,-7696.0,-38635.0,16521.0,22844.0,6913.0,6280.0,-13182.0,80102.0,118736.0,39926.0,19929.0
2015-01-01,-687.0,-31560.0,16600.0,30065.0,9271.0,12452.0,-30149.0,71818.0,103379.0,41380.0,21344.0
2015-04-01,-6119.0,-34175.0,16267.0,18624.0,10003.0,-50.0,-11430.0,68025.0,102200.0,38266.0,20515.0
2015-07-01,-8539.0,-37173.0,16421.0,8102.0,6519.0,-3469.0,856.0,67573.0,104746.0,38728.0,20893.0
2015-10-01,-7112.0,-33975.0,15305.0,10905.0,10702.0,554.0,-4056.0,64937.0,98913.0,37904.0,19891.0
2016-01-01,-318.0,-24755.0,15146.0,3434.0,8797.0,-1538.0,-3274.0,65831.0,90586.0,39413.0,23336.0
2016-04-01,-383.0,-23835.0,14161.0,7163.0,3881.0,2103.0,-6969.0,66618.0,90453.0,39381.0,23636.0
2016-07-01,-3450.0,-25612.0,14048.0,12818.0,17000.0,6050.0,-8512.0,67411.0,93023.0,40880.0,24586.0
2016-10-01,-7964.0,-33273.0,13996.0,6062.0,9734.0,-11341.0,1242.0,68755.0,102028.0,42145.0,24365.0
2017-01-01,-2554.0,-29722.0,14368.0,10339.0,4997.0,10799.0,-7312.0,77354.0,107076.0,41791.0,23265.0
2017-04-01,-14966.0,-41936.0,14603.0,26933.0,7144.0,12452.0,-11405.0,73130.0,115066.0,45916.0,27607.0
2017-07-01,-6944.0,-32455.0,15776.0,16879.0,12411.0,2066.0,-9499.0,76082.0,108536.0,47409.0,29032.0
2017-10-01,-13704.0,-44022.0,16167.0,22517.0,4323.0,5322.0,-9434.0,77541.0,121564.0,50179.0,29467.0
2018-01-01,-13047.0,-41623.0,16402.0,25005.0,6408.0,2276.0,-13237.0,82218.0,123841.0,51585.0,31421.0
2018-04-01,-15782.0,-45751.0,17216.0,4766.0,9573.0,-8145.0,11338.0,83389.0,129140.0,48200.0,29524.0
2018-07-01,-19033.0,-50037.0,19511.0,16583.0,7410.0,-1618.0,1868.0,83399.0,133436.0,50094.0,29839.0
2018-10-01,-17738.0,-49281.0,17558.0,13756.0,7309.0,-2111.0,4296.0,83082.0,132363.0,55075.0,33397.0
2019-01-01,-4628.0,-35214.0,16317.0,19222.0,6420.0,9436.0,-14162.0,87367.0,122581.0,54630.0,33299.0
2019-04-01,-14977.0,-46774.0,18224.0,28596.0,13993.0,4843.0,-13984.0,82707.0,129481.0,52196.0,32120.0
2019-07-01,-7553.0,-39650.0,20188.0,13553.0,7314.0,2476.0,-5118.0,79952.0,119602.0,52777.0,31836.0
2019-10-01,-2605.0,-36040.0,19132.0,23601.0,9743.0,7829.0,-21601.0,81245.0,117285.0,55158.0,33280.0
2020-01-01,584.0,-35042.0,18673.0,17324.0,11963.0,-13745.0,-18794.0,76527.0,111569.0,53060.0,31033.0
2020-04-01,19083.0,-10990.0,17217.0,1350.0,-528.0,642.0,-19846.0,52210.0,63200.0,46953.0,26195.0
2020-07-01,15275.0,-14816.0,18619.0,15918.0,24424.0,6998.0,-31568.0,75591.0,90407.0,49793.0,28707.0
2020-10-01,-2212.0,-34602.0,19494.0,34119.0,17380.0,21217.0,-32483.0,77218.0,111820.0,53339.0,30103.0
2021-01-01,-8135.0,-41745.0,19108.0,12235.0,2679.0,7280.0,-3389.0,91281.0,133025.0,56004.0,32520.0
2021-04-01,6581.0,-30715.0,19222.0,25370.0,11554.0,402.0,-31870.0,97448.0,128163.0,56217.0,30408.0
2021-07-01,-9712.0,-44511.0,19212.0,39600.0,8697.0,3877.0,-31189.0,104769.0,149280.0,61418.0,35839.0
2021-10-01,-22156.0,-59750.0,21447.0,22489.0,4559.0,-5842.0,-465.0,108927.0,168677.0,67016.0,39207.0
2022-01-01,-13404.0,-54483.0,21350.0,-1727.0,13777.0,-15215.0,16024.0,118020.0,172503.0,69876.0,41557.0
2022-04-01,-17945.0,-63054.0,23065.0,22036.0,13392.0,-14630.0,-4595.0,122797.0,185851.0,76093.0,45024.0
2022-07-01,-30885.0,-78313.0,24991.0,1444.0,6209.0,6532.0,30379.0,111852.0,190165.0,79981.0,45555.0
2022-10-01,-16817.0,-71337.0,28641.0,28871.0,2030.0,4611.0,-11069.0,105603.0,176940.0,83421.0,44708.0
2023-01-01,-1336.0,-52587.0,25080.0,6520.0,6355.0,-1664.0,-5579.0,115821.0,168408.0,85833.0,46758.0
2023-04-01,-8942.0,-56701.0,23073.0,33801.0,4730.0,15731.0,-24432.0,104936.0,161637.0,80569.0,45449.0
2023-07-01,-11262.0,-64546.0,25170.0,12835.0,-833.0,4947.0,-2519.0,108254.0,172800.0,83352.0,43411.0
2023-10-01,-10415.0,-71646.0,29438.0,17174.0,3956.0,12012.0,-5998.0,106626.0,178272.0,87785.0,42779.0
2024-01-01,4586.0,-52019.0,28950.0,25524.0,2299.0,11392.0,-30754.0,121626.0,173645.0,89356.0,46672.0
2024-04-01,-4454.0,-59794.0,26598.0,8907.0,6224.0,945.0,-5226.0,115169.0,174963.0,88634.0,48784.0
2024-07-01,-20832.0,-88530.0,32683.0,40016.0,-2821.0,19850.0,-18614.0,100645.0,189176.0,93406.0,48945.0
2024-10-01,-11315.0,-79309.0,33427.0,-27640.0,-2810.0,-11372.0,37660.0,109817.0,189126.0,103487.0,52277.0
2025-01-01,13654.0,-59314.0,31848.0,-5944.0,366.0,-5859.0,-8789.0,116450.0,175764.0,102026.0,48711.0
2025-04-01,-3360.0,-68887.0,31216.0,9233.0,5244.0,1608.0,-4508.0,112682.0,181568.0,97411.0,49509.0
2025-07-01,-14465.0,-89098.0,36628.0,2868.0,2106.0,-5747.0,10917.0,109001.0,198100.0,101605.0,50734.0
2025-10-01,-16057.0,-95875.0,35367.0,-6045.0,-5131.0,-177.0,24409.0,111332.0,207207.0,111212.0,53726.0
2026-01-01,6492.0,-83436.0,41583.0,-158.0,4492.0,-13559.0,-7219.0,113133.0,196569.0,111065.0,50709.0
