date,index,inflation,provisional
2025-01-01,101.67,,False
2025-02-01,101.32,,False
2025-03-01,101.39,,False
2025-04-01,101.58,,False
2025-05-01,101.9,,False
2025-06-01,102.51,,False
2025-07-01,103.35,,False
2025-08-01,103.74,,False
2025-09-01,103.74,,False
2025-10-01,103.74,,False
2025-11-01,104.01,,False
2025-12-01,104.1,,False
2026-01-01,104.45,2.73,False
2026-02-01,104.57,3.21,False
2026-03-01,104.84,3.4,False
2026-04-01,105.12,3.48,False
2026-05-01,105.91,3.94,False
2026-06-01,107.0,4.38,False
2026-07-01,107.95,4.45,False
2026-08-01,108.74,4.82,True
