date,gdp_real
1996-04-01,1253009.4262083948
1996-07-01,1155326.9190435223
1996-10-01,1438268.7974610184
1997-01-01,1459531.61238741
1997-04-01,1293864.221999911
1997-07-01,1211248.251321867
1997-10-01,1489058.2822654722
1998-01-01,1527106.8509656717
1998-04-01,1375822.1808082669
1998-07-01,1305837.4575895295
1998-10-01,1571009.7899770665
1999-01-01,1610577.591964634
1999-04-01,1482639.4409876326
1999-07-01,1408903.4050019972
1999-10-01,1677381.9244798787
2000-01-01,1727455.3375437895
2000-04-01,1560342.9014816815
2000-07-01,1502395.9248201794
2000-10-01,1741089.7305495325
2001-01-01,1746324.7955716096
2001-04-01,1620228.432720059
2001-07-01,1567842.3014670974
2001-10-01,1850622.902465552
2002-01-01,1853174.3112347838
2002-04-01,1702367.022237741
2002-07-01,1651629.14620738
2002-10-01,1887123.207942956
2003-01-01,1910363.2840267925
2003-04-01,1785837.7632367031
2003-07-01,1785411.9908504344
2003-10-01,2098767.5649507195
2004-01-01,2080104.542019272
2004-04-01,1933696.901013673
2004-07-01,1954422.3652700542
2004-10-01,2192395.24475572
2005-01-01,2278272.246171326
2005-04-01,2112058.6118793553
2005-07-01,2119447.488674826
2005-10-01,2389128.6011358905
2006-01-01,2514254.82109101
2006-04-01,2268477.988339507
2006-07-01,2336455.1392348926
2006-10-01,2615559.2610076964
2007-01-01,2760650.4013759787
2007-04-01,2513692.792081445
2007-07-01,2550018.4285253324
2007-10-01,2891427.8488034187
2008-01-01,3004292.5551370243
2008-04-01,2716902.3726452244
2008-07-01,2721775.0094712675
2008-10-01,2935802.3594118073
2009-01-01,3011379.7925099307
2009-04-01,2852580.8161606584
2009-07-01,2911153.0045473636
2009-10-01,3176848.3516470194
2010-01-01,3410747.8098707017
2010-04-01,3146208.6698807687
2010-07-01,3192954.4530677227
2010-10-01,3516484.3899318976
2011-01-01,3762944.706677556
2011-04-01,3407942.8210523236
2011-07-01,3310717.490962084
2011-10-01,3606100.0093647563
2012-01-01,3833515.494794598
2012-04-01,3573830.5563090052
2012-07-01,3558795.142554012
2012-10-01,3799978.069856053
2013-01-01,3998203.719354582
2013-04-01,3804238.9370670044
2013-07-01,3819930.5885998677
2013-10-01,4048305.9760299693
2014-01-01,4211826.949954792
2014-04-01,4109489.6625205395
2014-07-01,4152421.5172492145
2014-10-01,4288076.458892198
2015-01-01,4511375.448113554
2015-04-01,4421505.175849303
2015-07-01,4486018.841072034
2015-10-01,4596707.228700465
2016-01-01,4921400.188433169
2016-04-01,4805282.36095647
2016-07-01,4919808.4559484115
2016-10-01,4990898.2556811115
2017-01-01,5230923.02409215
2017-04-01,5099017.424180138
2017-07-01,5181440.89605439
2017-10-01,5323725.179048729
2018-01-01,5698196.628931002
2018-04-01,5481426.426533273
2018-07-01,5516015.922232585
2018-10-01,5655578.41923457
2019-01-01,6024187.197793745
2019-04-01,5760725.289598819
2019-07-01,5753114.764704229
2019-10-01,5839703.866016877
2020-01-01,6201594.27342806
2020-04-01,4428031.678362722
2020-07-01,5417177.873697986
2020-10-01,5943363.411415336
2021-01-01,6405613.875152678
2021-04-01,5430262.298711397
2021-07-01,5951628.933256644
2021-10-01,6271976.430634559
2022-01-01,6690845.968559487
2022-04-01,6162845.93
2022-07-01,6045123.2
2022-10-01,6828275.97
2023-01-01,7140756.36
2023-04-01,6568527.37
2023-07-01,6500703.36
2023-10-01,7352703.32
2024-01-01,7672424.27
2024-04-01,7061843.45
2024-07-01,6975106.61
2024-10-01,7898064.65
2025-01-01,8180413.15
2025-04-01,7546229.74
2025-07-01,7541258.41
2025-10-01,8502278.23
2026-01-01,8880333.73
2026-04-01,8136153.44
