date,mean,count
2011-01-01,45.3945,20
2011-02-01,45.43684210526315,19
2011-03-01,44.98954545454546,22
2011-04-01,44.368125,16
2011-05-01,44.904761904761905,21
2011-06-01,44.85181818181818,22
2011-07-01,44.415933333333335,21
2011-08-01,45.27853,20
2011-09-01,47.63801,20
2011-10-01,49.2569,18
2011-11-01,50.84332,20
2011-12-01,52.667790476190476,21
2012-01-01,51.34605714285714,21
2012-02-01,49.16346315789474,19
2012-03-01,50.32301,20
2012-04-01,51.80292222222222,18
2012-05-01,54.473527272727274,22
2012-06-01,56.03021428571428,21
2012-07-01,55.49475454545455,22
2012-08-01,55.55979047619047,21
2012-09-01,54.60551578947368,19
2012-10-01,53.02392999999999,20
2012-11-01,54.77581052631579,19
2012-12-01,54.6478,20
2013-01-01,54.31679545454545,22
2013-02-01,53.773715789473684,19
2013-03-01,54.40461578947368,19
2013-04-01,54.375705555555555,18
2013-05-01,55.010809090909085,22
2013-06-01,58.46094761904762,21
2013-07-01,59.790156521739135,23
2013-08-01,63.208845,20
2013-09-01,63.75214,20
2013-10-01,61.61555714285714,21
2013-11-01,62.63295789473684,19
2013-12-01,61.910314285714286,21
2014-01-01,62.07597272727273,22
2014-02-01,62.25401111111111,18
2014-03-01,61.01398947368422,19
2014-04-01,60.35662352941176,17
2014-05-01,59.305015000000004,20
2014-06-01,59.730700000000006,21
2014-07-01,60.058568181818174,22
2014-08-01,60.89517222222222,18
2014-09-01,60.86492272727273,22
2014-10-01,61.34199411764706,17
2014-11-01,61.70417777777777,18
2014-12-01,62.752950000000006,22
2015-01-01,62.225928571428575,21
2015-02-01,62.037611111111104,18
2015-03-01,62.44983809523809,21
2015-04-01,62.75316111111111,18
2015-05-01,63.800326315789476,19
2015-06-01,63.860736363636356,22
2015-07-01,63.63497826086956,23
2015-08-01,65.07233,20
2015-09-01,66.21781,20
2015-10-01,65.05800500000001,20
2015-11-01,66.11709444444445,18
2015-12-01,66.59551428571429,21
2016-01-01,67.25233,20
2016-02-01,68.237665,20
2016-03-01,67.02185,20
2016-04-01,66.46953125,16
2016-05-01,66.90673181818183,22
2016-06-01,67.29686363636364,22
2016-07-01,67.207625,20
2016-08-01,66.93964285714286,21
2016-09-01,66.73773,20
2016-10-01,66.74768888888889,18
2016-11-01,67.6256619047619,21
2016-12-01,67.90043333333334,21
2017-01-01,68.08036666666666,21
2017-02-01,67.07544999999999,18
2017-03-01,65.87665714285716,21
2017-04-01,64.50708888888889,18
2017-05-01,64.42483809523809,21
2017-06-01,64.44299047619047,21
2017-07-01,64.45588095238095,21
2017-08-01,63.968385,20
2017-09-01,64.44094761904762,21
2017-10-01,65.08128421052632,19
2017-11-01,64.86261363636363,22
2017-12-01,64.24232105263158,19
2018-01-01,63.63689545454545,22
2018-02-01,64.37383888888888,18
2018-03-01,65.02133157894737,19
2018-04-01,65.63634736842106,19
2018-05-01,67.53935909090909,22
2018-06-01,67.79306666666666,21
2018-07-01,68.69335909090908,22
2018-08-01,69.54651,20
2018-09-01,72.21528333333333,18
2018-10-01,73.63230476190476,21
2018-11-01,71.85423888888889,18
2018-12-01,70.73107,20
2019-01-01,70.73286956521738,23
2019-02-01,71.22176842105263,19
2019-03-01,69.47864736842105,19
2019-04-01,69.42740555555555,18
2019-05-01,69.77312272727272,22
2019-06-01,69.43886315789474,19
2019-07-01,68.80830434782608,23
2019-08-01,71.145695,20
2019-09-01,71.33366315789473,19
2019-10-01,71.03944736842105,19
2019-11-01,71.451695,20
2019-12-01,71.19260476190476,21
2020-01-01,71.31378260869566,23
2020-02-01,71.48851666666667,18
2020-03-01,74.35069999999999,20
2020-04-01,76.23648823529412,17
2020-05-01,75.65987777777778,18
2020-06-01,75.72683636363637,22
2020-07-01,74.99339130434782,23
2020-08-01,74.6719238095238,21
2020-09-01,73.47124761904762,21
2020-10-01,73.47511052631579,19
2020-11-01,74.2197894736842,19
2020-12-01,73.59364545454545,22
2021-01-01,73.10357368421053,19
2021-02-01,72.75646315789474,19
2021-03-01,72.7928,21
2021-04-01,74.47221176470588,17
2021-05-01,73.26774210526315,19
2021-06-01,73.55825909090909,22
2021-07-01,74.52696666666667,21
2021-08-01,74.18459,20
2021-09-01,73.56340952380953,21
2021-10-01,74.91528421052631,19
2021-11-01,74.49651052631579,19
2021-12-01,75.37252173913043,23
2022-01-01,74.4416,20
2022-02-01,75.00312631578947,19
2022-03-01,76.24447142857143,21
2022-04-01,76.16783333333333,18
2022-05-01,77.319275,20
2022-06-01,78.07457727272727,22
2022-07-01,79.60155238095237,21
2022-08-01,79.55504736842106,19
2022-09-01,80.23155454545454,22
2022-10-01,82.34011666666667,18
2022-11-01,81.81051904761905,21
2022-12-01,82.46421363636364,22
2023-01-01,81.93266315789474,19
2023-02-01,82.608545,20
2023-03-01,82.28857,20
2023-04-01,82.02078235294118,17
2023-05-01,82.34332380952381,21
2023-06-01,82.23365714285714,21
2023-07-01,82.15194285714286,21
2023-08-01,82.78538571428571,21
2023-09-01,83.04746,20
2023-10-01,83.23533499999999,20
2023-11-01,83.298005,20
2023-12-01,83.27871999999999,20
2024-01-01,83.12098095238096,21
2024-02-01,82.96364,20
2024-03-01,82.99762777777778,18
2024-04-01,83.40601111111111,18
2024-05-01,83.39294,20
2024-06-01,83.47091578947368,19
2024-07-01,83.59465454545455,22
2024-08-01,83.89629047619049,21
2024-09-01,83.80821499999999,20
2024-10-01,84.02951363636363,22
2024-11-01,84.36436111111112,18
2024-12-01,84.98622857142857,21
2025-01-01,86.26574782608695,23
2025-02-01,87.05475,18
2025-03-01,86.63766315789474,19
2025-04-01,85.56121666666667,18
2025-05-01,85.189685,20
2025-06-01,85.90343333333333,21
2025-07-01,86.11462173913044,23
2025-08-01,87.51838947368421,19
2025-09-01,88.32259047619047,21
2025-10-01,88.4164,20
2025-11-01,88.8256052631579,19
2025-12-01,90.09127727272727,22
2026-01-01,90.799085,20
2026-02-01,90.73084736842105,19
2026-03-01,92.7608,18
2026-04-01,93.55024210526317,19
2026-05-01,95.5975,19
2026-06-01,94.96954761904762,21
2026-07-01,95.8209695652174,23
2026-08-01,95.47411,20
2026-09-01,95.40691052631578,19
