date,net_purchase,purchase,sale,fwd_book,gross_fixed
1995-06-01,36.0,36.0,0.0,0.0,False
1995-07-01,338.18,338.18,0.0,0.0,False
1995-08-01,0.0,0.0,0.0,0.0,False
1995-09-01,0.0,0.0,0.0,0.0,False
1995-10-01,-785.0,6.5,791.5,-20.0,False
1995-11-01,-111.0,290.0,401.0,-248.0,False
1995-12-01,-56.0,272.0,328.0,-456.0,False
1996-01-01,-402.0,1368.0,1770.0,-2236.0,False
1996-02-01,-328.0,140.0,468.0,-2316.0,False
1996-03-01,960.0,1135.0,175.0,-2216.0,False
1996-04-01,368.0,577.0,209.0,-2007.0,False
1996-05-01,101.0,336.0,235.0,-2058.0,False
1996-06-01,785.0,1150.0,365.0,-1799.0,False
1996-07-01,294.0,1192.0,898.0,-1732.0,False
1996-08-01,247.5,822.5,575.0,-1107.0,False
1996-09-01,672.0,672.0,0.0,-1157.0,False
1996-10-01,840.5,840.5,0.0,-1157.0,False
1996-11-01,132.5,415.5,283.0,-874.0,False
1996-12-01,551.0,1410.0,859.0,-874.0,False
1997-01-01,550.0,565.0,15.0,-859.0,False
1997-02-01,929.5,929.5,0.0,-1259.0,False
1997-03-01,2329.0,2329.0,0.0,-345.0,False
1997-04-01,641.0,641.0,0.0,25.0,False
1997-05-01,1393.0,1759.0,366.0,112.0,False
1997-06-01,1335.0,1828.0,493.0,158.0,False
1997-07-01,1185.0,1185.0,0.0,40.0,False
1997-08-01,872.0,1363.0,491.0,-40.0,False
1997-09-01,-978.0,432.0,1410.0,-944.0,False
1997-10-01,189.0,552.0,363.0,-663.0,False
1997-11-01,-1590.0,724.0,2314.0,-1396.0,False
1997-12-01,-407.0,812.0,1219.0,-1956.0,False
1998-01-01,422.0,2532.0,2110.0,-3190.0,False
1998-02-01,-681.0,1041.0,1722.0,-2373.0,False
1998-03-01,1449.0,2194.0,745.0,-1792.0,False
1998-04-01,201.0,1159.0,958.0,-1427.0,False
1998-05-01,-754.0,800.0,1554.0,-1415.0,False
1998-06-01,-1627.0,4848.0,6475.0,-1634.0,False
1998-07-01,-121.0,4457.0,4578.0,-1774.0,False
1998-08-01,542.0,5460.0,4918.0,-1266.0,False
1998-09-01,760.0,2863.0,2103.0,-1216.0,False
1998-10-01,95.0,1060.0,965.0,-1155.0,False
1998-11-01,75.0,538.0,463.0,-1260.0,False
1998-12-01,-84.0,1228.0,1312.0,-1294.0,False
1999-01-01,477.0,1718.0,1241.0,-1031.0,False
1999-02-01,858.0,1588.0,730.0,-801.0,False
1999-03-01,1420.0,3027.0,1607.0,-802.0,False
1999-04-01,38.0,2437.0,2399.0,-732.0,False
1999-05-01,974.5,2542.5,1568.0,-732.0,False
1999-06-01,-156.75,2348.0,2504.75,-972.0,False
1999-07-01,-363.0,1796.0,2159.0,-877.0,False
1999-08-01,-241.7,1770.0,2011.7,-997.0,False
1999-09-01,-525.55,1345.0,1870.55,-997.0,False
1999-10-01,-9.99,1338.5,1348.49,-912.0,False
1999-11-01,620.8,1748.8,1128.0,-744.0,False
1999-12-01,351.25,1904.25,1553.0,-744.0,False
2000-01-01,169.5,1254.0,1084.5,-922.0,False
2000-02-01,743.5,1872.5,1129.0,-825.0,False
2000-03-01,1648.18,3720.0,2071.82,-675.0,False
2000-04-01,368.0,2272.0,1904.0,-670.0,False
2000-05-01,-897.15,3183.0,4080.15,-1380.0,False
2000-06-01,-1051.2,2780.0,3831.2,-1693.0,False
2000-07-01,-408.75,2426.0,2834.75,-1903.0,False
2000-08-01,-466.75,1183.5,1650.25,-2225.0,False
2000-09-01,-287.09,728.0,1015.09,-2225.0,False
2000-10-01,-494.0,510.5,1004.5,-2225.0,False
2000-11-01,3686.11,8078.61,4392.5,-2025.0,False
2000-12-01,-155.14,2049.36,2204.5,-1643.0,False
2001-01-01,831.55,2166.25,1334.7,-1638.0,False
2001-02-01,623.94,1080.44,456.5,-1438.0,False
2001-03-01,606.32,1745.0,1138.68,-1259.0,False
2001-04-01,-18.25,1608.5,1626.75,-1160.0,False
2001-05-01,468.75,1082.25,613.5,-980.0,False
2001-06-01,36.27,1205.5,1169.23,-800.0,False
2001-07-01,-271.66,859.0,1130.66,-620.0,False
2001-08-01,681.75,1733.75,1052.0,-475.0,False
2001-09-01,-894.11,1432.0,2326.11,-800.0,False
2001-10-01,237.33,1280.75,1043.42,-740.0,False
2001-11-01,1542.05,2977.05,1435.0,-450.0,False
2001-12-01,1040.43,2381.6,1341.17,-400.0,False
2002-01-01,1391.2,2781.7,1390.5,-200.0,False
2002-02-01,566.75,1769.25,1202.5,-200.0,False
2002-03-01,2282.51,3710.55,1428.04,-400.0,False
2002-04-01,476.5,2082.0,1605.5,-400.0,False
2002-05-01,86.0,1232.5,1146.5,-400.0,False
2002-06-01,240.75,812.0,571.25,-400.0,False
2002-07-01,1829.05,2514.05,685.0,-400.0,False
2002-08-01,1178.75,2637.75,1459.0,-200.0,False
2002-09-01,965.13,2921.5,1956.37,475.0,False
2002-10-01,1171.0,2593.5,1422.5,638.0,False
2002-11-01,2114.5,3086.5,972.0,812.0,False
2002-12-01,1678.98,3230.5,1551.52,2260.0,False
2003-01-01,1784.5,2830.5,1046.0,2872.0,False
2003-02-01,2334.5,3505.5,1171.0,2577.0,False
2003-03-01,1849.42,3188.5,1339.08,2420.0,False
2003-04-01,1431.5,2942.5,1511.0,3281.0,False
2003-05-01,2342.0,3978.0,1636.0,4186.0,False
2003-06-01,896.42,1878.5,982.08,3866.0,False
2003-07-01,3145.5,6095.5,2950.0,4549.0,False
2003-08-01,2351.5,3711.5,1360.0,4803.0,False
2003-09-01,2344.58,6574.0,4229.42,1412.0,False
2003-10-01,1593.28,6821.0,5227.72,981.0,False
2003-11-01,3449.0,4029.0,580.0,518.0,False
2003-12-01,2888.1,3372.5,484.4,740.0,False
2004-01-01,3293.5,4321.5,1028.0,1101.0,False
2004-02-01,3356.5,5519.5,2163.0,763.0,False
2004-03-01,3381.5,6170.5,2789.0,1392.0,False
2004-04-01,7426.5,10758.5,3332.0,311.0,False
2004-05-01,-220.0,3219.5,3439.5,125.0,False
2004-06-01,-413.45,969.5,1382.95,115.0,False
2004-07-01,-1179.5,0.0,1179.5,115.0,False
2004-08-01,-875.5,5.0,880.5,110.0,False
2004-09-01,19.0,143.0,124.0,5.0,False
2004-10-01,-99.0,5.0,104.0,0.0,False
2004-11-01,3791.5,3791.5,0.0,0.0,False
2004-12-01,1393.28,1501.5,108.22,0.0,False
2005-01-01,0.0,0.0,0.0,0.0,False
2005-02-01,4974.0,4974.0,0.0,0.0,False
2005-03-01,6030.0,6030.0,0.0,0.0,False
2005-04-01,0.0,0.0,0.0,0.0,False
2005-05-01,0.0,0.0,0.0,0.0,False
2005-06-01,-103.64,0.0,103.64,0.0,False
2005-07-01,2473.0,2473.0,0.0,0.0,False
2005-08-01,1552.0,2003.0,451.0,0.0,False
2005-09-01,0.0,0.0,0.0,0.0,False
2005-10-01,0.0,0.0,0.0,0.0,False
2005-11-01,0.0,0.0,0.0,0.0,False
2005-12-01,-6541.48,0.0,6541.48,0.0,False
2006-01-01,0.0,0.0,0.0,0.0,False
2006-02-01,2614.0,2614.0,0.0,0.0,False
2006-03-01,8149.0,8149.0,0.0,0.0,False
2006-04-01,4305.0,4305.0,0.0,0.0,False
2006-05-01,504.0,504.0,0.0,0.0,False
2006-06-01,0.0,0.0,0.0,0.0,False
2006-07-01,0.0,0.0,0.0,0.0,False
2006-08-01,0.0,0.0,0.0,0.0,False
2006-09-01,0.0,0.0,0.0,0.0,False
2006-10-01,0.0,0.0,0.0,0.0,False
2006-11-01,3198.0,3198.0,0.0,0.0,False
2006-12-01,1818.0,1818.0,0.0,0.0,False
2007-01-01,2830.0,2830.0,0.0,0.0,False
2007-02-01,11862.0,11862.0,0.0,0.0,False
2007-03-01,2307.0,2307.0,0.0,0.0,False
2007-04-01,2055.0,2055.0,0.0,0.0,False
2007-05-01,4426.0,4426.0,0.0,0.0,False
2007-06-01,3192.0,3192.0,0.0,0.0,False
2007-07-01,11428.0,11428.0,0.0,0.0,False
2007-08-01,1815.0,1815.0,0.0,0.0,False
2007-09-01,11867.0,11867.0,0.0,0.0,False
2007-10-01,12544.0,12544.0,0.0,4990.0,False
2007-11-01,7827.0,7827.0,0.0,7553.0,False
2007-12-01,2731.0,2731.0,0.0,8238.0,False
2008-01-01,13625.0,13625.0,0.0,16629.0,False
2008-02-01,3884.0,3884.0,0.0,16178.0,False
2008-03-01,2809.0,4302.0,1493.0,14735.0,False
2008-04-01,4325.0,4325.0,0.0,17095.0,False
2008-05-01,148.0,1625.0,1477.0,15470.0,False
2008-06-01,-5229.0,1770.0,6999.0,13700.0,False
2008-07-01,-6320.0,3580.0,9900.0,11910.0,False
2008-08-01,1210.0,3770.0,2560.0,9925.0,False
2008-09-01,-3784.0,2695.0,6479.0,2300.0,False
2008-10-01,-18666.0,1960.0,20626.0,90.0,False
2008-11-01,-3101.0,2355.0,5456.0,-487.0,False
2008-12-01,-318.0,2005.0,2323.0,-1752.0,False
2009-01-01,-29.0,1055.0,1084.0,-1723.0,False
2009-02-01,230.0,1063.0,833.0,-1953.0,False
2009-03-01,-3388.0,360.0,3748.0,-2042.0,False
2009-04-01,-2487.0,204.0,2691.0,-1071.0,False
2009-05-01,-1437.0,923.0,2360.0,131.0,False
2009-06-01,1044.0,1279.0,235.0,745.0,False
2009-07-01,-55.0,570.0,625.0,800.0,False
2009-08-01,181.0,415.0,234.0,619.0,False
2009-09-01,80.0,260.0,180.0,539.0,False
2009-10-01,75.0,125.0,50.0,435.0,False
2009-11-01,-36.0,234.0,270.0,500.0,False
2009-12-01,0.0,0.0,0.0,525.0,False
2010-01-01,0.0,0.0,0.0,525.0,False
2010-02-01,0.0,0.0,0.0,525.0,False
2010-03-01,0.0,0.0,0.0,370.0,False
2010-04-01,0.0,0.0,0.0,370.0,False
2010-05-01,0.0,0.0,0.0,370.0,False
2010-06-01,110.0,370.0,260.0,260.0,False
2010-07-01,0.0,0.0,0.0,260.0,False
2010-08-01,0.0,0.0,0.0,260.0,False
2010-09-01,260.0,260.0,0.0,0.0,False
2010-10-01,450.0,450.0,0.0,450.0,False
2010-11-01,870.0,1370.0,500.0,0.0,False
2010-12-01,0.0,0.0,0.0,0.0,False
2011-01-01,0.0,0.0,0.0,0.0,False
2011-02-01,0.0,0.0,0.0,0.0,False
2011-03-01,0.0,0.0,0.0,0.0,False
2011-04-01,0.0,0.0,0.0,0.0,False
2011-05-01,0.0,0.0,0.0,0.0,False
2011-06-01,0.0,0.0,0.0,0.0,False
2011-07-01,0.0,0.0,0.0,0.0,False
2011-08-01,0.0,0.0,0.0,0.0,False
2011-09-01,-845.0,0.0,845.0,0.0,False
2011-10-01,-943.0,0.0,943.0,0.0,False
2011-11-01,-2918.0,0.0,2918.0,-1620.0,False
2011-12-01,-7809.0,0.0,7809.0,-1370.0,False
2012-01-01,-7303.0,0.0,7303.0,-1323.0,False
2012-02-01,-320.0,1115.0,1435.0,-1453.0,False
2012-03-01,0.0,550.0,550.0,-3233.0,False
2012-04-01,-275.0,0.0,275.0,-3453.0,False
2012-05-01,-485.0,778.0,1263.0,-10309.0,False
2012-06-01,-50.0,650.0,700.0,-14084.0,False
2012-07-01,-785.0,0.0,785.0,-14459.0,False
2012-08-01,-452.0,100.0,552.0,-14107.0,False
2012-09-01,-10.0,300.0,310.0,-14052.0,False
2012-10-01,-95.0,1055.0,1150.0,-14082.0,False
2012-11-01,-921.0,855.0,1776.0,-13537.0,False
2012-12-01,-50.0,1685.0,1735.0,-13487.0,False
2013-01-01,-18.0,2039.0,2057.0,-12809.0,False
2013-02-01,-280.0,3021.0,3301.0,-12110.0,False
2013-03-01,820.0,3165.0,2345.0,-11006.0,False
2013-04-01,518.0,3298.0,2780.0,-8233.0,False
2013-05-01,-107.0,3003.0,3110.0,-5800.0,False
2013-06-01,-2252.0,469.0,2721.0,-4914.0,False
2013-07-01,-5976.0,50.0,6026.0,-4739.0,False
2013-08-01,-2464.0,724.0,3188.0,-9051.0,False
2013-09-01,-3548.0,3369.0,6917.0,-9581.0,False
2013-10-01,3928.0,9510.0,5582.0,-14459.0,False
2013-11-01,10087.0,17787.0,7700.0,-32549.0,False
2013-12-01,3483.0,5057.0,1574.0,-32607.0,False
2014-01-01,-1929.0,375.0,2304.0,-31848.0,False
2014-02-01,-530.0,0.0,530.0,-31318.0,False
2014-03-01,7782.0,9462.0,1680.0,-31030.0,True
2014-04-01,5870.0,7850.0,1980.0,-32062.0,False
2014-05-01,1786.0,7981.0,6195.0,-11463.0,False
2014-06-01,597.0,3332.0,2735.0,-154.0,False
2014-07-01,5453.0,9348.0,3895.0,5397.0,False
2014-08-01,-511.0,3964.0,4475.0,5818.0,False
2014-09-01,1437.0,11207.0,9770.0,8421.0,False
2014-10-01,2703.0,14257.0,11554.0,10217.0,False
2014-11-01,3081.0,13027.0,9946.0,13236.0,False
2014-12-01,6739.0,17908.0,11169.0,6853.0,False
2015-01-01,12137.0,15259.0,3122.0,5576.0,False
2015-02-01,7874.0,9630.0,1756.0,5832.0,False
2015-03-01,7671.0,10651.0,2980.0,8322.0,False
2015-04-01,5431.0,9756.0,4325.0,5172.0,False
2015-05-01,2578.0,6013.0,3435.0,1862.0,False
2015-06-01,565.0,5530.0,4965.0,2592.0,False
2015-07-01,169.0,4123.0,3954.0,4599.0,False
2015-08-01,-1559.0,4486.0,6045.0,2901.0,False
2015-09-01,-60.0,6035.0,6095.0,1711.0,False
2015-10-01,1934.0,6996.0,5062.0,2452.0,False
2015-11-01,15.0,3004.0,2989.0,1487.0,False
2015-12-01,-179.0,2620.0,2799.0,1987.0,False
2016-01-01,-30.0,3240.0,3270.0,-318.0,False
2016-02-01,-3341.0,3462.0,6803.0,-2410.0,False
2016-03-01,4686.0,8034.0,3348.0,-4253.0,False
2016-04-01,1339.0,2639.0,1300.0,-4053.0,False
2016-05-01,554.0,4369.0,3815.0,-5748.0,False
2016-06-01,1918.0,3948.0,2030.0,-7431.0,False
2016-07-01,1400.0,4465.0,3065.0,-5066.0,False
2016-08-01,850.0,5070.0,4220.0,94.0,False
2016-09-01,4649.0,9041.0,4392.0,4890.0,False
2016-10-01,-418.0,9548.0,9966.0,5632.0,False
2016-11-01,-2718.0,19127.0,21845.0,2944.0,False
2016-12-01,463.0,4997.0,4534.0,586.0,False
2017-01-01,-414.0,1335.0,1749.0,501.0,False
2017-02-01,1190.0,2201.0,1011.0,2842.0,False
2017-03-01,3538.0,5024.0,1486.0,10835.0,False
2017-04-01,566.0,1751.0,1185.0,13553.0,False
2017-05-01,5006.0,7020.0,2014.0,13601.0,False
2017-06-01,3291.0,4971.0,1680.0,17081.0,False
2017-07-01,2953.0,4893.0,1940.0,26450.0,False
2017-08-01,3226.0,4556.0,1330.0,32823.0,False
2017-09-01,1259.0,3788.0,2529.0,31131.0,False
2017-10-01,852.0,1910.0,1058.0,31374.0,False
2017-11-01,864.0,2570.0,1706.0,30615.0,False
2017-12-01,5647.0,6008.0,361.0,29099.0,False
2018-01-01,7364.0,7953.0,589.0,26051.0,False
2018-02-01,1665.0,3320.0,1655.0,22668.0,False
2018-03-01,996.0,3328.0,2332.0,20853.0,False
2018-04-01,-2483.0,5536.0,8019.0,17393.0,False
2018-05-01,-5767.0,4101.0,9868.0,11252.0,False
2018-06-01,-6184.0,4020.0,10204.0,10689.0,False
2018-07-01,-1874.0,4129.0,6003.0,10689.0,False
2018-08-01,-2323.0,3680.0,6003.0,5730.0,False
2018-09-01,-31.0,1012.0,1043.0,-1358.0,False
2018-10-01,-7204.0,945.0,8149.0,-2888.0,False
2018-11-01,-644.0,3127.0,3771.0,-1924.0,False
2018-12-01,607.0,837.0,230.0,-2426.0,False
2019-01-01,293.0,1025.0,732.0,-3032.0,False
2019-02-01,825.0,2086.0,1261.0,-4372.0,False
2019-03-01,9408.0,10306.0,898.0,-13774.0,False
2019-04-01,4901.0,7724.0,2823.0,-18512.0,False
2019-05-01,2538.0,5118.0,2580.0,-18288.0,False
2019-06-01,2463.0,4434.0,1971.0,-13406.0,False
2019-07-01,-93.0,1592.0,1685.0,-8609.0,False
2019-08-01,-4072.0,615.0,4687.0,-7848.0,False
2019-09-01,5614.0,6514.0,900.0,-7483.0,False
2019-10-01,7102.0,7302.0,200.0,-7473.0,False
2019-11-01,6928.0,7458.0,530.0,-6143.0,False
2019-12-01,4360.0,5374.0,1014.0,-1875.0,False
2020-01-01,10266.0,11486.0,1220.0,-1215.0,False
2020-02-01,9144.0,10604.0,1460.0,-2295.0,False
2020-03-01,-4054.0,3984.0,8038.0,-4939.0,False
2020-04-01,-1142.0,2450.0,3592.0,-1739.0,False
2020-05-01,4363.0,4663.0,300.0,-1958.0,False
2020-06-01,9814.0,14847.0,5033.0,2459.0,False
2020-07-01,15973.0,16903.0,930.0,-379.0,False
2020-08-01,5307.0,8524.0,3217.0,10351.0,False
2020-09-01,8172.0,13322.0,5150.0,13881.0,False
2020-10-01,15640.0,15640.0,0.0,13556.0,False
2020-11-01,10261.0,14289.0,4028.0,28344.0,False
2020-12-01,3991.0,10014.0,6023.0,39792.0,False
2021-01-01,2854.0,18225.0,15371.0,47383.0,False
2021-02-01,-1219.0,23352.0,24571.0,73201.0,False
2021-03-01,-5699.0,20250.0,25949.0,72751.0,False
2021-04-01,4212.0,8182.0,3970.0,64944.0,False
2021-05-01,5842.0,7142.0,1300.0,59852.0,False
2021-06-01,18633.0,21923.0,3290.0,49573.0,False
2021-07-01,7205.0,16160.0,8955.0,49010.0,False
2021-08-01,3747.0,10887.0,7140.0,49606.0,False
2021-09-01,791.0,9169.0,8378.0,49606.0,False
2021-10-01,-100.0,7755.0,7855.0,49106.0,False
2021-11-01,0.0,8489.0,8489.0,49106.0,False
2021-12-01,-2917.0,7475.0,10392.0,49106.0,False
2022-01-01,-771.0,6548.0,7319.0,49877.0,False
2022-02-01,771.0,5946.0,5175.0,49106.0,False
2022-03-01,-20101.0,4315.0,24416.0,65791.0,False
2022-04-01,1965.0,11965.0,10000.0,63826.0,False
2022-05-01,2001.0,10143.0,8142.0,49191.0,False
2022-06-01,-3719.0,18960.0,22679.0,30856.0,False
2022-07-01,-19049.0,19721.0,38770.0,22019.0,False
2022-08-01,-4254.0,18858.0,23112.0,20164.0,False
2022-09-01,-10361.0,23265.0,33626.0,10423.0,False
2022-10-01,-922.0,24855.0,25777.0,241.0,False
2022-11-01,4361.0,22281.0,17920.0,8493.0,False
2022-12-01,3842.0,12817.0,8975.0,10968.0,False
2023-01-01,-384.0,12902.0,13286.0,21729.0,False
2023-02-01,254.0,4381.0,4127.0,20470.0,False
2023-03-01,750.0,6906.0,6156.0,23600.0,False
2023-04-01,7704.0,8404.0,700.0,19932.0,False
2023-05-01,7371.0,7371.0,0.0,19268.0,False
2023-06-01,4504.0,7785.0,3281.0,19468.0,False
2023-07-01,3472.0,5315.0,1843.0,19468.0,False
2023-08-01,-3856.0,500.0,4356.0,10068.0,False
2023-09-01,-1508.0,27757.0,29265.0,4642.0,False
2023-10-01,-310.0,36650.0,36960.0,-14608.0,False
2023-11-01,-1929.0,34986.0,36915.0,-11901.0,False
2023-12-01,2067.0,31730.0,29663.0,2184.0,False
2024-01-01,1950.0,10400.0,8450.0,9974.0,False
2024-02-01,8557.0,8557.0,0.0,9694.0,False
2024-03-01,13249.0,14841.0,1592.0,-541.0,False
2024-04-01,-3647.0,8006.0,11653.0,-16257.0,False
2024-05-01,4222.0,23647.0,19425.0,-10360.0,False
2024-06-01,-2107.0,15936.0,18043.0,-15835.0,False
2024-07-01,6934.0,23569.0,16635.0,-9100.0,False
2024-08-01,-6494.0,16141.0,22635.0,-18980.0,False
2024-09-01,9639.0,28930.0,19291.0,-14580.0,False
2024-10-01,-9275.0,27503.0,36778.0,-49180.0,False
2024-11-01,-20228.0,30880.0,51108.0,-58850.0,False
2024-12-01,-15150.0,53898.0,69048.0,-67938.0,False
2025-01-01,-11139.0,49145.0,60284.0,-77528.0,False
2025-02-01,-1621.0,45030.0,46651.0,-88753.0,False
2025-03-01,14355.0,41515.0,27160.0,-84345.0,False
2025-04-01,-1660.0,10110.0,11770.0,-72575.0,False
2025-05-01,1764.0,9124.0,7360.0,-65215.0,False
2025-06-01,-3661.0,1164.0,4825.0,-60390.0,False
2025-07-01,-2540.0,0.0,2540.0,-57850.0,False
2025-08-01,-7695.0,0.0,7695.0,-53355.0,False
2025-09-01,-7910.0,2200.0,10110.0,-59405.0,False
2025-10-01,-11877.0,17685.0,29562.0,-63605.0,False
2025-11-01,-9710.0,14350.0,24060.0,-66045.0,False
2025-12-01,-10020.0,18330.0,28350.0,-62353.0,False
2026-01-01,2526.0,27999.0,25473.0,-67772.0,False
2026-02-01,7409.0,21403.0,13994.0,-77666.0,False
2026-03-01,-9758.0,19880.0,29638.0,-103064.0,False
2026-04-01,-8944.0,16225.0,25169.0,-95304.0,False
2026-05-01,-6104.0,22229.0,28333.0,-106658.0,False
2026-06-01,561.0,30891.0,30330.0,-103326.0,False
2026-07-01,18652.0,38417.0,19765.0,-136768.0,False
