country,year,nfa_ewn,nfa_official
BRA,1970,-20.5411,
BRA,1971,-19.6286,
BRA,1972,-18.4634,
BRA,1973,-15.1576,
BRA,1974,-22.371,
BRA,1975,-27.0285,
BRA,1976,-29.585,
BRA,1977,-28.424,
BRA,1978,-31.7747,
BRA,1979,-47.1712,
BRA,1980,-42.3974,
BRA,1981,-46.3735,
BRA,1982,-52.6737,
BRA,1983,-75.1537,
BRA,1984,-75.8994,
BRA,1985,-48.0163,
BRA,1986,-32.0007,
BRA,1987,-53.6988,
BRA,1988,-69.9445,
BRA,1989,-77.7083,
BRA,1990,-50.3258,
BRA,1991,-54.7887,
BRA,1992,-58.7601,
BRA,1993,-75.0354,
BRA,1994,-26.9469,
BRA,1995,-15.3927,
BRA,1996,-17.5433,
BRA,1997,-23.1914,
BRA,1998,-28.0189,
BRA,1999,-41.2253,
BRA,2000,-42.4532,
BRA,2001,-44.0476,-46.2378
BRA,2002,-51.7273,-54.0009
BRA,2003,-43.8039,-45.0191
BRA,2004,-37.9966,-38.2418
BRA,2005,-32.3713,-32.3116
BRA,2006,-31.0158,-31.0839
BRA,2007,-31.6822,-32.2838
BRA,2008,-17.9626,-18.3045
BRA,2009,-29.07,-29.1562
BRA,2010,-39.0674,-39.3146
BRA,2011,-34.4846,-34.8715
BRA,2012,-33.8925,-33.7405
BRA,2013,-32.0881,-31.9736
BRA,2014,-32.5649,-32.446
BRA,2015,-24.5802,-24.431
BRA,2016,-29.5661,-29.4358
BRA,2017,-32.5466,-32.4052
BRA,2018,-33.0846,-32.9308
BRA,2019,-43.0324,-42.8526
BRA,2020,-38.1259,-37.8458
BRA,2021,-37.6877,-37.2183
BRA,2022,-42.9933,-42.6007
BRA,2023,-49.0798,-48.699
BRA,2024,-44.6508,-44.029
CHL,1970,-48.0805,
CHL,1971,-109.556,
CHL,1972,-101.032,
CHL,1973,-516.441,
CHL,1974,-212.655,
CHL,1975,-166.828,
CHL,1976,-101.827,
CHL,1977,-74.1282,
CHL,1978,-56.5143,
CHL,1979,-46.9133,
CHL,1980,-42.9822,
CHL,1981,-45.662,
CHL,1982,-77.6174,
CHL,1983,-74.853,
CHL,1984,-81.6189,
CHL,1985,-110.035,
CHL,1986,-102.268,
CHL,1987,-93.2548,
CHL,1988,-65.2509,
CHL,1989,-56.7717,
CHL,1990,-41.5736,
CHL,1991,-42.8455,
CHL,1992,-37.6384,
CHL,1993,-40.5783,
CHL,1994,-37.7259,
CHL,1995,-30.4138,
CHL,1996,-32.6792,
CHL,1997,-41.8536,-42.8281
CHL,1998,-41.2057,-43.8652
CHL,1999,-41.0473,-46.4436
CHL,2000,-44.7415,-47.9744
CHL,2001,-46.6561,-49.315
CHL,2002,-45.9582,-45.9428
CHL,2003,-33.4566,-33.4425
CHL,2004,-21.8533,-21.8326
CHL,2005,-16.4808,-16.456
CHL,2006,-1.19961,-1.17588
CHL,2007,6.84742,6.88756
CHL,2008,-5.9188,-5.85938
CHL,2009,-2.5756,-2.52634
CHL,2010,-4.61871,-4.59904
CHL,2011,-7.79917,-7.779
CHL,2012,-12.5706,-12.5657
CHL,2013,-9.48207,-9.4784
CHL,2014,-10.8428,-10.8389
CHL,2015,-14.434,-14.4302
CHL,2016,-14.9569,-14.9533
CHL,2017,-17.7677,-17.7642
CHL,2018,-22.0372,-22.0335
CHL,2019,-16.6485,-16.6439
CHL,2020,-11.2656,-11.2602
CHL,2021,-8.93399,-8.9288
CHL,2022,-20.4234,-20.4187
CHL,2023,-19.4868,-19.4817
CHL,2024,-18.0208,-18.0142
CHN,1970,,
CHN,1971,,
CHN,1972,,
CHN,1973,,
CHN,1974,,
CHN,1975,,
CHN,1976,,
CHN,1977,,
CHN,1978,,
CHN,1979,,
CHN,1980,,
CHN,1981,4.22219,
CHN,1982,5.76635,
CHN,1983,6.3467,
CHN,1984,7.7662,
CHN,1985,3.27279,
CHN,1986,-0.294188,
CHN,1987,-2.62672,
CHN,1988,-2.7718,
CHN,1989,-3.71845,
CHN,1990,1.39794,
CHN,1991,4.41307,
CHN,1992,-3.66381,
CHN,1993,-7.56803,
CHN,1994,-7.67166,
CHN,1995,-8.94543,
CHN,1996,-8.39687,
CHN,1997,-4.68245,
CHN,1998,-1.53027,
CHN,1999,0.106677,
CHN,2000,3.67072,
CHN,2001,2.71023,
CHN,2002,6.54612,
CHN,2003,8.53275,
CHN,2004,12.072,12.1485
CHN,2005,14.921,15.1117
CHN,2006,16.7687,18.1444
CHN,2007,24.2622,25.3056
CHN,2008,28.7913,29.4273
CHN,2009,23.8626,24.9757
CHN,2010,22.1944,23.5562
CHN,2011,18.0871,19.6286
CHN,2012,17.4973,19.2554
CHN,2013,16.0222,18.3073
CHN,2014,13.1345,14.9878
CHN,2015,14.4684,15.6616
CHN,2016,17.5131,18.135
CHN,2017,15.32,15.9135
CHN,2018,14.9116,15.4703
CHN,2019,15.2976,15.96
CHN,2020,13.6,14.3382
CHN,2021,11.2574,11.871
CHN,2022,12.7722,13.7159
CHN,2023,14.9161,15.735
CHN,2024,16.7943,17.826
COL,1970,-24.5768,
COL,1971,-25.6903,
COL,1972,-24.007,
COL,1973,-20.7645,
COL,1974,-19.2821,
COL,1975,-18.7455,
COL,1976,-13.6644,
COL,1977,-11.3884,
COL,1978,-6.71906,
COL,1979,-3.15316,
COL,1980,-1.29189,-5.31678
COL,1981,-4.12896,-8.26965
COL,1982,-10.4238,-14.1047
COL,1983,-16.893,-20.4038
COL,1984,-21.1498,-25.5657
COL,1985,-29.1196,-35.0499
COL,1986,-28.6443,-33.5054
COL,1987,-28.5645,-33.9709
COL,1988,-27.165,-32.606
COL,1989,-27.3024,-33.6631
COL,1990,-27.9263,-35.3424
COL,1991,-21.1826,-28.9832
COL,1992,-14.3962,-21.913
COL,1993,-14.8536,-16.9547
COL,1994,-15.4045,-15.7164
COL,1995,-19.1758,-19.7683
COL,1996,-21.9351,-22.3044
COL,1997,-31.0876,-31.6528
COL,1998,-29.4603,-30.2215
COL,1999,-28.8318,-29.5598
COL,2000,-23.1712,-24.1428
COL,2001,-25.045,-25.6714
COL,2002,-31.5461,-31.9269
COL,2003,-29.733,-30.0989
COL,2004,-25.1651,-24.4575
COL,2005,-25.3794,-22.9218
COL,2006,-24.3773,-22.0113
COL,2007,-23.0521,-21.1781
COL,2008,-25.5315,-24.5705
COL,2009,-25.4842,-23.3416
COL,2010,-26.8809,-23.3086
COL,2011,-26.2166,-23.7438
COL,2012,-26.9141,-22.7814
COL,2013,-27.302,-26.1308
COL,2014,-34.8524,-33.7789
COL,2015,-44.6849,-44.8841
COL,2016,-45.4708,-45.1553
COL,2017,-46.0423,-44.8671
COL,2018,-50.1039,-49.1441
COL,2019,-50.8331,-48.8359
COL,2020,-54.8258,-54.8036
COL,2021,-52.858,-53.6352
COL,2022,-57.3615,-58.3156
COL,2023,-46.0805,-46.0638
COL,2024,-48.5627,-48.2279
CZE,1970,,
CZE,1971,,
CZE,1972,,
CZE,1973,,
CZE,1974,,
CZE,1975,,
CZE,1976,,
CZE,1977,,
CZE,1978,,
CZE,1979,,
CZE,1980,,
CZE,1981,,
CZE,1982,,
CZE,1983,,
CZE,1984,,
CZE,1985,,
CZE,1986,,
CZE,1987,,
CZE,1988,,
CZE,1989,,
CZE,1990,,
CZE,1991,,
CZE,1992,,
CZE,1993,10.1893,10.4134
CZE,1994,5.0789,5.29886
CZE,1995,3.36637,3.66433
CZE,1996,-3.86917,-3.74505
CZE,1997,-5.46014,-5.3901
CZE,1998,-5.52183,-5.41857
CZE,1999,-4.92298,-4.89306
CZE,2000,-8.18413,-7.99556
CZE,2001,-9.5898,-9.41733
CZE,2002,-14.862,-14.69
CZE,2003,-18.7787,-18.6099
CZE,2004,-23.9098,-23.772
CZE,2005,-23.0907,-22.9226
CZE,2006,-28.1636,-28.0024
CZE,2007,-36.458,-36.2911
CZE,2008,-38.1106,-37.9391
CZE,2009,-43.9194,-43.708
CZE,2010,-45.4682,-45.1968
CZE,2011,-44.81,-44.5079
CZE,2012,-45.5487,-45.2627
CZE,2013,-40.8609,-40.6608
CZE,2014,-36.2358,-36.0229
CZE,2015,-32.9239,-32.7408
CZE,2016,-27.1244,-26.9317
CZE,2017,-24.8277,-24.666
CZE,2018,-24.3074,-24.1592
CZE,2019,-19.6748,-19.5247
CZE,2020,-16.1984,-15.9883
CZE,2021,-15.0937,-14.88
CZE,2022,-20.4264,-20.2025
CZE,2023,-15.0136,-14.4195
CZE,2024,-8.43519,-7.1425
HUN,1970,,
HUN,1971,,
HUN,1972,,
HUN,1973,,
HUN,1974,,
HUN,1975,,
HUN,1976,,
HUN,1977,,
HUN,1978,,
HUN,1979,,
HUN,1980,,
HUN,1981,,
HUN,1982,-29.1298,
HUN,1983,-30.8531,
HUN,1984,-30.3957,
HUN,1985,-35.0747,
HUN,1986,-44.2872,
HUN,1987,-50.6198,
HUN,1988,-49.1951,
HUN,1989,-51.9314,
HUN,1990,-44.2982,
HUN,1991,-45.3029,
HUN,1992,-42.8354,
HUN,1993,-51.1412,
HUN,1994,-60.0977,
HUN,1995,-60.321,-60.0342
HUN,1996,-57.0715,-56.8133
HUN,1997,-63.5412,-63.4749
HUN,1998,-63.6173,-63.5554
HUN,1999,-74.0101,-73.9131
HUN,2000,-71.2601,-71.1504
HUN,2001,-65.1378,-65.0286
HUN,2002,-63.9643,-63.861
HUN,2003,-75.4375,-75.3415
HUN,2004,-85.6688,-85.6318
HUN,2005,-94.7438,-94.6956
HUN,2006,-97.9915,-97.9424
HUN,2007,-90.5942,-90.5393
HUN,2008,-100.846,-100.787
HUN,2009,-114.24,-114.162
HUN,2010,-106.483,-106.377
HUN,2011,-103.876,-103.745
HUN,2012,-89.6768,-89.5514
HUN,2013,-77.9507,-77.8662
HUN,2014,-75.2677,-75.1743
HUN,2015,-62.975,-62.8891
HUN,2016,-53.7086,-53.7088
HUN,2017,-50.8007,-50.7164
HUN,2018,-46.7286,-45.8948
HUN,2019,-43.8171,-42.8685
HUN,2020,-51.6762,-50.5071
HUN,2021,-52.9058,-49.6677
HUN,2022,-47.6603,-44.5422
HUN,2023,-41.9391,-39.0633
HUN,2024,-38.635,-34.1721
IDN,1970,-27.8191,
IDN,1971,-38.7158,
IDN,1972,-39.0517,
IDN,1973,-32.1107,
IDN,1974,-24.1058,
IDN,1975,-29.7177,
IDN,1976,-26.7703,
IDN,1977,-24.876,
IDN,1978,-34.3731,
IDN,1979,-21.7054,
IDN,1980,-14.2115,
IDN,1981,-14.5189,
IDN,1982,-19.8821,
IDN,1983,-27.2388,
IDN,1984,-25.9299,
IDN,1985,-28.8326,
IDN,1986,-48.7049,
IDN,1987,-49.678,
IDN,1988,-47.712,
IDN,1989,-43.6026,
IDN,1990,-46.6952,
IDN,1991,-47.5976,
IDN,1992,-47.9004,
IDN,1993,-46.2504,
IDN,1994,-52.1263,
IDN,1995,-54.557,
IDN,1996,-51.4033,
IDN,1997,-89.6712,
IDN,1998,-106.387,
IDN,1999,-82.4034,
IDN,2000,-81.3408,
IDN,2001,-66.5316,-66.3829
IDN,2002,-44.9668,-44.6421
IDN,2003,-41.4697,-41.0922
IDN,2004,-43.8982,-43.5774
IDN,2005,-41.1483,-40.7862
IDN,2006,-34.3713,-34.0789
IDN,2007,-37.5723,-37.1634
IDN,2008,-30.3154,-29.9537
IDN,2009,-33.732,-33.4201
IDN,2010,-38.4632,-38.1248
IDN,2011,-37.2053,-36.8513
IDN,2012,-40.8942,-40.5426
IDN,2013,-47.6358,-47.4265
IDN,2014,-45.375,-45.1916
IDN,2015,-45.259,-45.1004
IDN,2016,-36.3155,-36.1618
IDN,2017,-32.3012,-32.2369
IDN,2018,-31.0845,-30.9407
IDN,2019,-29.6602,-29.6692
IDN,2020,-25.4754,-25.5711
IDN,2021,-23.0034,-23.3162
IDN,2022,-20.0915,-20.0886
IDN,2023,-18.8207,-19.0289
IDN,2024,-16.8842,-17.8795
IND,1970,-14.6723,
IND,1971,-14.3624,
IND,1972,-15.5752,
IND,1973,-13.8631,
IND,1974,-12.4631,
IND,1975,-13.3008,
IND,1976,-12.3618,
IND,1977,-9.06285,
IND,1978,-7.62871,
IND,1979,-6.89732,
IND,1980,-7.34,
IND,1981,-9.85831,
IND,1982,-11.7399,
IND,1983,-11.8924,
IND,1984,-13.6051,
IND,1985,-13.5877,
IND,1986,-15.9449,
IND,1987,-16.4227,
IND,1988,-19.5936,
IND,1989,-24.3377,
IND,1990,-25.4518,
IND,1991,-32.817,
IND,1992,-28.4834,
IND,1993,-30.4502,
IND,1994,-25.834,
IND,1995,-25.5282,
IND,1996,-22.7711,-21.1568
IND,1997,-22.2051,-20.9805
IND,1998,-20.4383,-19.2808
IND,1999,-18.0497,-16.8817
IND,2000,-17.7317,-16.7711
IND,2001,-16.5408,-14.6505
IND,2002,-13.0858,-11.4643
IND,2003,-10.8731,-7.48133
IND,2004,-10.9067,-5.90515
IND,2005,-15.9747,-7.37103
IND,2006,-17.4267,-6.24621
IND,2007,-23.9128,-5.83643
IND,2008,-18.0053,-8.05984
IND,2009,-19.6947,-9.31554
IND,2010,-23.3459,-12.1315
IND,2011,-21.2404,-14.1835
IND,2012,-25.2714,-16.8917
IND,2013,-26.5543,-18.3853
IND,2014,-29.2344,-18.3988
IND,2015,-28.8057,-18.1085
IND,2016,-26.0842,-16.1886
IND,2017,-29.4549,-15.7975
IND,2018,-29.5645,-16.3808
IND,2019,-29.3075,-15.3589
IND,2020,-29.7865,-12.9746
IND,2021,-31.865,-11.9665
IND,2022,-31.4051,-11.8343
IND,2023,-32.959,-10.2389
IND,2024,-34.2915,-9.61907
ISR,1970,-14.6283,
ISR,1971,-14.3856,
ISR,1972,-13.1287,
ISR,1973,-15.4145,
ISR,1974,-30.6803,
ISR,1975,-40.2961,
ISR,1976,-41.0877,
ISR,1977,-51.3236,
ISR,1978,-41.0268,
ISR,1979,-49.0552,
ISR,1980,-47.2284,
ISR,1981,-52.9707,
ISR,1982,-64.4399,
ISR,1983,-91.6786,
ISR,1984,-125.497,
ISR,1985,-77.5714,
ISR,1986,-46.2141,
ISR,1987,-38.295,
ISR,1988,-36.4801,
ISR,1989,-32.8255,-38.4024
ISR,1990,-27.1847,-31.3503
ISR,1991,-25.2991,-25.7898
ISR,1992,-32.3504,-32.0858
ISR,1993,-31.5519,-31.1557
ISR,1994,-25.0663,-25.0247
ISR,1995,-24.0785,-23.9116
ISR,1996,-22.8857,-22.7704
ISR,1997,-24.32,-24.5148
ISR,1998,-24.3829,-24.6356
ISR,1999,-41.0955,-41.0442
ISR,2000,-37.7761,-37.7913
ISR,2001,-26.3629,-26.3117
ISR,2002,-17.6079,-17.39
ISR,2003,-19.2399,-18.9631
ISR,2004,-13.8663,-13.6512
ISR,2005,-13.4326,-13.3846
ISR,2006,2.8239,2.82754
ISR,2007,2.04469,2.03525
ISR,2008,9.38587,9.39786
ISR,2009,6.61641,6.6775
ISR,2010,10.7951,10.9071
ISR,2011,18.4045,18.5905
ISR,2012,20.3682,20.5556
ISR,2013,21.0763,21.3458
ISR,2014,23.3957,23.5613
ISR,2015,22.6435,22.779
ISR,2016,33.0394,33.9698
ISR,2017,38.9302,39.0015
ISR,2018,37.8355,37.9789
ISR,2019,38.2539,38.3839
ISR,2020,41.9978,42.175
ISR,2021,30.3643,30.5234
ISR,2022,34.173,34.3446
ISR,2023,42.375,42.5526
ISR,2024,41.8945,42.044
KOR,1970,,
KOR,1971,-32.3578,
KOR,1972,-33.0069,
KOR,1973,-29.7783,
KOR,1974,-35.7411,
KOR,1975,-31.4149,
KOR,1976,-25.6239,
KOR,1977,-25.1557,
KOR,1978,-24.6395,
KOR,1979,-26.2456,
KOR,1980,-37.5977,-4.06538
KOR,1981,-36.5941,-6.79182
KOR,1982,-38.5911,-10.2315
KOR,1983,-43.3827,-9.57636
KOR,1984,-39.2556,-10.0023
KOR,1985,-44.2836,-12.0732
KOR,1986,-34.6267,-9.25176
KOR,1987,-23.4011,-4.18472
KOR,1988,-10.8174,3.81538
KOR,1989,-7.73576,3.76281
KOR,1990,-7.05022,2.79846
KOR,1991,-7.69249,-0.8811
KOR,1992,-6.30497,-0.946917
KOR,1993,-6.58782,-1.72318
KOR,1994,-6.95405,-7.62992
KOR,1995,-7.3328,-7.90291
KOR,1996,-9.79472,-10.5621
KOR,1997,-16.1697,-19.0724
KOR,1998,-14.1936,-14.9452
KOR,1999,-17.1432,-17.1307
KOR,2000,-7.89239,-7.87977
KOR,2001,-10.4565,-10.4442
KOR,2002,-9.02653,-9.01633
KOR,2003,-8.70491,-8.69512
KOR,2004,-6.674,-6.666
KOR,2005,-14.6523,-14.6448
KOR,2006,-13.9379,-13.9313
KOR,2007,-15.6299,-15.6238
KOR,2008,-7.35192,-7.34401
KOR,2009,-9.37198,-9.36464
KOR,2010,-10.9595,-10.953
KOR,2011,-6.71492,-6.54243
KOR,2012,-7.2215,-6.95374
KOR,2013,-3.03592,-2.71281
KOR,2014,5.10323,5.42586
KOR,2015,13.4414,13.7651
KOR,2016,18.2221,18.5391
KOR,2017,14.2292,14.4965
KOR,2018,24.0267,24.3005
KOR,2019,29.0871,29.3771
KOR,2020,25.4287,25.745
KOR,2021,36.2777,36.5954
KOR,2022,43.3359,43.6568
KOR,2023,42.7708,43.0997
KOR,2024,63.0058,63.3592
MEX,1970,-16.2861,
MEX,1971,-15.5898,
MEX,1972,-14.5297,
MEX,1973,-15.4022,
MEX,1974,-15.705,
MEX,1975,-16.7027,
MEX,1976,-28.1995,
MEX,1977,-29.5111,
MEX,1978,-26.8511,
MEX,1979,-24.7956,
MEX,1980,-23.1393,
MEX,1981,-25.3768,
MEX,1982,-60.1205,
MEX,1983,-52.4603,
MEX,1984,-41.0752,
MEX,1985,-50.2334,
MEX,1986,-75.934,
MEX,1987,-70.6388,
MEX,1988,-40.9512,
MEX,1989,-34.3887,
MEX,1990,-32.9301,
MEX,1991,-32.1032,
MEX,1992,-29.9924,
MEX,1993,-30.7628,
MEX,1994,-45.6733,
MEX,1995,-51.3478,
MEX,1996,-40.9347,
MEX,1997,-35.6189,
MEX,1998,-35.1251,
MEX,1999,-37.7195,
MEX,2000,-28.9164,
MEX,2001,-26.229,-27.1182
MEX,2002,-25.5151,-26.3715
MEX,2003,-27.6447,-28.8729
MEX,2004,-27.4362,-28.8216
MEX,2005,-29.2074,-30.6082
MEX,2006,-31.0647,-32.2461
MEX,2007,-28.9601,-30.2667
MEX,2008,-31.4388,-32.2491
MEX,2009,-33.7891,-34.7163
MEX,2010,-36.3716,-37.6051
MEX,2011,-35.2976,-35.6884
MEX,2012,-40.9968,-41.3965
MEX,2013,-44.3246,-44.9577
MEX,2014,-43.7989,-44.4723
MEX,2015,-44.8976,-45.691
MEX,2016,-45.917,-47.064
MEX,2017,-46.7015,-47.5097
MEX,2018,-45.7698,-45.9254
MEX,2019,-47.7279,-47.2897
MEX,2020,-46.3102,-45.7068
MEX,2021,-43.12,-42.5826
MEX,2022,-40.7952,-40.3397
MEX,2023,-40.5862,-40.1666
MEX,2024,-34.6792,-34.0823
MYS,1970,-12.5166,
MYS,1971,-14.3618,
MYS,1972,-17.0321,
MYS,1973,-13.3336,
MYS,1974,-15.0647,
MYS,1975,-23.6307,
MYS,1976,-19.0072,
MYS,1977,-19.8384,
MYS,1978,-19.7884,
MYS,1979,-15.7575,
MYS,1980,-22.6139,-17.279
MYS,1981,-31.768,-20.2929
MYS,1982,-47.4523,-34.387
MYS,1983,-54.5121,-41.6799
MYS,1984,-56.2473,-42.8088
MYS,1985,-61.8578,-51.3229
MYS,1986,-70.9871,-54.2087
MYS,1987,-60.114,-45.0099
MYS,1988,-44.8746,-25.9225
MYS,1989,-30.7948,-25.6387
MYS,1990,-25.267,-23.2701
MYS,1991,-27.678,-31.9114
MYS,1992,-30.8578,-21.7198
MYS,1993,-48.8737,-12.7275
MYS,1994,-46.1194,-6.77296
MYS,1995,-49.5962,
MYS,1996,-53.9324,
MYS,1997,-43.2185,
MYS,1998,-35.3207,
MYS,1999,-24.7431,
MYS,2000,-18.3856,
MYS,2001,-31.3445,-35.9182
MYS,2002,-28.6244,-33.5698
MYS,2003,-26.8346,-31.209
MYS,2004,-19.1703,-24.6656
MYS,2005,-13.3665,-13.1804
MYS,2006,-3.79554,-3.75769
MYS,2007,-2.39426,-2.16919
MYS,2008,12.7721,12.98
MYS,2009,13.5779,14.1689
MYS,2010,0.924364,1.55316
MYS,2011,3.46688,3.95293
MYS,2012,-2.39467,-1.80322
MYS,2013,-4.93894,-4.55616
MYS,2014,-1.9954,-1.55731
MYS,2015,8.78873,9.27609
MYS,2016,5.10877,5.61723
MYS,2017,-2.43942,-2.21396
MYS,2018,-5.44916,-5.01505
MYS,2019,-2.82574,-2.56796
MYS,2020,4.98251,5.67428
MYS,2021,5.29085,5.8127
MYS,2022,2.62678,3.04087
MYS,2023,6.14157,6.78118
MYS,2024,-1.0378,-0.347174
PER,1970,-54.0589,
PER,1971,-48.722,
PER,1972,-45.464,
PER,1973,-42.0291,
PER,1974,-40.9077,
PER,1975,-47.4787,
PER,1976,-65.3272,
PER,1977,-100.24,
PER,1978,-107.38,
PER,1979,-59.5799,
PER,1980,-47.0855,
PER,1981,-44.1412,
PER,1982,-58.9376,
PER,1983,-78.9054,
PER,1984,-88.0571,
PER,1985,-85.1782,
PER,1986,-49.9932,-48.4293
PER,1987,-79.2513,-77.3085
PER,1988,-210.095,-203.67
PER,1989,-86.7766,-83.6901
PER,1990,-190.801,-184.039
PER,1991,-75.2353,-74.7637
PER,1992,-80.5804,-79.6854
PER,1993,-73.1121,-72.0173
PER,1994,-58.4572,-58.8685
PER,1995,-55.1457,-56.1174
PER,1996,-55.2269,-57.3301
PER,1997,-44.1344,-44.0816
PER,1998,-52.8604,-52.2531
PER,1999,-57.5075,-57.1798
PER,2000,-54.6264,-54.2646
PER,2001,-52.5802,-52.2753
PER,2002,-52.1769,-51.5424
PER,2003,-49.0399,-48.3254
PER,2004,-40.5399,-39.8668
PER,2005,-37.7548,-37.0379
PER,2006,-29.4634,-28.8087
PER,2007,-30.1452,-29.3448
PER,2008,-27.8271,-26.9821
PER,2009,-28.0906,-27.1828
PER,2010,-29.9458,-28.952
PER,2011,-25.0497,-24.1055
PER,2012,-24.9456,-23.9397
PER,2013,-28.2811,-27.4718
PER,2014,-32.3221,-31.5692
PER,2015,-37.3942,-36.6503
PER,2016,-38.8997,-38.293
PER,2017,-36.4552,-35.8448
PER,2018,-38.0739,-37.4605
PER,2019,-35.3385,-34.6591
PER,2020,-38.0258,-37.0162
PER,2021,-37.1624,-36.2819
PER,2022,-40.9476,-40.1793
PER,2023,-37.7989,-36.9989
PER,2024,-33.59,-32.5947
PHL,1970,-27.1869,
PHL,1971,-23.6834,
PHL,1972,-19.8136,
PHL,1973,-10.5079,
PHL,1974,-6.06435,
PHL,1975,-10.2795,
PHL,1976,-19.096,
PHL,1977,-24.8652,
PHL,1978,-26.4475,
PHL,1979,-25.5717,
PHL,1980,-28.062,
PHL,1981,-35.0548,
PHL,1982,-44.8477,
PHL,1983,-60.6152,
PHL,1984,-60.039,
PHL,1985,-59.6616,
PHL,1986,-61.7747,
PHL,1987,-60.6044,
PHL,1988,-53.3159,
PHL,1989,-47.3051,
PHL,1990,-53.1912,
PHL,1991,-42.2176,
PHL,1992,-36.7558,
PHL,1993,-45.1998,
PHL,1994,-39.463,
PHL,1995,-38.381,
PHL,1996,-37.6937,
PHL,1997,-53.478,
PHL,1998,-50.9587,
PHL,1999,-48.2941,
PHL,2000,-52.8356,
PHL,2001,-49.2169,-47.5566
PHL,2002,-49.0721,-46.2265
PHL,2003,-51.8813,-49.0154
PHL,2004,-44.5947,-42.4975
PHL,2005,-37.0255,-35.7807
PHL,2006,-35.6877,-34.6328
PHL,2007,-28.2438,-27.1816
PHL,2008,-20.7173,-18.6781
PHL,2009,-18.4275,-16.0849
PHL,2010,-16.3293,-13.6856
PHL,2011,-12.9261,-9.98252
PHL,2012,-18.4733,-15.1342
PHL,2013,-15.3923,-13.2525
PHL,2014,-15.7594,-13.8162
PHL,2015,-11.2586,-9.53928
PHL,2016,-10.9875,-9.2148
PHL,2017,-14.5981,-12.8778
PHL,2018,-15.7617,-14.0162
PHL,2019,-11.3932,-10.0795
PHL,2020,-7.6871,-5.70835
PHL,2021,-8.38283,-7.37791
PHL,2022,-11.8325,-10.4489
PHL,2023,-12.6862,-11.601
PHL,2024,-12.8922,-12.4992
POL,1970,,
POL,1971,,
POL,1972,,
POL,1973,,
POL,1974,,
POL,1975,-29.296,
POL,1976,-32.9894,
POL,1977,-35.1621,
POL,1978,,
POL,1979,-41.4139,
POL,1980,-47.9811,
POL,1981,-58.8884,
POL,1982,-44.3774,
POL,1983,-39.3551,
POL,1984,-40.1361,
POL,1985,-46.228,
POL,1986,-53.8702,
POL,1987,-70.688,
POL,1988,-59.7998,
POL,1989,-227.126,
POL,1990,-58.885,
POL,1991,-45.6769,
POL,1992,-43.5703,
POL,1993,-47.2785,
POL,1994,-30.1636,-29.9717
POL,1995,-20.0395,-19.902
POL,1996,-20.4145,-20.1603
POL,1997,-21.4079,-20.7314
POL,1998,-24.9175,-24.3639
POL,1999,-31.0727,-30.4776
POL,2000,-31.0487,-30.5492
POL,2001,-29.835,-29.3744
POL,2002,-35.1335,-34.5993
POL,2003,-42.0567,-41.3635
POL,2004,-41.103,-40.6374
POL,2005,-42.1904,-41.6299
POL,2006,-45.3654,-44.7927
POL,2007,-49.7126,-49.1437
POL,2008,-56.0504,-55.3912
POL,2009,-57.9451,-57.186
POL,2010,-65.0625,-64.101
POL,2011,-62.5532,-61.4124
POL,2012,-65.7028,-64.6489
POL,2013,-69.7644,-69.0311
POL,2014,-69.7906,-68.9749
POL,2015,-61.666,-60.9054
POL,2016,-60.9107,-60.0487
POL,2017,-61.3957,-60.646
POL,2018,-55.8917,-54.9622
POL,2019,-51.0529,-49.2136
POL,2020,-46.761,-44.548
POL,2021,-42.6156,-40.5542
POL,2022,-36.5206,-34.6282
POL,2023,-34.5278,-31.7881
POL,2024,-32.6543,-28.4148
ROU,1970,,
ROU,1971,,
ROU,1972,,
ROU,1973,,
ROU,1974,,
ROU,1975,,
ROU,1976,,
ROU,1977,,
ROU,1978,,
ROU,1979,,
ROU,1980,,
ROU,1981,,
ROU,1982,,
ROU,1983,,
ROU,1984,,
ROU,1985,,
ROU,1986,,
ROU,1987,,
ROU,1988,,
ROU,1989,,
ROU,1990,9.21839,10.6351
ROU,1991,20.7542,19.3472
ROU,1992,19.3772,14.1099
ROU,1993,7.70087,7.45305
ROU,1994,6.05993,4.34441
ROU,1995,2.12838,1.42505
ROU,1996,-7.49817,-9.36938
ROU,1997,-9.56676,-11.8979
ROU,1998,-17.8221,-19.4702
ROU,1999,-26.5,-23.2992
ROU,2000,-30.0115,-27.0773
ROU,2001,-27.9036,-25.3773
ROU,2002,-24.0604,-21.4613
ROU,2003,-30.4713,-28.0754
ROU,2004,-28.761,-26.7833
ROU,2005,-31.638,-29.7639
ROU,2006,-38.0593,-36.457
ROU,2007,-47.5831,-45.9911
ROU,2008,-52.2129,-50.7087
ROU,2009,-61.949,-59.9186
ROU,2010,-66.5045,-63.7192
ROU,2011,-67.0374,-64.0556
ROU,2012,-68.6351,-65.6379
ROU,2013,-70.541,-68.4756
ROU,2014,-60.7887,-58.587
ROU,2015,-57.0536,-54.9918
ROU,2016,-56.8319,-54.5093
ROU,2017,-51.7708,-49.7979
ROU,2018,-47.1405,-45.3265
ROU,2019,-46.3657,-44.3385
ROU,2020,-50.7171,-48.3812
ROU,2021,-49.2364,-47.0153
ROU,2022,-44.421,-42.4065
ROU,2023,-43.1844,-41.2585
ROU,2024,-43.6132,-41.2523
THA,1970,-5.38031,
THA,1971,-6.32037,
THA,1972,-5.85406,
THA,1973,-3.01558,
THA,1974,-2.44476,
THA,1975,-4.79836,
THA,1976,-5.90188,
THA,1977,-10.8944,
THA,1978,-15.0732,
THA,1979,-18.0447,
THA,1980,-21.5199,
THA,1981,-28.1987,
THA,1982,-30.1013,
THA,1983,-32.462,
THA,1984,-37.7126,
THA,1985,-40.3213,
THA,1986,-38.379,
THA,1987,-35.5864,
THA,1988,-31.7748,
THA,1989,-33.3378,
THA,1990,-29.71,
THA,1991,-33.661,
THA,1992,-36.4622,
THA,1993,-55.5075,
THA,1994,-51.3952,
THA,1995,-54.3296,-46.5644
THA,1996,-51.2973,-43.192
THA,1997,-91.2216,-82.0356
THA,1998,-71.0531,-56.0169
THA,1999,-65.291,-47.0635
THA,2000,-50.8973,-50.3463
THA,2001,-42.611,-42.037
THA,2002,-34.0388,-33.3824
THA,2003,-34.8759,-34.2046
THA,2004,-29.2823,-28.627
THA,2005,-29.7493,-29.0088
THA,2006,-24.3911,-23.6648
THA,2007,-21.2877,-20.4582
THA,2008,-5.66733,-4.82356
THA,2009,-2.62613,-1.55818
THA,2010,-12.962,-11.6812
THA,2011,-13.6906,-11.5047
THA,2012,-22.1492,-20.0963
THA,2013,-19.209,-17.6945
THA,2014,-25.6953,-24.2368
THA,2015,-12.6212,-11.2431
THA,2016,-9.53121,-8.13237
THA,2017,-11.9695,-10.6103
THA,2018,-6.47288,-5.21546
THA,2019,-5.76705,-4.42706
THA,2020,6.28324,8.08315
THA,2021,3.33661,6.27825
THA,2022,-9.66387,-6.81525
THA,2023,1.16861,4.25504
THA,2024,3.6263,7.24637
TUR,1970,-10.6165,
TUR,1971,-8.6979,
TUR,1972,-5.76316,
TUR,1973,-4.37551,
TUR,1974,-5.16355,
TUR,1975,-5.04067,
TUR,1976,-3.5964,
TUR,1977,-11.2066,
TUR,1978,-12.8648,
TUR,1979,-11.3024,
TUR,1980,-15.6906,
TUR,1981,-15.2928,
TUR,1982,-16.2819,
TUR,1983,-19.3034,
TUR,1984,-18.841,
TUR,1985,-21.2144,
TUR,1986,-26.6223,
TUR,1987,-31.3756,
TUR,1988,-30.2978,
TUR,1989,-22.5664,
TUR,1990,-21.0902,
TUR,1991,-22.5332,
TUR,1992,-23.0991,
TUR,1993,-27.0929,
TUR,1994,-36.5212,
TUR,1995,-30.0839,
TUR,1996,-29.7105,-32.1682
TUR,1997,-31.7565,-35.1597
TUR,1998,-29.4842,-33.1852
TUR,1999,-43.3586,-43.729
TUR,2000,-37.8614,-38.103
TUR,2001,-48.2533,-48.3358
TUR,2002,-38.0909,-38.0828
TUR,2003,-30.2053,-30.2602
TUR,2004,-28.684,-28.5884
TUR,2005,-33.6081,-33.5867
TUR,2006,-36.1912,-36.1325
TUR,2007,-40.6335,-40.5301
TUR,2008,-28.9083,-28.5254
TUR,2009,-39.8963,-39.5359
TUR,2010,-48.0123,-47.5242
TUR,2011,-43.8489,-42.7
TUR,2012,-50.9028,-48.9245
TUR,2013,-47.8344,-45.724
TUR,2014,-51.7494,-49.6781
TUR,2015,-47.7569,-45.8139
TUR,2016,-47.0278,-45.3756
TUR,2017,-55.8664,-53.3211
TUR,2018,-46.4702,-44.0135
TUR,2019,-47.0212,-43.5416
TUR,2020,-61.1051,-55.2274
TUR,2021,-48.5551,-42.2284
TUR,2022,-49.2478,-43.9161
TUR,2023,-40.608,-35.6824
TUR,2024,-32.2241,-27.4081
ZAF,1970,-40.3786,-36.6216
ZAF,1971,-36.0342,-33.5797
ZAF,1972,-38.9075,-35.9759
ZAF,1973,-36.4847,-33.4433
ZAF,1974,-40.4765,-37.8182
ZAF,1975,-44.1361,-41.8935
ZAF,1976,-47.123,-45.4657
ZAF,1977,-45.6153,-44.3105
ZAF,1978,-39.679,-34.9783
ZAF,1979,-32.2757,-24.4147
ZAF,1980,-26.3465,-19.3032
ZAF,1981,-27.9952,-23.9795
ZAF,1982,-31.5952,-27.8453
ZAF,1983,-32.2391,-29.1192
ZAF,1984,-39.0615,-35.9346
ZAF,1985,-40.641,-38.8119
ZAF,1986,-27.6552,-26.6786
ZAF,1987,-19.2567,-17.7976
ZAF,1988,-15.0363,-15.3852
ZAF,1989,-11.9555,-13.038
ZAF,1990,-10.1588,-11.0296
ZAF,1991,-9.50544,-10.1233
ZAF,1992,-10.7974,-11.193
ZAF,1993,-11.8572,-13.1213
ZAF,1994,-14.8434,-16.2191
ZAF,1995,-15.2774,-17.0075
ZAF,1996,-16.2922,-18.8146
ZAF,1997,-14.8678,-15.0088
ZAF,1998,-12.475,-11.7591
ZAF,1999,-19.7773,-19.0996
ZAF,2000,-8.72102,-7.67998
ZAF,2001,-19.6323,-18.1504
ZAF,2002,-11.5093,-10.411
ZAF,2003,-11.1,-10.4433
ZAF,2004,-13.1641,-12.6278
ZAF,2005,-19.5349,-18.8293
ZAF,2006,-23.1599,-22.3039
ZAF,2007,-28.292,-27.3178
ZAF,2008,-7.53167,-6.29191
ZAF,2009,-16.2539,-15.0872
ZAF,2010,-22.678,-21.4512
ZAF,2011,-12.1666,-10.6335
ZAF,2012,-14.8396,-13.2425
ZAF,2013,-5.26171,-3.95415
ZAF,2014,-8.68941,-7.33878
ZAF,2015,12.8937,14.4067
ZAF,2016,5.0499,6.39061
ZAF,2017,7.31978,8.37794
ZAF,2018,10.7187,12.1015
ZAF,2019,6.23204,7.76092
ZAF,2020,27.632,29.6403
ZAF,2021,24.3512,26.2203
ZAF,2022,19.1644,21.0273
ZAF,2023,24.5725,26.7638
ZAF,2024,26.845,29.5304
