,cpi_india,rbi_repo_rate,india_stir
01-01-2000,35.73704,8,8
01-02-2000,35.65413,8,8
01-03-2000,35.98579,8,8
01-04-2000,36.31746,7,7
01-05-2000,36.48329,7,7
01-06-2000,36.64912,7,7
01-07-2000,36.89788,8,8
01-08-2000,36.73204,8,8
01-09-2000,36.81496,8,8
01-10-2000,37.22954,8,8
01-11-2000,37.31246,8,8
01-12-2000,36.98079,8,8
01-01-2001,36.89788,8,8
01-02-2001,36.73204,7.5,7.5
01-03-2001,36.89788,7,7
01-04-2001,37.14663,7,7
01-05-2001,37.39537,7,7
01-06-2001,37.89288,7,7
01-07-2001,38.39037,7,7
01-08-2001,38.63912,7,7
01-09-2001,38.55621,7,7
01-10-2001,38.80495,6.5,6.5
01-11-2001,39.13662,6.5,6.5
01-12-2001,38.88787,6.5,6.5
01-01-2002,38.72204,6.5,6.5
01-02-2002,38.63912,6.5,6.5
01-03-2002,38.80495,6.5,6.5
01-04-2002,38.88787,6.5,6.5
01-05-2002,39.13662,6.5,6.5
01-06-2002,39.46829,6.5,6.5
01-07-2002,39.88287,6.5,6.5
01-08-2002,40.13162,6.5,6.5
01-09-2002,40.21454,6.5,6.5
01-10-2002,40.38037,6.5,6.5
01-11-2002,40.5462,6.25,6.25
01-12-2002,40.13162,6.25,6.25
01-01-2003,40.04871,6.25,6.25
01-02-2003,40.13162,6.25,6.25
01-03-2003,40.38037,6.25,6.25
01-04-2003,40.87787,6.25,6.25
01-05-2003,40.96079,6,6
01-06-2003,41.20954,6,6
01-07-2003,41.5412,6,6
01-08-2003,41.37537,6,6
01-09-2003,41.37537,6,6
01-10-2003,41.70704,6,6
01-11-2003,41.78995,6,6
01-12-2003,41.62412,6,6
01-01-2004,41.78995,6,6
01-02-2004,41.78995,6,6
01-03-2004,41.78995,6,6
01-04-2004,41.78995,6,6
01-05-2004,42.12162,6,6
01-06-2004,42.45329,6,6
01-07-2004,42.86787,6,6
01-08-2004,43.28245,6,6
01-09-2004,43.36537,6,6
01-10-2004,43.61412,6,6
01-11-2004,43.5312,6,6
01-12-2004,43.19954,6,6
01-01-2005,43.61412,6,6
01-02-2005,43.5312,6,6
01-03-2005,43.5312,6,6
01-04-2005,43.86287,6,6
01-05-2005,43.69703,6,6
01-06-2005,43.86287,6,6
01-07-2005,44.60912,6,6
01-08-2005,44.77495,6,6
01-09-2005,44.94078,6,6
01-10-2005,45.43828,6,6
01-11-2005,45.85286,6,6
01-12-2005,45.60411,6,6
01-01-2006,45.5212,6,6
01-02-2006,45.5212,6,6
01-03-2006,45.5212,6,6
01-04-2006,45.90373,6,6
01-05-2006,46.28626,6,6
01-06-2006,47.05132,6,6
01-07-2006,47.43385,6,6
01-08-2006,47.43385,6,6
01-09-2006,47.81638,6,6
01-10-2006,48.58145,6,6
01-11-2006,48.58145,6,6
01-12-2006,48.58145,6,6
01-01-2007,48.58145,6,6
01-02-2007,48.96398,6,6
01-03-2007,48.58145,6,6
01-04-2007,48.96398,6,6
01-05-2007,49.34651,6,6
01-06-2007,49.72904,6,6
01-07-2007,50.4941,6,6
01-08-2007,50.87663,6,6
01-09-2007,50.87663,6,6
01-10-2007,51.25916,6,6
01-11-2007,51.25916,6,6
01-12-2007,51.25916,6,6
01-01-2008,51.25916,6,6
01-02-2008,51.6417,6,6
01-03-2008,52.40676,6,6
01-04-2008,52.78929,6,6
01-05-2008,53.17182,6,6
01-06-2008,53.55435,6,6
01-07-2008,54.70195,6,6
01-08-2008,55.46701,6,6
01-09-2008,55.84954,6,6
01-10-2008,56.6146,6,6
01-11-2008,56.6146,6,6
01-12-2008,56.23207,6,6
01-01-2009,56.6146,6,6
01-02-2009,56.6146,6,6
01-03-2009,56.6146,6,6
01-04-2009,57.37966,6,6
01-05-2009,57.76219,6,6
01-06-2009,58.52726,6,6
01-07-2009,61.20497,6,6
01-08-2009,61.97004,6,6
01-09-2009,62.35257,6,6
01-10-2009,63.11763,6,6
01-11-2009,64.26522,6,6
01-12-2009,64.64775,6,6
01-01-2010,65.79535,6,6
01-02-2010,65.03028,6,6
01-03-2010,65.03028,6,6
01-04-2010,65.03028,6,6
01-05-2010,65.79535,6,6
01-06-2010,66.56041,6,6
01-07-2010,68.09053,6,6
01-08-2010,68.09053,6,6
01-09-2010,68.47306,6,6
01-10-2010,69.23813,6,6
01-11-2010,69.62066,6,6
01-12-2010,70.76825,6,6
01-01-2011,71.91584,6,6
01-02-2011,70.76825,6,6
01-03-2011,70.76825,6,6
01-04-2011,71.15078,6,6
01-05-2011,71.53331,6,6
01-06-2011,72.29838,6,6
01-07-2011,73.8285,6,6
01-08-2011,74.21103,6,6
01-09-2011,75.35862,6,6
01-10-2011,75.74116,6,6
01-11-2011,76.12369,6,6
01-12-2011,75.35862,6,6
01-01-2012,75.74116,6,6
01-02-2012,76.12369,9.5,7.75
01-03-2012,76.88875,9.5,9.5
01-04-2012,78.41887,9,9.25
01-05-2012,78.8014,9,9
01-06-2012,79.56647,9,9
01-07-2012,81.09659,9,9
01-08-2012,81.86165,9,9
01-09-2012,82.24418,9,9
01-10-2012,83.00925,9,9
01-11-2012,83.39178,9,9
01-12-2012,83.77431,9,9
01-01-2013,84.53937,9,9
01-02-2013,85.30443,8.75,8.75
01-03-2013,85.68696,8.5,8.65
01-04-2013,86.45203,8.5,8.5
01-05-2013,87.21709,8.25,8.25
01-06-2013,88.36468,8.25,8.25
01-07-2013,89.89481,10.25,9.25
01-08-2013,90.65987,10.25,10.25
01-09-2013,91.0424,9.5,9.875
01-10-2013,92.18999,8.75,9.125
01-11-2013,92.95506,8.75,8.75
01-12-2013,91.42493,8.75,8.75
01-01-2014,90.65987,9,8.8
01-02-2014,91.0424,9,9
01-03-2014,91.42493,9,9
01-04-2014,92.57253,9,9
01-05-2014,93.33759,9,9
01-06-2014,94.10265,9,9
01-07-2014,96.39783,9,9
01-08-2014,96.78036,9,9
01-09-2014,96.78036,9,9
01-10-2014,96.78036,9,9
01-11-2014,96.78036,9,9
01-12-2014,96.78036,9,9
01-01-2015,97.1629,8.75,8.85
01-02-2015,96.78036,8.75,8.75
01-03-2015,97.1629,8.5,8.5
01-04-2015,97.92796,8.5,8.5
01-05-2015,98.69302,8.5,8.5
01-06-2015,99.84061,8.25,8.25
01-07-2015,100.6057,8.25,8.25
01-08-2015,100.9882,8.25,8.25
01-09-2015,101.7533,8.25,8.25
01-10-2015,102.9009,7.75,7.75
01-11-2015,103.2834,7.75,7.75
01-12-2015,102.9009,7.75,7.75
01-01-2016,102.9009,7.75,7.75
01-02-2016,102.1358,7.75,7.75
01-03-2016,102.5183,7.75,7.75
01-04-2016,103.6659,7,7.15
01-05-2016,105.196,7,7
01-06-2016,105.9611,7,7
01-07-2016,107.1087,7,7
01-08-2016,106.3436,7,7
01-09-2016,105.9611,7,7
01-10-2016,106.3436,6.75,6.75
01-11-2016,105.9611,6.75,6.75
01-12-2016,105.196,6.75,6.75
01-01-2017,104.8135,6.75,6.75
01-02-2017,104.8135,6.75,6.75
01-03-2017,105.196,6.75,6.75
01-04-2017,105.9611,6.5,6.5
01-05-2017,106.3436,6.5,6.5
01-06-2017,107.1087,6.5,6.5
01-07-2017,109.0214,6.5,6.5
01-08-2017,109.0214,6.25,6.25
01-09-2017,109.0214,6.25,6.25
01-10-2017,109.7864,6.25,6.25
01-11-2017,110.169,6.25,6.25
01-12-2017,109.4039,6.25,6.25
01-01-2018,110.169,6.25,6.25
01-02-2018,109.7864,6.25,6.25
01-03-2018,109.7864,6.25,6.25
01-04-2018,110.169,6.25,6.25
01-05-2018,110.5515,6.25,6.25
01-06-2018,111.3165,6.5,6.45
01-07-2018,115.1419,6.5,6.5
01-08-2018,115.1419,6.75,6.75
01-09-2018,115.1419,6.75,6.75
01-10-2018,115.5244,6.75,6.75
01-11-2018,115.5244,6.75,6.75
01-12-2018,115.1419,6.75,6.75
01-01-2019,117.437,6.75,6.75
01-02-2019,117.437,6.5,6.5625
01-03-2019,118.2021,6.5,6.5
01-04-2019,119.3497,6.25,6.25
01-05-2019,120.1148,6.25,6.25
01-06-2019,120.8798,6,6
01-07-2019,122.0274,6,6
01-08-2019,122.4099,5.65,5.72
01-09-2019,123.175,5.65,5.65
01-10-2019,124.3226,5.4,5.4
01-11-2019,125.4702,5.4,5.4
01-12-2019,126.2353,5.4,5.4
01-01-2020,126.2353,5.4,5.4
01-02-2020,125.4702,5.4,5.4
01-03-2020,124.7051,4.65,5.2125
01-04-2020,125.8527,4.65,4.65
01-05-2020,126.2353,4.25,4.49
01-06-2020,127.0003,4.25,4.25
01-07-2020,128.5304,4.25,4.25
01-08-2020,129.2955,4.25,4.25
01-09-2020,130.1179,4.25,4.25
01-10-2020,131.6603,4.25,4.25
01-11-2020,132.101,4.25,4.25
01-12-2020,130.8891,4.25,4.25
01-01-2021,130.228,4.25,4.25
01-02-2021,131.1094,4.25,4.25
01-03-2021,131.7705,4.25,4.25
01-04-2021,132.3214,4.25,4.25
01-05-2021,132.8723,4.25,4.25
01-06-2021,134.0842,4.25,4.25
01-07-2021,135.2961,4.25,4.25
01-08-2021,135.5165,4.25,4.25
01-09-2021,135.847,4.25,4.25
01-10-2021,137.6098,4.25,4.25
01-11-2021,138.4912,4.25,4.25
01-12-2021,138.1607,4.25,4.25
01-01-2022,137.8302,4.25,4.25
01-02-2022,137.72,4.25,4.25
01-03-2022,138.8218,4.25,4.25
01-04-2022,140.6947,4.25,4.25
01-05-2022,142.127,4.65,4.65
01-06-2022,142.3474,5.15,5.025
01-07-2022,143.1186,5.15,5.15
01-08-2022,143.4492,,5.65
01-09-2022,144.6611,,5.75
01-10-2022,145.9832,,6.15
01-11-2022,145.9832,,6.15
01-12-2022,145.7628,,6.43
01-01-2023,146.3137,,6.5
01-02-2023,146.2036,,6.6875
01-03-2023,146.8646,,6.75
01-04-2023,147.8562,,6.75
01-05-2023,148.4071,,6.75
01-06-2023,150.2801,,6.75
01-07-2023,153.9159,,6.75
01-08-2023,153.365,,6.75
01-09-2023,151.492,,6.75
01-10-2023,152.4836,,6.75
01-11-2023,153.2548,,6.75
01-12-2023,152.9243,,6.75
01-01-2024,153.0345,,6.75
01-02-2024,153.365,,6.75
01-03-2024,153.0345,,6.75
01-04-2024,153.5853,,6.75
01-05-2024,154.1362,,6.75
01-06-2024,155.7889,,6.75
01-07-2024,157.2212,,6.75
01-08-2024,157.111,,6.75
01-09-2024,157.8822,,6.75
01-10-2024,159.2043,,6.75
01-11-2024,159.2043,,6.75
01-12-2024,158.3229,,6.75
01-01-2025,157.772,,6.75
01-02-2025,157.3313,,6.5
01-03-2025,157.5517,,6.5
01-04-2025,,,6.3125
01-05-2025,,,6.25
01-06-2025,,,5.75
01-07-2025,,,5.75
01-08-2025,,,5.75
01-09-2025,,,5.75
01-10-2025,,,5.75
01-11-2025,,,5.75
01-12-2025,,,5.5
