date,neer,reer
2004-04-01,138.4952,90.868
2004-05-01,135.7937,89.4499
2004-06-01,134.2308,88.9379
2004-07-01,132.0906,88.1577
2004-08-01,131.8125,88.6611
2004-09-01,132.5546,89.089
2004-10-01,132.0247,89.0713
2004-11-01,131.4104,88.3554
2004-12-01,133.2089,88.7982
2005-01-01,134.1472,89.8529
2005-02-01,135.1026,90.0899
2005-03-01,134.3602,89.1764
2005-04-01,135.4603,89.9783
2005-05-01,137.0498,90.3482
2005-06-01,138.8308,91.5981
2005-07-01,140.1023,93.6529
2005-08-01,138.4398,92.5839
2005-09-01,137.6193,91.752
2005-10-01,136.1564,91.1678
2005-11-01,134.4257,91.1387
2005-12-01,134.0633,90.4363
2006-01-01,136.0919,91.237
2006-02-01,136.7963,91.4411
2006-03-01,136.2672,90.8153
2006-04-01,133.3428,89.0325
2006-05-01,129.867,87.5186
2006-06-01,129.3949,88.2731
2006-07-01,128.0549,87.6963
2006-08-01,127.1494,87.5329
2006-09-01,128.7148,89.2017
2006-10-01,131.0467,91.9043
2006-11-01,131.5449,92.2705
2006-12-01,130.6423,90.9644
2007-01-01,132.39,91.5488
2007-02-01,132.6373,91.6216
2007-03-01,132.5035,91.1494
2007-04-01,136.9509,94.1569
2007-05-01,141.2713,97.2921
2007-06-01,141.6621,98.0085
2007-07-01,141.491,98.9737
2007-08-01,140.8047,98.6515
2007-09-01,141.2353,98.8035
2007-10-01,142.19,99.701
2007-11-01,140.6996,98.4035
2007-12-01,141.3028,98.4681
2008-01-01,140.7284,97.2519
2008-02-01,138.9403,95.8941
2008-03-01,134.3085,93.4735
2008-04-01,135.2142,93.6252
2008-05-01,129.0945,88.8381
2008-06-01,127.0808,87.8737
2008-07-01,126.2262,88.2374
2008-08-01,128.469,90.8741
2008-09-01,123.8301,88.2564
2008-10-01,120.5964,87.5797
2008-11-01,122.6559,89.6112
2008-12-01,121.57,87.905
2009-01-01,121.1649,88.1126
2009-02-01,123.4355,89.458
2009-03-01,118.9807,86.4524
2009-04-01,119.9221,86.2497
2009-05-01,121.1796,87.8033
2009-06-01,121.7899,88.9404
2009-07-01,119.8401,90.4031
2009-08-01,119.4946,90.7601
2009-09-01,118.186,90.2903
2009-10-01,121.2815,93.452
2009-11-01,121.2875,95.2518
2009-12-01,121.8726,95.7093
2010-01-01,123.9133,97.977
2010-02-01,124.5163,97.1173
2010-03-01,126.4996,98.1989
2010-04-01,128.884,99.9212
2010-05-01,127.8144,99.6772
2010-06-01,126.6214,99.7001
2010-07-01,123.0694,98.9576
2010-08-01,123.0812,98.6907
2010-09-01,124.1545,100.1057
2010-10-01,126.4263,102.0638
2010-11-01,124.8699,101.2164
2010-12-01,125.437,102.5215
2011-01-01,123.9942,102.2926
2011-02-01,123.4608,100.6506
2011-03-01,123.7447,100.6183
2011-04-01,124.1927,100.7618
2011-05-01,122.753,100.0369
2011-06-01,122.7474,101.3161
2011-07-01,123.5665,103.3778
2011-08-01,121.0865,102.2133
2011-09-01,117.2205,99.7526
2011-10-01,113.9711,97.3456
2011-11-01,110.7355,94.8053
2011-12-01,107.8049,91.7293
2012-01-01,110.9927,94.5509
2012-02-01,115.1738,98.3884
2012-03-01,112.4306,96.3103
2012-04-01,108.7743,94.0422
2012-05-01,104.6704,91.1764
2012-06-01,102.6774,90.3804
2012-07-01,103.7503,92.6024
2012-08-01,103.2794,92.9504
2012-09-01,104.181,94.2042
2012-10-01,107.0696,97.2226
2012-11-01,103.9371,94.7946
2012-12-01,103.7015,94.4151
2013-01-01,104.2912,95.3643
2013-02-01,105.6377,96.6519
2013-03-01,105.2858,96.4249
2013-04-01,105.1972,96.3815
2013-05-01,104.412,96.3492
2013-06-01,98.6098,92.122
2013-07-01,98.3657,92.808
2013-08-01,93.1135,88.743
2013-09-01,92.2091,88.6117
2013-10-01,94.667,91.6186
2013-11-01,93.612,91.791
2013-12-01,94.8067,91.8846
2014-01-01,95.0836,91.6709
2014-02-01,94.7347,90.9715
2014-03-01,96.1843,92.6292
2014-04-01,97.3522,93.3653
2014-05-01,99.1496,95.5325
2014-06-01,98.6292,95.5816
2014-07-01,98.2116,96.6568
2014-08-01,97.27,96.5206
2014-09-01,98.4367,97.3402
2014-10-01,98.5615,97.3615
2014-11-01,98.9056,98.0225
2014-12-01,98.501,97.0366
2015-01-01,99.6967,98.2017
2015-02-01,101.6502,99.9518
2015-03-01,102.7226,100.9753
2015-04-01,101.8869462,99.80049612
2015-05-01,99.62205766,97.9177341
2015-06-01,100.1443021,99.41700742
2015-07-01,101.3548937,100.9044926
2015-08-01,100.335247,100.6024892
2015-09-01,99.49511758,100.017626
2015-10-01,100.8175441,101.84318
2015-11-01,100.106483,101.5046976
2015-12-01,99.72132431,100.4267786
2016-01-01,99.84303881,100.6482307
2016-02-01,97.70515024,97.95985916
2016-03-01,98.68114873,98.65239086
2016-04-01,98.51310524,99.15870511
2016-05-01,98.46245858,99.87957359
2016-06-01,98.31977163,100.5965447
2016-07-01,99.15433482,102.1714965
2016-08-01,99.14783833,101.9446432
2016-09-01,99.65178192,101.8792855
2016-10-01,100.3147642,102.7870934
2016-11-01,100.452416,102.642463
2016-12-01,101.2011378,102.5749915
2017-01-01,100.7265788,101.5124982
2017-02-01,101.5891799,102.3752804
2017-03-01,103.3931393,104.0422923
2017-04-01,105.2174867,106.0465878
2017-05-01,104.8712529,105.7495414
2017-06-01,104.2747861,105.4512675
2017-07-01,103.7702918,106.7709746
2017-08-01,103.9091278,107.5006409
2017-09-01,102.6043957,105.6433857
2017-10-01,102.4047452,105.9591199
2017-11-01,102.9902146,107.6506383
2017-12-01,103.5776135,107.6348225
2018-01-01,103.1452827,106.2692202
2018-02-01,101.5036203,103.7386379
2018-03-01,100.652343,102.9983614
2018-04-01,100.0450392,102.7563781
2018-05-01,98.78522334,101.754017
2018-06-01,99.21235878,102.2995894
2018-07-01,98.8550212,102.697442
2018-08-01,98.48048312,102.3487811
2018-09-01,95.10000149,98.31422308
2018-10-01,93.69369589,96.98295417
2018-11-01,96.08474504,99.71367366
2018-12-01,97.48214558,100.6870795
2019-01-01,96.88035915,99.68380247
2019-02-01,96.06862942,98.71113003
2019-03-01,98.73083816,101.4173969
2019-04-01,98.97730289,101.8318838
2019-05-01,99.26390344,102.3821473
2019-06-01,99.4450684,103.0862696
2019-07-01,100.1411608,104.6668946
2019-08-01,97.85006008,102.4718522
2019-09-01,97.78532536,102.7700241
2019-10-01,98.05696167,103.7131004
2019-11-01,97.28237189,103.8286179
2019-12-01,97.42740798,104.9795028
2020-01-01,96.91339632,104.0760112
2020-02-01,97.57017605,103.7744902
2020-03-01,95.24783002,101.0429696
2020-04-01,93.99279185,102.4142391
2020-05-01,94.39714719,102.6470169
2020-06-01,93.09388076,101.5053325
2020-07-01,93.67685168,103.2270672
2020-08-01,93.47224505,103.0570661
2020-09-01,94.82038016,105.5668841
2020-10-01,94.68156085,106.3671939
2020-11-01,93.00708638,104.8518559
2020-12-01,92.95346334,103.3003957
2021-01-01,93.70801111,102.9834764
2021-02-01,94.23164524,103.4846879
2021-03-01,95.00882374,103.9536008
2021-04-01,92.26369311,102.2146729
2021-05-01,93.24513746,104.7702598
2021-06-01,93.0319616,104.7942816
2021-07-01,92.62957035,104.879404
2021-08-01,93.19039782,105.2338976
2021-09-01,93.92206188,106.0359342
2021-10-01,93.00139661,105.697097
2021-11-01,93.49570326,106.4656571
2021-12-01,92.94750029,105.0581811
2022-01-01,93.94013787,105.36
2022-02-01,93.16422698,104.0964417
2022-03-01,92.74069685,103.3416425
2022-04-01,93.09912036,105.0322459
2022-05-01,93.10375369,105.3493913
2022-06-01,92.36951903,104.239494
2022-07-01,91.828985,103.7234223
2022-08-01,92.02070523,104.0068009
2022-09-01,92.80928014,104.9153884
2022-10-01,91.66218994,104.1563771
2022-11-01,91.39499599,103.5273779
2022-12-01,89.26633956,100.3921038
2023-01-01,89.06486681,100.2387842
2023-02-01,88.45169619,99.38940824
2023-03-01,89.2806623,100.1112574
2023-04-01,89.0900767,100.2732391
2023-05-01,89.18778788,100.8011812
2023-06-01,90.32089182,102.9172548
2023-07-01,90.68860788,106.1662636
2023-08-01,90.85985484,105.4406355
2023-09-01,91.29388266,104.1601159
2023-10-01,91.71078674,105.1540388
2023-11-01,90.80004305,104.7531731
2023-12-01,90.31475891,103.6058424
2024-01-01,90.70035849,103.6915013
2024-02-01,91.94361257,104.7526758
2024-03-01,92.07202097,104.5792296
2024-04-01,91.98692854,104.5280007
2024-05-01,91.93970675,104.8459012
2024-06-01,92.1094309,106.3006759
2024-07-01,91.90963399,107.468623
2024-08-01,90.78870248,105.5326888
2024-09-01,90.35134199,105.4009975
2024-10-01,90.85164673,107.3154371
2024-11-01,91.67769842,108.0326893
2024-12-01,91.53322066,106.9176558
2025-01-01,90.69979238,104.491822
2025-02-01,89.29630433,102.342402
2025-03-01,88.99991273,101.7204502
2025-04-01,88.99318697,101.5589542
2025-05-01,88.35184874,101.0309967
2025-06-01,86.92473672,99.92595214
2025-07-01,86.48423805,100.0788096
2025-08-01,85.3903856,98.74886587
2025-09-01,84.47647823,97.30965449
2025-10-01,84.50354489,97.13793203
2025-11-01,84.27096278,97.19855451
2025-12-01,82.63889303,95.10709181
2026-01-01,82.14201486,94.7813721
2026-02-01,81.69967088,93.98910676
2026-03-01,80.79470146,92.56989356
2026-04-01,79.65730831,90.95792161
