,current_account_usd_mn
2000-04-01,-2563.0
2000-05-01,-2563.0
2000-06-01,-2563.0
2000-07-01,-1631.0
2000-08-01,-1631.0
2000-09-01,-1631.0
2000-10-01,755.0
2000-11-01,755.0
2000-12-01,755.0
2001-01-01,773.0
2001-02-01,773.0
2001-03-01,773.0
2001-04-01,1127.0
2001-05-01,1127.0
2001-06-01,1127.0
2001-07-01,-965.0
2001-08-01,-965.0
2001-09-01,-965.0
2001-10-01,475.0
2001-11-01,475.0
2001-12-01,475.0
2002-01-01,2763.0
2002-02-01,2763.0
2002-03-01,2763.0
2002-04-01,1129.0
2002-05-01,1129.0
2002-06-01,1129.0
2002-07-01,1815.0
2002-08-01,1815.0
2002-09-01,1815.0
2002-10-01,1354.0
2002-11-01,1354.0
2002-12-01,1354.0
2003-01-01,2047.0
2003-02-01,2047.0
2003-03-01,2047.0
2003-04-01,-422.0
2003-05-01,-422.0
2003-06-01,-422.0
2003-07-01,3186.0
2003-08-01,3186.0
2003-09-01,3186.0
2003-10-01,3962.0
2003-11-01,3962.0
2003-12-01,3962.0
2004-01-01,7357.0
2004-02-01,7357.0
2004-03-01,7357.0
2004-04-01,3608.0
2004-05-01,3608.0
2004-06-01,3608.0
2004-07-01,-4430.0
2004-08-01,-4430.0
2004-09-01,-4430.0
2004-10-01,-5754.0
2004-11-01,-5754.0
2004-12-01,-5754.0
2005-01-01,4106.0
2005-02-01,4106.0
2005-03-01,4106.0
2005-04-01,-4794.0
2005-05-01,-4794.0
2005-06-01,-4794.0
2005-07-01,-4684.0
2005-08-01,-4684.0
2005-09-01,-4684.0
2005-10-01,-4913.0
2005-11-01,-4913.0
2005-12-01,-4913.0
2006-01-01,4489.0
2006-02-01,4489.0
2006-03-01,4489.0
2006-04-01,-4437.0
2006-05-01,-4437.0
2006-06-01,-4437.0
2006-07-01,-5747.0
2006-08-01,-5747.0
2006-09-01,-5747.0
2006-10-01,-3604.0
2006-11-01,-3604.0
2006-12-01,-3604.0
2007-01-01,4223.0
2007-02-01,4223.0
2007-03-01,4223.0
2007-04-01,-4532.0
2007-05-01,-4532.0
2007-06-01,-4532.0
2007-07-01,-4257.0
2007-08-01,-4257.0
2007-09-01,-4257.0
2007-10-01,-3511.0
2007-11-01,-3511.0
2007-12-01,-3511.0
2008-01-01,-3438.0
2008-02-01,-3438.0
2008-03-01,-3438.0
2008-04-01,-3400.776376
2008-05-01,-3400.776376
2008-06-01,-3400.776376
2008-07-01,-12264.168668
2008-08-01,-12264.168668
2008-09-01,-12264.168668
2008-10-01,-11870.949995
2008-11-01,-11870.949995
2008-12-01,-11870.949995
2009-01-01,-379.599996
2009-02-01,-379.599996
2009-03-01,-379.599996
2009-04-01,-4152.119115
2009-05-01,-4152.119115
2009-06-01,-4152.119115
2009-07-01,-9195.936218
2009-08-01,-9195.936218
2009-09-01,-9195.936218
2009-10-01,-12183.987527
2009-11-01,-12183.987527
2009-12-01,-12183.987527
2010-01-01,-12648.470307
2010-02-01,-12648.470307
2010-03-01,-12648.470307
2010-04-01,-13366.006538
2010-05-01,-13366.006538
2010-06-01,-13366.006538
2010-07-01,-17215.394511
2010-08-01,-17215.394511
2010-09-01,-17215.394511
2010-10-01,-11238.674859
2010-11-01,-11238.674859
2010-12-01,-11238.674859
2011-01-01,-6232.865843
2011-02-01,-6232.865843
2011-03-01,-6232.865843
2011-04-01,-17541.329634
2011-05-01,-17541.329634
2011-06-01,-17541.329634
2011-07-01,-18891.771952
2011-08-01,-18891.771952
2011-09-01,-18891.771952
2011-10-01,-19953.939632
2011-11-01,-19953.939632
2011-12-01,-19953.939632
2012-01-01,-21767.952584
2012-02-01,-21767.952584
2012-03-01,-21767.952584
2012-04-01,-17093.42491
2012-05-01,-17093.42491
2012-06-01,-17093.42491
2012-07-01,-21128.9732
2012-08-01,-21128.9732
2012-09-01,-21128.9732
2012-10-01,-31769.88643
2012-11-01,-31769.88643
2012-12-01,-31769.88643
2013-01-01,-18170.46836
2013-02-01,-18170.46836
2013-03-01,-18170.46836
2013-04-01,-21767.871139
2013-05-01,-21767.871139
2013-06-01,-21767.871139
2013-07-01,-5129.195916
2013-08-01,-5129.195916
2013-09-01,-5129.195916
2013-10-01,-4056.034013
2013-11-01,-4056.034013
2013-12-01,-4056.034013
2014-01-01,-1342.954753
2014-02-01,-1342.954753
2014-03-01,-1342.954753
2014-04-01,-7481.646936
2014-05-01,-7481.646936
2014-06-01,-7481.646936
2014-07-01,-10962.127304
2014-08-01,-10962.127304
2014-09-01,-10962.127304
2014-10-01,-7708.202169
2014-11-01,-7708.202169
2014-12-01,-7708.202169
2015-01-01,-706.653666
2015-02-01,-706.653666
2015-03-01,-706.653666
2015-04-01,-6132.475498
2015-05-01,-6132.475498
2015-06-01,-6132.475498
2015-07-01,-8558.839801
2015-08-01,-8558.839801
2015-09-01,-8558.839801
2015-10-01,-7121.280813
2015-11-01,-7121.280813
2015-12-01,-7121.280813
2016-01-01,-337.997298
2016-02-01,-337.997298
2016-03-01,-337.997298
2016-04-01,-401.0725744978
2016-05-01,-401.0725744978
2016-06-01,-401.0725744978
2016-07-01,-3466.7090479803
2016-08-01,-3466.7090479803
2016-09-01,-3466.7090479803
2016-10-01,-7975.705100524
2016-11-01,-7975.705100524
2016-12-01,-7975.705100524
2017-01-01,-2573.2235488081
2017-02-01,-2573.2235488081
2017-03-01,-2573.2235488081
2017-04-01,-14978.9914132372
2017-05-01,-14978.9914132372
2017-06-01,-14978.9914132372
2017-07-01,-6955.6603145652
2017-08-01,-6955.6603145652
2017-09-01,-6955.6603145652
2017-10-01,-13716.1835025
2017-11-01,-13716.1835025
2017-12-01,-13716.1835025
2018-01-01,-13066.3771304374
2018-02-01,-13066.3771304374
2018-03-01,-13066.3771304374
2018-04-01,-15803.4671700706
2018-05-01,-15803.4671700706
2018-06-01,-15803.4671700706
2018-07-01,-19053.5118233536
2018-08-01,-19053.5118233536
2018-09-01,-19053.5118233536
2018-10-01,-17751.9366590634
2018-11-01,-17751.9366590634
2018-12-01,-17751.9366590634
2019-01-01,-4647.4476414917
2019-02-01,-4647.4476414917
2019-03-01,-4647.4476414917
2019-04-01,-15004.4949081796
2019-05-01,-15004.4949081796
2019-06-01,-15004.4949081796
2019-07-01,-7579.48443585215
2019-08-01,-7579.48443585215
2019-09-01,-7579.48443585215
2019-10-01,-2629.97744411774
2019-11-01,-2629.97744411774
2019-12-01,-2629.97744411774
2020-01-01,557.68612088816
2020-02-01,557.68612088816
2020-03-01,557.68612088816
2020-04-01,19057.9485934472
2020-05-01,19057.9485934472
2020-06-01,19057.9485934472
2020-07-01,15250.1933466206
2020-08-01,15250.1933466206
2020-09-01,15250.1933466206
2020-10-01,-2234.57407667465
2020-11-01,-2234.57407667465
2020-12-01,-2234.57407667465
2021-01-01,-8161.24078888493
2021-02-01,-8161.24078888493
2021-03-01,-8161.24078888493
2021-04-01,6559.31664320559
2021-05-01,6559.31664320559
2021-06-01,6559.31664320559
2021-07-01,-9733.88522441173
2021-08-01,-9733.88522441173
2021-09-01,-9733.88522441173
2021-10-01,-22166.6126604523
2021-11-01,-22166.6126604523
2021-12-01,-22166.6126604523
2022-01-01,-13424.3833675611
2022-02-01,-13424.3833675611
2022-03-01,-13424.3833675611
2022-04-01,-17964.3277001369
2022-05-01,-17964.3277001369
2022-06-01,-17964.3277001369
2022-07-01,-30902.378298095
2022-08-01,-30902.378298095
2022-09-01,-30902.378298095
2022-10-01,-16832.1016199737
2022-11-01,-16832.1016199737
2022-12-01,-16832.1016199737
2023-01-01,-1355.97761895583
2023-02-01,-1355.97761895583
2023-03-01,-1355.97761895583
2023-04-01,-8963.549144834
2023-05-01,-8963.549144834
2023-06-01,-8963.549144834
2023-07-01,-11284.09279688
2023-08-01,-11284.09279688
2023-09-01,-11284.09279688
2023-10-01,-10430.461467138
2023-11-01,-10430.461467138
2023-12-01,-10430.461467138
2024-01-01,4567.237226804
2024-02-01,4567.237226804
2024-03-01,4567.237226804
2024-04-01,-4484.468278304
2024-05-01,-4484.468278304
2024-06-01,-4484.468278304
2024-07-01,-20862.360908736
2024-08-01,-20862.360908736
2024-09-01,-20862.360908736
2024-10-01,-11338.391627301
2024-11-01,-11338.391627301
2024-12-01,-11338.391627301
2025-01-01,13625.532595705
2025-02-01,13625.532595705
2025-03-01,13625.532595705
2025-04-01,-2907.711322111
2025-05-01,-2907.711322111
2025-06-01,-2907.711322111
2025-07-01,-14132.402610501
2025-08-01,-14132.402610501
2025-09-01,-14132.402610501
2025-10-01,-13197.808139262
