date,exports_usd_mn,imports_usd_mn
2000-01-01,2748.0,3879.0
2000-02-01,3404.0,4344.0
2000-03-01,3860.0,4871.0
2000-04-01,3310.0,4401.0
2000-05-01,3577.0,4371.0
2000-06-01,3455.0,4028.0
2000-07-01,3526.0,4487.0
2000-08-01,3670.0,3993.0
2000-09-01,3848.0,4249.0
2000-10-01,3719.0,4264.0
2000-11-01,3604.0,4698.0
2000-12-01,3657.0,3976.0
2001-01-01,3666.0,4007.0
2001-02-01,3695.0,3457.0
2001-03-01,4309.0,4625.0
2001-04-01,3115.0,4094.0
2001-05-01,3629.0,4674.0
2001-06-01,3612.0,4017.0
2001-07-01,3433.0,4923.0
2001-08-01,3647.0,4372.0
2001-09-01,3702.0,3902.0
2001-10-01,3718.0,4093.0
2001-11-01,3576.0,4158.0
2001-12-01,3250.0,4079.0
2002-01-01,4253.0,4243.0
2002-02-01,3535.0,3759.0
2002-03-01,4141.0,4433.0
2002-04-01,4035.0,4207.0
2002-05-01,4080.0,5181.0
2002-06-01,3963.0,4251.0
2002-07-01,4583.0,4874.0
2002-08-01,4522.0,4861.0
2002-09-01,4484.0,5086.0
2002-10-01,4752.0,5593.0
2002-11-01,4049.0,5072.0
2002-12-01,3985.0,4972.0
2003-01-01,4850.0,5571.0
2003-02-01,4286.0,4631.0
2003-03-01,5151.0,5891.0
2003-04-01,4314.0,5764.0
2003-05-01,4696.0,6175.0
2003-06-01,4398.0,5727.0
2003-07-01,4637.0,5784.0
2003-08-01,4516.0,5785.0
2003-09-01,5481.0,6305.0
2003-10-01,5609.0,7019.0
2003-11-01,4902.0,6467.0
2003-12-01,6120.0,7450.0
2004-01-01,5216.0,6898.0
2004-02-01,6227.0,6844.0
2004-03-01,7863.0,8034.0
2004-04-01,5643.0,6987.0
2004-05-01,5963.0,8073.0
2004-06-01,6068.0,8717.0
2004-07-01,5819.0,7872.0
2004-08-01,5983.0,8132.0
2004-09-01,6919.0,9420.0
2004-10-01,6519.0,8989.0
2004-11-01,7086.0,9358.0
2004-12-01,7357.0,10457.0
2005-01-01,8194.0,11009.0
2005-02-01,8046.0,10357.0
2005-03-01,10155.0,12369.0
2005-04-01,7680.0,11336.0
2005-05-01,7977.0,13232.0
2005-06-01,7893.0,11803.0
2005-07-01,7492.0,11509.0
2005-08-01,8571.0,12760.0
2005-09-01,8457.0,12896.0
2005-10-01,8622.0,11883.0
2005-11-01,7293.0,11326.0
2005-12-01,9235.0,12390.0
2006-01-01,9168.0,12894.0
2006-02-01,9055.0,11535.0
2006-03-01,11561.0,14314.0
2006-04-01,8625.0,12924.5
2006-05-01,10109.7,15106.0
2006-06-01,10420.0,14400.1
2006-07-01,10600.1,14985.4
2006-08-01,10769.5,15326.7
2006-09-01,10756.9,17351.1
2006-10-01,9928.6,17512.4
2006-11-01,9979.4,16381.2
2006-12-01,10834.5,15679.6
2007-01-01,10967.0,14446.9
2007-02-01,10561.2,14484.7
2007-03-01,12862.4,17136.6
2007-04-01,11326.8,18370.6
2007-05-01,12455.7,21149.5
2007-06-01,12101.0,20016.0
2007-07-01,12513.3,21128.6
2007-08-01,12640.6,20365.9
2007-09-01,12521.4,18217.5
2007-10-01,14674.7,21832.6
2007-11-01,12909.3,22104.1
2007-12-01,14625.5,20116.9
2008-01-01,14889.1,22844.4
2008-02-01,15116.2,20804.4
2008-03-01,17254.0,23573.7
2008-04-01,18460.4,30316.9
2008-05-01,18686.6,29443.6
2008-06-01,19180.9,28950.6
2008-07-01,19030.4,31625.5
2008-08-01,17759.3,33523.2
2008-09-01,15789.1,31135.7
2008-10-01,14130.8,25869.3
2008-11-01,11163.3,23488.2
2008-12-01,13368.2,19456.3
2009-01-01,12869.0,18228.2
2009-02-01,11940.9,15062.2
2009-03-01,12916.3,16596.6
2009-04-01,12475.7,19340.7
2009-05-01,12316.5,20036.4
2009-06-01,13606.3,23055.0
2009-07-01,14341.3,21723.5
2009-08-01,13586.3,22448.7
2009-09-01,14624.2,21527.2
2009-10-01,14806.0,25935.8
2009-11-01,14932.7,24996.5
2009-12-01,16493.5,28251.4
2010-01-01,15557.1,25267.0
2010-02-01,15757.7,26163.8
2010-03-01,20254.1,29626.9
2010-04-01,18139.1,31674.9
2010-05-01,17282.0,29747.1
2010-06-01,20667.1,28648.6
2010-07-01,16954.5,29669.9
2010-08-01,17750.4,27107.7
2010-09-01,18984.2,29511.8
2010-10-01,19080.8,32461.7
2010-11-01,22575.0,28842.3
2010-12-01,23349.4,31511.1
2011-01-01,22691.8,33353.6
2011-02-01,23243.5,32973.4
2011-03-01,30418.5,34267.0
2011-04-01,23469.524697,36595.861501
2011-05-01,26521.927621,45254.240153
2011-06-01,26536.13253,40849.469998
2011-07-01,26426.535021,41105.880124
2011-08-01,24768.351766,39984.687841
2011-09-01,26561.19713,39756.06996
2011-10-01,23632.020963,41175.060753
2011-11-01,23269.706046,39102.479349
2011-12-01,25365.693663,40044.058372
2012-01-01,25379.050518,42952.469339
2012-02-01,25194.420517,40118.536519
2012-03-01,28839.37,42380.69
2012-04-01,23791.85609,38171.037579
2012-05-01,24821.435239,42187.32125
2012-06-01,24924.263172,36157.370675
2012-07-01,23099.875455,40619.444564
2012-08-01,23134.474792,37307.265749
2012-09-01,24902.002444,42051.448384
2012-10-01,24032.900826,44243.752076
2012-11-01,23250.938695,40454.0064
2012-12-01,25457.539516,43050.573666
2013-01-01,25775.191177,44754.681249
2013-02-01,26668.77,40791.99
2013-03-01,30541.41,40947.79
2013-04-01,24524.539576,41577.149493
2013-05-01,24922.939445,43987.097928
2013-06-01,23998.411409,35304.356216
2013-07-01,25835.082274,38326.44782
2013-08-01,26337.977496,37026.02322
2013-09-01,28135.901695,34258.243662
2013-10-01,27480.129706,38075.016656
2013-11-01,24201.832772,33772.916062
2013-12-01,26393.05908,36580.093664
2014-01-01,26891.577111,36346.324453
2014-02-01,25353.24,33665.55
2014-03-01,30341.03,41294.46
2014-04-01,25827.540375,35795.638279
2014-05-01,28019.237643,39058.854636
2014-06-01,25926.627001,38352.390109
2014-07-01,25815.699795,40068.005067
2014-08-01,26825.30061,37472.782204
2014-09-01,28889.652138,43341.748368
2014-10-01,25914.721576,39468.755455
2014-11-01,26503.044384,42722.49263
2014-12-01,26172.793394,35333.272018
2015-01-01,24415.169792,32265.37127
2015-02-01,22008.044543,28725.378102
2015-03-01,24034.177853,35428.720215
2015-04-01,22137.213767,33506.505086
2015-05-01,22529.080184,32837.757293
2015-06-01,22323.722676,33536.23371
2015-07-01,23281.205117,36372.069889
2015-08-01,21582.676479,33981.728683
2015-09-01,21870.31423,32036.445496
2015-10-01,21456.110713,31148.328745
2015-11-01,19560.91709,29896.404965
2015-12-01,22593.353382,34096.490036
2016-01-01,21199.025451,28866.530777
2016-02-01,20845.724216,27418.979994
2016-03-01,22911.742382,27310.280823
2016-04-01,20863.472334,25689.177558
2016-05-01,22407.028245,28286.233407
2016-06-01,22655.583607,30917.01308
2016-07-01,21692.270863,29305.248157
2016-08-01,21597.086255,29303.198987
2016-09-01,22769.070768,31840.481481
2016-10-01,23360.614495,34495.092014
2016-11-01,20066.25774,33461.865209
2016-12-01,24056.477749,34602.469917
2017-01-01,22356.316704,32261.139355
2017-02-01,24384.971731,34248.437052
2017-03-01,28892.798379,39946.672104
2017-04-01,24579.014311,38834.650411
2017-05-01,23947.03531,38278.742888
2017-06-01,23012.651391,37055.024664
2017-07-01,22292.633411,34215.041814
2017-08-01,23355.109487,36070.616348
2017-09-01,28567.096732,37962.669459
2017-10-01,22888.701041,37501.433058
2017-11-01,26292.657425,41390.189147
2017-12-01,27832.559814,42030.787058
2018-01-01,25407.743953,40701.209668
2018-02-01,26030.721477,37871.272328
2018-03-01,29167.029889,42801.16479
2018-04-01,25949.464389,39966.951126
2018-05-01,28944.971019,43917.274066
2018-06-01,27158.075424,44806.585904
2018-07-01,25754.235583,44388.072262
2018-08-01,27808.31876,45731.108757
2018-09-01,27865.972165,42819.587442
2018-10-01,26673.950264,44677.886899
2018-11-01,26071.56472,43655.186161
2018-12-01,27858.291132,42351.016666
2019-01-01,26407.364294,41455.209687
2019-02-01,26862.075442,36591.126743
2019-03-01,32725.186271,43690.4449
2019-04-01,26037.651825,42387.256496
2019-05-01,29849.709402,46683.354924
2019-06-01,25027.345537,41032.494584
2019-07-01,26231.643087,40430.648303
2019-08-01,25987.936959,39852.083073
2019-09-01,26013.728169,37694.818924
2019-10-01,26212.38913,37986.365411
2019-11-01,25744.491675,38523.244936
2019-12-01,27096.050954,39594.104767
2020-01-01,25853.303508,41149.495366
2020-02-01,27742.764606,37904.473
2020-03-01,21490.667493,31470.916906
2020-04-01,10173.264466,17085.777269
2020-05-01,19246.54352,22859.868291
2020-06-01,22033.154907,21323.55235
2020-07-01,23782.4052,29116.06252
2020-08-01,22829.285673,31034.005771
2020-09-01,27559.04433,30518.34989
2020-10-01,24920.41079,34073.83709
2020-11-01,23619.94784,33812.29273
2020-12-01,27216.29376,42934.5448
2021-01-01,27538.27805,42030.07094
2021-02-01,27633.25189,40748.65307
2021-03-01,35256.60211,48898.86342
2021-04-01,30750.582034,46044.07977
2021-05-01,32298.976908,38834.637905
2021-06-01,32492.996104,42098.264095
2021-07-01,35512.816497,46146.973137
2021-08-01,33380.732323,45092.863104
2021-09-01,33814.611805,56286.422959
2021-10-01,35727.72671,53638.245923
2021-11-01,31795.049666,53025.06888
2021-12-01,39270.202467,60329.774619
2022-01-01,35233.005675,52566.769849
2022-02-01,37153.986672,55898.387362
2022-03-01,44573.710745,63090.562692
2022-04-01,39698.170067,58057.696892
2022-05-01,39003.616619,61126.440218
2022-06-01,42279.520977,64352.758296
2022-07-01,38335.803897,63771.393877
2022-08-01,37017.740035,61879.149607
2022-09-01,35390.796762,63372.111706
2022-10-01,31601.791937,57910.497047
2022-11-01,34887.098742,56951.410746
2022-12-01,38084.560544,61218.764185
2023-01-01,35799.376703,52826.378309
2023-02-01,37013.698236,53581.4998469999
2023-03-01,41957.821273,60920.796379
2023-04-01,34618.449645,49051.010857
2023-05-01,34953.430945,57452.915763
2023-06-01,34324.887656,53203.063818
2023-07-01,34489.893621,53145.933926
2023-08-01,38284.776857,62035.807183
2023-09-01,34407.980367,54225.188794
2023-10-01,33433.5355,63038.110072
2023-11-01,33745.88191,54755.727455
2023-12-01,38391.029217,56914.615874
2024-01-01,37323.801296,53706.862332
2024-02-01,41405.624064,59824.060438
2024-03-01,41692.743606,56638.657109
2024-04-01,39802.470777,54488.045592
2024-05-01,38780.797612,61675.192584
2024-06-01,35445.828241,55997.07111
2024-07-01,32679.534543,59473.540889
2024-08-01,32890.092243,68509.802606
2024-09-01,34079.176777,58719.625963
2024-10-01,38983.077189,65069.515466
2024-11-01,31942.523366,63928.512111
2024-12-01,37804.047023,58478.808297
2025-01-01,36338.507803,59430.335825
2025-02-01,36910.921551,50963.670715
2025-03-01,42047.598945,63507.140264
2025-04-01,38283.772069,65381.303211
2025-05-01,38303.588166,60855.300311
2025-06-01,34978.851579,54076.291864
2025-07-01,37017.645092,64885.238207
2025-08-01,34770.202664,61975.697014
2025-09-01,36134.088861,69094.979158
2025-10-01,34111.488826,76727.748969
2025-11-01,37879.713986,62981.177862
2025-12-01,38238.330299,64476.039846
2026-01-01,36474.160819,71226.630931
2026-02-01,36619.662258,63709.076388
2026-03-01,38918.611163,59588.704796
