,inr_usd
2000-01-01,43.55027
2000-02-01,43.61245
2000-03-01,43.58847
2000-04-01,43.64028
2000-05-01,43.98503
2000-06-01,44.69095
2000-07-01,44.7825
2000-08-01,45.6881
2000-09-01,45.889
2000-10-01,46.3475
2000-11-01,46.78227
2000-12-01,46.75053
2001-01-01,46.54545
2001-02-01,46.51889
2001-03-01,46.6205
2001-04-01,46.78647
2001-05-01,46.92
2001-06-01,47.0045
2001-07-01,47.14182
2001-08-01,47.127
2001-09-01,47.646
2001-10-01,48.02048
2001-11-01,47.99737
2001-12-01,47.92263
2002-01-01,48.31522
2002-02-01,48.6915
2002-03-01,48.73944
2002-04-01,48.9195
2002-05-01,49.0
2002-06-01,48.9665
2002-07-01,48.76391
2002-08-01,48.58667
2002-09-01,48.44158
2002-10-01,48.37286
2002-11-01,48.25526
2002-12-01,48.14
2003-01-01,47.93261
2003-02-01,47.73579
2003-03-01,47.64105
2003-04-01,47.3775
2003-05-01,47.08316
2003-06-01,46.70905
2003-07-01,46.22957
2003-08-01,45.9355
2003-09-01,45.85048
2003-10-01,45.39045
2003-11-01,45.52
2003-12-01,45.59091
2004-01-01,45.45667
2004-02-01,45.27167
2004-03-01,45.01476
2004-04-01,43.93333
2004-05-01,45.258
2004-06-01,45.51591
2004-07-01,46.04364
2004-08-01,46.34238
2004-09-01,46.0981
2004-10-01,45.78368
2004-11-01,45.12684
2004-12-01,43.98043
2005-01-01,43.75684
2005-02-01,43.677
2005-03-01,43.69
2005-04-01,43.74118
2005-05-01,43.49143
2005-06-01,43.58591
2005-07-01,43.53737
2005-08-01,43.62591
2005-09-01,43.9165
2005-10-01,44.8225
2005-11-01,45.7285
2005-12-01,45.64545
2006-01-01,44.3985
2006-02-01,44.33105
2006-03-01,44.4819
2006-04-01,44.94941
2006-05-01,45.40909
2006-06-01,46.05545
2006-07-01,46.45619
2006-08-01,46.53909
2006-09-01,46.12095
2006-10-01,45.46842
2006-11-01,44.85045
2006-12-01,44.6345
2007-01-01,44.333
2007-02-01,44.16056
2007-03-01,44.0255
2007-04-01,42.15105
2007-05-01,40.77952
2007-06-01,40.7719
2007-07-01,40.41636
2007-08-01,40.81762
2007-09-01,40.34
2007-10-01,39.51318
2007-11-01,39.44
2007-12-01,39.44
2008-01-01,39.37478
2008-02-01,39.72952
2008-03-01,40.35667
2008-04-01,40.02778
2008-05-01,42.1255
2008-06-01,42.82
2008-07-01,42.83652
2008-08-01,42.93895
2008-09-01,45.564
2008-10-01,48.64222
2008-11-01,49.00333
2008-12-01,48.6419
2009-01-01,48.8345
2009-02-01,49.22222
2009-03-01,51.23158
2009-04-01,50.06188
2009-05-01,48.534
2009-06-01,47.77364
2009-07-01,48.47652
2009-08-01,48.337
2009-09-01,48.43895
2009-10-01,46.72105
2009-11-01,46.569
2009-12-01,46.63
2010-01-01,45.963
2010-02-01,46.32579
2010-03-01,45.498
2010-04-01,44.49895
2010-05-01,45.8045
2010-06-01,46.56455
2010-07-01,46.83636
2010-08-01,46.56714
2010-09-01,46.059
2010-10-01,44.4107
2010-11-01,45.01825
2010-12-01,45.1568
2011-01-01,45.39338
2011-02-01,45.43579
2011-03-01,44.99136
2011-04-01,44.37
2011-05-01,44.90452
2011-06-01,44.85364
2011-07-01,44.4174
2011-08-01,45.2788
2011-09-01,47.632
2011-10-01,49.25792
2011-11-01,50.85644
2011-12-01,52.6769
2012-01-01,51.3392
2012-02-01,49.1671
2012-03-01,50.3213
2012-04-01,51.8121
2012-05-01,54.47353
2012-06-01,56.03021
2012-07-01,55.49475
2012-08-01,55.55979
2012-09-01,54.60552
2012-10-01,53.02393
2012-11-01,54.77581
2012-12-01,54.6478
2013-01-01,54.3168
2013-02-01,53.77372
2013-03-01,54.40462
2013-04-01,54.37571
2013-05-01,55.01081
2013-06-01,58.3973
2013-07-01,59.7754
2013-08-01,63.2088
2013-09-01,63.75214
2013-10-01,61.61556
2013-11-01,62.63296
2013-12-01,61.91031
2014-01-01,62.07597
2014-02-01,62.25401
2014-03-01,61.01399
2014-04-01,60.35662
2014-05-01,59.30502
2014-06-01,59.7307
2014-07-01,60.05857
2014-08-01,60.89517
2014-09-01,60.86492
2014-10-01,61.34199
2014-11-01,61.70418
2014-12-01,62.75295
2015-01-01,62.22593
2015-02-01,62.03761
2015-03-01,62.44984
2015-04-01,62.75316
2015-05-01,63.80033
2015-06-01,63.86074
2015-07-01,63.63498
2015-08-01,65.07233
2015-09-01,66.21781
2015-10-01,65.05801
2015-11-01,66.11709
2015-12-01,66.59551
2016-01-01,67.25233
2016-02-01,68.23767
2016-03-01,67.02185
2016-04-01,66.46953
2016-05-01,66.90673
2016-06-01,67.29686
2016-07-01,67.20763
2016-08-01,66.93964
2016-09-01,66.73773
2016-10-01,66.74769
2016-11-01,67.62566
2016-12-01,67.90043
2017-01-01,68.08037
2017-02-01,67.07545
2017-03-01,65.87666
2017-04-01,64.50709
2017-05-01,64.42484
2017-06-01,64.44299
2017-07-01,64.45588
2017-08-01,63.96839
2017-09-01,64.44095
2017-10-01,65.08128
2017-11-01,64.86261
2017-12-01,64.24232
2018-01-01,63.6369
2018-02-01,64.37384
2018-03-01,65.02133
2018-04-01,65.63635
2018-05-01,67.53936
2018-06-01,67.79307
2018-07-01,68.69336
2018-08-01,69.54651
2018-09-01,72.21528
2018-10-01,73.6323
2018-11-01,71.85424
2018-12-01,70.73107
2019-01-01,70.73287
2019-02-01,71.221768
2019-03-01,69.47865
2019-04-01,69.42741
2019-05-01,69.77312
2019-06-01,69.43886
2019-07-01,68.8083
2019-08-01,71.1457
2019-09-01,71.33366
2019-10-01,71.03945
2019-11-01,71.4517
2019-12-01,71.1926
2020-01-01,71.31378
2020-02-01,71.48852
2020-03-01,74.3507
2020-04-01,76.236488
2020-05-01,75.65988
2020-06-01,75.72684
2020-07-01,74.99339
2020-08-01,74.67192
2020-09-01,73.481741
2020-10-01,73.45811
2020-11-01,74.21979
2020-12-01,73.59365
2021-01-01,73.109395
2021-02-01,72.75646
2021-03-01,72.7928
2021-04-01,74.472212
2021-05-01,73.26774
2021-06-01,73.55826
2021-07-01,74.52697
2021-08-01,74.18459
2021-09-01,73.56341
2021-10-01,74.91528
2021-11-01,74.49651
2021-12-01,75.37252
2022-01-01,74.4416
2022-02-01,75.00313
2022-03-01,76.24447
2022-04-01,76.16783
2022-05-01,77.31928
2022-06-01,78.07458
2022-07-01,79.60155
2022-08-01,79.55505
2022-09-01,80.23155
2022-10-01,82.340117
2022-11-01,81.81052
2022-12-01,82.46421
2023-01-01,81.89959
2023-02-01,82.60855
2023-03-01,82.28857
2023-04-01,82.02078
2023-05-01,82.34332
2023-06-01,82.233657
2023-07-01,82.151943
2023-08-01,82.78539
2023-09-01,83.0475
2023-10-01,83.23534
2023-11-01,83.29801
2023-12-01,83.2787
2024-01-01,83.120981
2024-02-01,82.96364
2024-03-01,82.997627777778
2024-04-01,83.406011111111
2024-05-01,83.39294
2024-06-01,83.470915789474
2024-07-01,83.594654545455
2024-08-01,83.89629
2024-09-01,83.808215
2024-10-01,84.029514
2024-11-01,84.364361
2024-12-01,84.986229
2025-01-01,86.265748
2025-02-01,87.05475
2025-03-01,86.637663
2025-04-01,85.561217
2025-05-01,85.189685
2025-06-01,85.903433
2025-07-01,86.114622
2025-08-01,87.518389473684
2025-09-01,88.32259047619
2025-10-01,88.4164
2025-11-01,88.825605263158
2025-12-01,90.091277272727
2026-01-01,90.799085
2026-02-01,90.730847368421
2026-03-01,92.7608
2026-04-01,93.550242105263
