,fpi_flows_usd_mn
01-01-2000,42.25002509
01-02-2000,625.2801666
01-03-2000,312.0091162
01-04-2000,558.6719425
01-05-2000,39.14286292
01-06-2000,-220.5166818
01-07-2000,-350.402501
01-08-2000,355.8935478
01-09-2000,-98.97796858
01-10-2000,16.4669076
01-11-2000,233.0177651
01-12-2000,-98.77535078
01-01-2001,853.269224
01-02-2001,338.3872659
01-03-2001,472.9250008
01-04-2001,362.2842245
01-05-2001,219.7357204
01-06-2001,172.1111808
01-07-2001,163.9733044
01-08-2001,57.29199822
01-09-2001,-48.06279646
01-10-2001,125.9879118
01-11-2001,33.75184932
01-12-2001,58.2188415
01-01-2002,76.58042331
01-02-2002,415.6783011
01-03-2002,99.30356196
01-04-2002,-16.76223183
01-05-2002,-31.42857143
01-06-2002,-37.37248935
01-07-2002,62.54625603
01-08-2002,39.51701156
01-09-2002,87.11524273
01-10-2002,-91.78700618
01-11-2002,70.87310275
01-12-2002,94.93144994
01-01-2003,226.9853446
01-02-2003,90.7076221
01-03-2003,61.50158319
01-04-2003,120.812622
01-05-2003,261.8664508
01-06-2003,555.1279677
01-07-2003,539.8903775
01-08-2003,448.0347444
01-09-2003,882.8020993
01-10-2003,1528.894294
01-11-2003,721.0874341
01-12-2003,1379.790401
01-01-2004,548.4035676
01-02-2004,703.0312776
01-03-2004,1957.535706
01-04-2004,957.7830772
01-05-2004,-696.2945778
01-06-2004,112.2684354
01-07-2004,280.7836218
01-08-2004,615.0417825
01-09-2004,610.7865617
01-10-2004,863.1984148
01-11-2004,1405.941564
01-12-2004,1339.232018
01-01-2005,302.6361136
01-02-2005,1715.722234
01-03-2005,1804.893568
01-04-2005,-216.2721719
01-05-2005,-134.9691192
01-06-2005,1307.532641
01-07-2005,1697.622066
01-08-2005,936.3701525
01-09-2005,741.862398
01-10-2005,-849.573317
01-11-2005,996.9712543
01-12-2005,2106.453108
01-01-2006,1166.030384
01-02-2006,1772.798073
01-03-2006,1427.097314
01-04-2006,160.6405957
01-05-2006,-1966.637076
01-06-2006,386.8966648
01-07-2006,231.004738
01-08-2006,859.0735229
01-09-2006,1002.609443
01-10-2006,1276.712496
01-11-2006,1567.116941
01-12-2006,-418.8441676
01-01-2007,718.3948751
01-02-2007,968.9800129
01-03-2007,467.2405765
01-04-2007,1127.582824
01-05-2007,795.048593
01-06-2007,1768.379693
01-07-2007,4828.561998
01-08-2007,-1586.648119
01-09-2007,4914.080317
01-10-2007,4144.348797
01-11-2007,-773.8615619
01-12-2007,1281.673428
01-01-2008,-3301.854639
01-02-2008,1959.31388
01-03-2008,335.6049942
01-04-2008,368.731416
01-05-2008,-801.98692
01-06-2008,-2435.635217
01-07-2008,-386.0747792
01-08-2008,-654.0076085
01-09-2008,-1656.770696
01-10-2008,-2767.4292
01-11-2008,-532.0964922
01-12-2008,453.9049667
01-01-2009,-798.0034607
01-02-2009,-357.326427
01-03-2009,101.8649044
01-04-2009,1622.589883
01-05-2009,4350.508922
01-06-2009,906.6820113
01-07-2009,2472.842523
01-08-2009,795.9285847
01-09-2009,4197.987363
01-10-2009,1831.76748
01-11-2009,1230.004939
01-12-2009,2273.375509
01-01-2010,-529.8326915
01-02-2010,590.1982459
01-03-2010,4390.656732
01-04-2010,2015.137436
01-05-2010,-1887.759936
01-06-2010,2028.813765
01-07-2010,3633.491159
01-08-2010,2232.7418
01-09-2010,6406.328839
01-10-2010,5546.926754
01-11-2010,3970.494188
01-12-2010,480.4436984
01-01-2011,-1354.162215
01-02-2011,-853.5121762
01-03-2011,2093.068536
01-04-2011,732.3619563
01-05-2011,-566.9986006
01-06-2011,1229.164456
01-07-2011,1265.589611
01-08-2011,-1975.301907
01-09-2011,598.9691804
01-10-2011,568.1116864
01-11-2011,-772.5491599
01-12-2011,-3.160778254
01-01-2012,2208.680696
01-02-2012,5123.743316
01-03-2012,1746.119437
01-04-2012,-235.0802226
01-05-2012,-244.5224314
01-06-2012,726.750801
01-07-2012,1405.538362
01-08-2012,1775.744653
01-09-2012,3834.41088
01-10-2012,1951.194489
01-11-2012,2025.711715
01-12-2012,4298.434704
01-01-2013,4126.899965
01-02-2013,4108.884414
01-03-2013,2032.180355
01-04-2013,1129.357207
01-05-2013,3778.228315
01-06-2013,-1605.242023
01-07-2013,-1055.618197
01-08-2013,-918.3278278
01-09-2013,2048.900633
01-10-2013,2973.909512
01-11-2013,1217.505927
01-12-2013,2538.536796
01-01-2014,52.13450551
01-02-2014,475.3187787
01-03-2014,3618.084967
01-04-2014,1312.697762
01-05-2014,2840.231738
01-06-2014,1885.127748
01-07-2014,1843.606999
01-08-2014,1121.510951
01-09-2014,995.9480765
01-10-2014,63.10522368
01-11-2014,2221.689033
01-12-2014,-145.0051352
01-01-2015,2902.809167
01-02-2015,1414.625741
01-03-2015,1637.794428
01-04-2015,1236.750468
01-05-2015,-74.45102557
01-06-2015,-908.3828343
01-07-2015,939.7347182
01-08-2015,-2510.129882
01-09-2015,-764.2958896
01-10-2015,784.5306058
01-11-2015,-768.4851224
01-12-2015,164.8759804
01-01-2016,-1495.858954
01-02-2016,-1117.564536
01-03-2016,3821.589526
01-04-2016,1042.432525
01-05-2016,382.7716584
01-06-2016,762.739896
01-07-2016,1635.677378
01-08-2016,1531.827778
01-09-2016,1507.992555
01-10-2016,-756.5804899
01-11-2016,-2566.333549
01-12-2016,-1270.095049
01-01-2017,-201.6734045
01-02-2017,1656.4928
01-03-2017,5113.040036
01-04-2017,-269.7377916
01-05-2017,1696.550585
01-06-2017,569.0300838
01-07-2017,712.4253055
01-08-2017,-1848.412943
01-09-2017,-1827.409435
01-10-2017,-170.5559571
01-11-2017,2435.609668
01-12-2017,-222.9060221
01-01-2018,2273.209412
01-02-2018,-1838.324388
01-03-2018,2591.457296
01-04-2018,-845.9047464
01-05-2018,-1489.506267
01-06-2018,-712.6436375
01-07-2018,329.5689714
01-08-2018,255.2838381
01-09-2018,-1498.948699
01-10-2018,-3927.783052
01-11-2018,832.3642418
01-12-2018,444.39028
01-01-2019,-602.5501298
01-02-2019,2417.746777
01-03-2019,4890.791632
01-04-2019,3052.605592
01-05-2019,1135.068921
01-06-2019,373.7849383
01-07-2019,-1804.830231
01-08-2019,-2472.711633
01-09-2019,1058.110575
01-10-2019,1741.003062
01-11-2019,3531.144815
01-12-2019,1030.781289
01-01-2020,1699.893064
01-02-2020,254.5625507
01-03-2020,-8335.193885
01-04-2020,-902.9232826
01-05-2020,1925.560812
01-06-2020,2882.943485
01-07-2020,1008.450211
01-08-2020,6304.866675
01-09-2020,-1059.110725
01-10-2020,2660.118808
01-11-2020,8132.287898
01-12-2020,8426.770516
01-01-2021,2663.475741
01-02-2021,3544.257101
01-03-2021,1439.972085
01-04-2021,-1297.012636
01-05-2021,-403.2252121
01-06-2021,2340.323167
01-07-2021,-1517.35137
01-08-2021,280.7779891
01-09-2021,1788.075077
01-10-2021,-1808.665735
01-11-2021,-798.0373846
01-12-2021,-2524.270119
01-01-2022,-4473.768699
01-02-2022,-4745.399292
01-03-2022,-5393.589856
01-04-2022,-2250.786191
01-05-2022,-5172.477033
01-06-2022,-6430.109518
01-07-2022,626.7202083
01-08-2022,6436.350678
01-09-2022,-950.2072439
01-10-2022,-1.006799638
01-11-2022,4429.584362
01-12-2022,1348.341299
01-01-2023,-3522.852801
01-02-2023,-640.8912879
01-03-2023,964.366011
01-04-2023,1418.033333
01-05-2023,5323.821046
01-06-2023,5733.460206
01-07-2023,5674.577898
01-08-2023,1481.21305
01-09-2023,-1778.199223
01-10-2023,-2949.187208
01-11-2023,1080.551624
01-12-2023,7941.365559
01-01-2024,-3097.118163
01-02-2024,185.4884863
01-03-2024,4228.834117
01-04-2024,-1039.64569
01-05-2024,-3068.165003
01-06-2024,3182.490542
01-07-2024,3871.6399
01-08-2024,872.5201079
01-09-2024,6887.587333
01-10-2024,-11188.56287
01-11-2024,-2561.721531
01-12-2024,1817.529755
01-01-2025,-9044.950262
01-02-2025,-3971.563872
01-03-2025,-458.531528
01-04-2025,493.6009734
01-05-2025,2331.295156
01-06-2025,1698.45133
01-07-2025,
01-08-2025,
01-09-2025,
01-10-2025,
01-11-2025,
01-12-2025,
01-01-2026,
01-02-2026,
01-03-2026,
01-04-2026,
