,fpi_flows_inr_cr
2000-01-01,184.0
2000-02-01,2727.0
2000-03-01,1360.0
2000-04-01,2438.06
2000-05-01,172.17
2000-06-01,-985.51
2000-07-01,-1569.19
2000-08-01,1626.01
2000-09-01,-454.2
2000-10-01,76.32
2000-11-01,1090.11
2000-12-01,-461.78
2001-01-01,3971.58
2001-02-01,1574.14
2001-03-01,2204.8
2001-04-01,1695.0
2001-05-01,1031.0
2001-06-01,809.0
2001-07-01,773.0
2001-08-01,270.0
2001-09-01,-229.0
2001-10-01,605.0
2001-11-01,162.0
2001-12-01,279.0
2002-01-01,370.0
2002-02-01,2024.0
2002-03-01,484.0
2002-04-01,-82.0
2002-05-01,-154.0
2002-06-01,-183.0
2002-07-01,305.0
2002-08-01,192.0
2002-09-01,422.0
2002-10-01,-444.0
2002-11-01,342.0
2002-12-01,457.0
2003-01-01,1088.0
2003-02-01,433.0
2003-03-01,293.0
2003-04-01,572.38
2003-05-01,1232.95
2003-06-01,2592.95
2003-07-01,2495.89
2003-08-01,2058.07
2003-09-01,4047.69
2003-10-01,6939.72
2003-11-01,3282.39
2003-12-01,6290.59
2004-01-01,2492.86
2004-02-01,3182.74
2004-03-01,8811.8
2004-04-01,4207.86
2004-05-01,-3151.29
2004-06-01,511.0
2004-07-01,1292.83
2004-08-01,2850.25
2004-09-01,2815.61
2004-10-01,3952.04
2004-11-01,6344.57
2004-12-01,5890.0
2005-01-01,1324.24
2005-02-01,7493.76
2005-03-01,7885.58
2005-04-01,-946.0
2005-05-01,-587.0
2005-06-01,5699.0
2005-07-01,7391.0
2005-08-01,4085.0
2005-09-01,3258.0
2005-10-01,-3808.0
2005-11-01,4559.0
2005-12-01,9615.0
2006-01-01,5177.0
2006-02-01,7859.0
2006-03-01,6348.0
2006-04-01,722.07
2006-05-01,-8930.32
2006-06-01,1781.87
2006-07-01,1073.16
2006-08-01,3998.05
2006-09-01,4624.13
2006-10-01,5805.01
2006-11-01,7028.59
2006-12-01,-1869.49
2007-01-01,3184.86
2007-02-01,4279.07
2007-03-01,2057.05
2007-04-01,4752.88
2007-05-01,3242.17
2007-06-01,7210.02
2007-07-01,19515.29
2007-08-01,-6476.32
2007-09-01,19823.4
2007-10-01,16375.64
2007-11-01,-3052.11
2007-12-01,5054.92
2008-01-01,-13000.98
2008-02-01,7784.26
2008-03-01,1354.39
2008-04-01,1475.95
2008-05-01,-3378.41
2008-06-01,-10429.39
2008-07-01,-1653.81
2008-08-01,-2808.24
2008-09-01,-7548.91
2008-10-01,-13461.39
2008-11-01,-2607.45
2008-12-01,2207.88
2009-01-01,-3897.01
2009-02-01,-1758.84
2009-03-01,521.87
2009-04-01,8122.99
2009-05-01,21114.76
2009-06-01,4331.55
2009-07-01,11987.48
2009-08-01,3847.28
2009-09-01,20334.61
2009-10-01,8558.21
2009-11-01,5728.01
2009-12-01,10600.75
2010-01-01,-2435.27
2010-02-01,2734.14
2010-03-01,19976.61
2010-04-01,8967.15
2010-05-01,-8646.79
2010-06-01,9447.08
2010-07-01,17017.95
2010-08-01,10397.24
2010-09-01,29506.91
2010-10-01,24634.29
2010-11-01,17874.47
2010-12-01,2169.53
2011-01-01,-6147.0
2011-02-01,-3878.0
2011-03-01,9417.0
2011-04-01,3249.49
2011-05-01,-2546.08
2011-06-01,5513.25
2011-07-01,5621.42
2011-08-01,-8943.93
2011-09-01,2853.01
2011-10-01,2798.4
2011-11-01,-3928.91
2011-12-01,-16.65
2012-01-01,11339.19
2012-02-01,25191.96
2012-03-01,8786.7
2012-04-01,-1218.0
2012-05-01,-1332.0
2012-06-01,4072.0
2012-07-01,7800.0
2012-08-01,9866.0
2012-09-01,20938.0
2012-10-01,10346.0
2012-11-01,11096.0
2012-12-01,23490.0
2013-01-01,22416.0
2013-02-01,22095.0
2013-03-01,11056.0
2013-04-01,6140.96
2013-05-01,20784.34
2013-06-01,-9374.18
2013-07-01,-6310.0
2013-08-01,-5804.64
2013-09-01,13062.18
2013-10-01,18323.91
2013-11-01,7625.6
2013-12-01,15716.16
2014-01-01,323.63
2014-02-01,2959.05
2014-03-01,22075.38
2014-04-01,7923.0
2014-05-01,16844.0
2014-06-01,11260.0
2014-07-01,11072.44
2014-08-01,6829.46
2014-09-01,6061.83
2014-10-01,387.1
2014-11-01,13708.75
2014-12-01,-909.95
2015-01-01,18063.0
2015-02-01,8776.0
2015-03-01,10228.0
2015-04-01,7761.0
2015-05-01,-475.0
2015-06-01,-5801.0
2015-07-01,5980.0
2015-08-01,-16334.0
2015-09-01,-5061.0
2015-10-01,5104.0
2015-11-01,-5081.0
2015-12-01,1098.0
2016-01-01,-10060.0
2016-02-01,-7626.0
2016-03-01,25613.0
2016-04-01,6929.0
2016-05-01,2561.0
2016-06-01,5133.0
2016-07-01,10993.0
2016-08-01,10254.0
2016-09-01,10064.0
2016-10-01,-5050.0
2016-11-01,-17355.0
2016-12-01,-8624.0
2017-01-01,-1373.0
2017-02-01,11111.0
2017-03-01,33683.0
2017-04-01,-1740.0
2017-05-01,10930.0
2017-06-01,3667.0
2017-07-01,4592.0
2017-08-01,-11824.0
2017-09-01,-11776.0
2017-10-01,-1110.0
2017-11-01,15798.0
2017-12-01,-1432.0
2018-01-01,14466.0
2018-02-01,-11834.0
2018-03-01,16850.0
2018-04-01,-5552.21
2018-05-01,-10060.03
2018-06-01,-4831.22999999999
2018-07-01,2263.92
2018-08-01,1775.41
2018-09-01,-10824.7
2018-10-01,-28921.17
2018-11-01,5980.89
2018-12-01,3143.21999999999
2019-01-01,-4262.01
2019-02-01,17219.62
2019-03-01,33980.56
2019-04-01,21193.45
2019-05-01,7919.73
2019-06-01,2595.52
2019-07-01,-12418.73
2019-08-01,-17592.28
2019-09-01,7547.89
2019-10-01,12367.99
2019-11-01,25230.63
2019-12-01,7338.4
2020-01-01,12122.58
2020-02-01,1819.83
2020-03-01,-61972.75
2020-04-01,-6883.57
2020-05-01,14568.77
2020-06-01,21831.62
2020-07-01,7562.71
2020-08-01,47079.65
2020-09-01,-7782.53
2020-10-01,19540.73
2020-11-01,60357.67
2020-12-01,62015.68
2021-01-01,19472.5099999999
2021-02-01,25786.7599999999
2021-03-01,10481.9599999999
2021-04-01,-9659.14
2021-05-01,-2954.34
2021-06-01,17215.0099999999
2021-07-01,-11308.36
2021-08-01,2082.94
2021-09-01,13153.69
2021-10-01,-13549.67
2021-11-01,-5945.1
2021-12-01,-19026.06
2022-01-01,-33303.45
2022-02-01,-35591.98
2022-03-01,-41123.14
2022-04-01,-17143.75
2022-05-01,-39993.22
2022-06-01,-50202.81
2022-07-01,4988.79
2022-08-01,51204.42
2022-09-01,-7623.66
2022-10-01,-8.29
2022-11-01,36238.66
2022-12-01,11118.99
2023-01-01,-28852.02
2023-02-01,-5294.31
2023-03-01,7935.63
2023-04-01,11630.82
2023-05-01,43838.11
2023-06-01,47148.3399999999
2023-07-01,46617.76
2023-08-01,12262.28
2023-09-01,-14767.5
2023-10-01,-24547.66
2023-11-01,9000.78
2023-12-01,66134.66
2024-01-01,-25743.55
2024-02-01,1538.88
2024-03-01,35098.32
2024-04-01,-8671.27
2024-05-01,-25586.33
2024-06-01,26564.54
2024-07-01,32364.84
2024-08-01,7320.12
2024-09-01,57723.64
2024-10-01,-94016.95
2024-11-01,-21611.8
2024-12-01,15446.5
2025-01-01,-78026.94
2025-02-01,-34574.35
2025-03-01,-3972.61
2025-04-01,4223.31
2025-05-01,19860.23
2025-06-01,14590.28
