,gdp_us_usd
01-01-1995,7.63975E+12
01-01-1996,8.07312E+12
01-01-1997,8.57755E+12
01-01-1998,9.06282E+12
01-01-1999,9.63117E+12
01-01-2000,1.02509E+13
01-01-2001,1.05819E+13
01-01-2002,1.09291E+13
01-01-2003,1.14564E+13
01-01-2004,1.22172E+13
01-01-2005,1.30392E+13
01-01-2006,1.38156E+13
01-01-2007,1.44742E+13
01-01-2008,1.47699E+13
01-01-2009,1.44781E+13
01-01-2010,1.5049E+13
01-01-2011,1.55997E+13
01-01-2012,1.6254E+13
01-01-2013,1.68432E+13
01-01-2014,1.75507E+13
01-01-2015,1.8206E+13
01-01-2016,1.86951E+13
01-01-2017,1.94773E+13
01-01-2018,2.05331E+13
01-01-2019,2.1381E+13
01-01-2020,2.10605E+13
01-01-2021,2.33151E+13
01-01-2022,2.56048E+13
01-01-2023,2.72922E+13
01-01-2024,2.8751E+13
