,gdp_pc_india
01-01-1995,375.1760054
01-01-1996,401.0467547
01-01-1997,416.2281162
01-01-1998,413.6308641
01-01-1999,441.9279914
01-01-2000,442.7502189
01-01-2001,450.3579005
01-01-2002,469.149929
01-01-2003,544.1431335
01-01-2004,624.2588265
01-01-2005,710.4880804
01-01-2006,801.6683537
01-01-2007,1021.887077
01-01-2008,992.5195849
01-01-2009,1094.949746
01-01-2010,1347.519391
01-01-2011,1445.461275
01-01-2012,1429.321995
01-01-2013,1432.843975
01-01-2014,1553.883961
01-01-2015,1583.998159
01-01-2016,1707.508929
01-01-2017,1950.104683
01-01-2018,1966.254552
01-01-2019,2041.428637
01-01-2020,1907.042516
01-01-2021,2239.613844
01-01-2022,2347.448294
01-01-2023,2530.120313
01-01-2024,2694.737809
