,gdp_india_usd
01-01-1995,3.60282E+11
01-01-1996,3.92897E+11
01-01-1997,4.15868E+11
01-01-1998,4.21351E+11
01-01-1999,4.58821E+11
01-01-2000,4.68396E+11
01-01-2001,4.8544E+11
01-01-2002,5.14939E+11
01-01-2003,6.07701E+11
01-01-2004,7.09153E+11
01-01-2005,8.20384E+11
01-01-2006,9.4026E+11
01-01-2007,1.21674E+12
01-01-2008,1.1989E+12
01-01-2009,1.34189E+12
01-01-2010,1.67562E+12
01-01-2011,1.82305E+12
01-01-2012,1.82764E+12
01-01-2013,1.85672E+12
01-01-2014,2.03913E+12
01-01-2015,2.10359E+12
01-01-2016,2.2948E+12
01-01-2017,2.65147E+12
01-01-2018,2.70293E+12
01-01-2019,2.83561E+12
01-01-2020,2.67485E+12
01-01-2021,3.16727E+12
01-01-2022,3.34611E+12
01-01-2023,3.63849E+12
01-01-2024,3.90989E+12
