,gdp_pc_us
01-01-1995,28690.8757
01-01-1996,29967.71272
01-01-1997,31459.13898
01-01-1998,32853.67695
01-01-1999,34515.39023
01-01-2000,36329.95607
01-01-2001,37133.62311
01-01-2002,37997.75966
01-01-2003,39490.27496
01-01-2004,41724.63163
01-01-2005,44123.40707
01-01-2006,46302.00088
01-01-2007,48050.22378
01-01-2008,48570.04598
01-01-2009,47194.94335
01-01-2010,48642.61002
01-01-2011,50024.8688
01-01-2012,51708.40116
01-01-2013,53179.01276
01-01-2014,54973.42075
01-01-2015,56572.9189
01-01-2016,57638.10184
01-01-2017,59635.09844
01-01-2018,62499.87444
01-01-2019,64746.45068
01-01-2020,63515.94918
01-01-2021,70205.05092
01-01-2022,76657.24888
01-01-2023,81032.26212
01-01-2024,84534.04078
